CASE_ID,ACCIDENT_YEAR,PROC_DATE,JURIS,COLLISION_DATE,COLLISION_TIME,OFFICER_ID,REPORTING_DISTRICT,DAY_OF_WEEK,CHP_SHIFT,POPULATION,CNTY_CITY_LOC,SPECIAL_COND,BEAT_TYPE,CHP_BEAT_TYPE,CITY_DIVISION_LAPD,CHP_BEAT_CLASS,BEAT_NUMBER,PRIMARY_RD,SECONDARY_RD,DISTANCE,DIRECTION,INTERSECTION,WEATHER_1,WEATHER_2,STATE_HWY_IND,CALTRANS_COUNTY,CALTRANS_DISTRICT,STATE_ROUTE,ROUTE_SUFFIX,POSTMILE_PREFIX,POSTMILE,LOCATION_TYPE,RAMP_INTERSECTION,SIDE_OF_HWY,TOW_AWAY,COLLISION_SEVERITY,NUMBER_KILLED,NUMBER_INJURED,PARTY_COUNT,PRIMARY_COLL_FACTOR,PCF_CODE_OF_VIOL,PCF_VIOL_CATEGORY,PCF_VIOLATION,PCF_VIOL_SUBSECTION,HIT_AND_RUN,TYPE_OF_COLLISION,MVIW,PED_ACTION,ROAD_SURFACE,ROAD_COND_1,ROAD_COND_2,LIGHTING,CONTROL_DEVICE,CHP_ROAD_TYPE,PEDESTRIAN_ACCIDENT,BICYCLE_ACCIDENT,MOTORCYCLE_ACCIDENT,TRUCK_ACCIDENT,NOT_PRIVATE_PROPERTY,ALCOHOL_INVOLVED,STWD_VEHTYPE_AT_FAULT,CHP_VEHTYPE_AT_FAULT,COUNT_SEVERE_INJ,COUNT_VISIBLE_INJ,COUNT_COMPLAINT_PAIN,COUNT_PED_KILLED,COUNT_PED_INJURED,COUNT_BICYCLIST_KILLED,COUNT_BICYCLIST_INJURED,COUNT_MC_KILLED,COUNT_MC_INJURED,PRIMARY_RAMP,SECONDARY_RAMP,LATITUDE,LONGITUDE,COUNTY,CITY,POINT_X,POINT_Y
90523616,2017,2017-08-15,9280,2017-08-04,0145,018205,,5,3,9,5700,0,2,4,,1,021,"LOCUST ST","DIXON ST",26.00,N,N,A,-,N,,,,,,,,,,Y,4,0,1,1,A,-,03,22350,,N,F,I,A,A,H,-,C,A,0,,,,Y,Y,,F,26,0,0,1,0,0,0,0,0,0,"- ","- ",38.795340000000003,-121.72275,YOLO,UNINCORPORATED,-121.72276497,38.795294470000002
90534870,2017,2017-08-28,9280,2017-08-15,1415,016292,,2,2,9,5700,0,1,1,,2,020,"I-5 S/B","COUNTY ROAD 95",3960.00,S,N,A,-,Y,,,5,,,,,,S,Y,3,0,1,1,A,-,08,22107,,N,E,J,A,A,H,-,A,D,0,,,,,Y,,A,01,0,1,0,0,0,0,0,0,0,"- ","- ",38.769599999999997,-121.8522,YOLO,UNINCORPORATED,-121.85217731,38.769630429999999
90537260,2017,2017-08-30,9280,2017-08-13,1845,015128,,7,2,9,5700,0,3,5,,2,003,CR-6,CR-88,1300.00,E,N,A,-,N,,,,,,,,,,Y,3,0,2,1,A,-,01,23152,A,N,E,C,A,A,H,-,A,D,0,,,,,Y,Y,A,07,0,2,0,0,0,0,0,0,0,"- ","- ",38.881599999999999,-121.9819,YOLO,UNINCORPORATED,-121.98502214,38.881691330000002
90537289,2017,2017-08-30,9280,2017-08-21,2208,016929,,1,3,4,5704,0,1,2,,2,011,"US-50 E/B","WESTACRE RD",360.00,W,N,A,-,Y,,,50,,,,,,E,Y,2,0,4,2,A,-,03,22350,,N,C,C,A,A,D,-,A,A,0,,,,,Y,,A,01,1,0,3,0,0,0,0,0,0,"- ","- ",38.575699999999998,-121.53191,YOLO,"WEST SACRAMENTO",-121.53190651,38.575685819999997
90537825,2017,2017-08-31,9280,2017-08-23,1655,020830,,3,2,4,5704,0,1,2,,2,011,US-50,"JEFFERSON BLVD",3813.00,W,N,A,-,Y,,,,,,,,,,N,4,0,1,2,A,-,03,22350,,N,B,C,A,A,H,-,A,D,0,,,Y,,Y,,C,02,0,0,1,0,0,0,0,0,1,"- ","- ",38.574950000000001,-121.57495,YOLO,"WEST SACRAMENTO",-121.53813463,38.575130000000001
90543585,2017,2017-09-08,9280,2017-08-28,0755,019644,,1,1,4,5703,0,3,5,,2,002,"COUNTY ROAD 25A",SR-113,130.00,W,N,A,-,N,,,,,,,,,,Y,4,0,2,2,A,-,03,22350,,N,C,C,A,A,H,-,A,D,0,,,,,Y,,A,01,0,0,2,0,0,0,0,0,0,"- ","- ",38.641089999999998,-121.76157000000001,YOLO,WOODLAND,-121.76054519,38.641035029999998
90545648,2017,2017-09-12,9280,2017-09-02,1015,016289,,6,1,5,5701,0,1,1,,2,010,"I-80 E/B","MACE BOULEVARD",3960.00,W,N,A,-,Y,,,,,,,,,,N,4,0,1,2,A,-,03,22350,,N,C,C,A,A,H,-,A,D,0,,,,,Y,,A,01,0,0,1,0,0,0,0,0,0,"- ","- ",38.55104,-121.69678999999999,YOLO,DAVIS,-121.70771000000001,38.549849999999999
90545762,2017,2017-09-12,9280,2017-09-06,0611,018276,,3,1,9,5700,0,1,1,,2,010,"I-80 E/B","ENTERPRISE BOULEVARD",1300.00,W,N,A,-,Y,,,80,,,,,,E,Y,4,0,4,3,A,-,08,22107,,N,E,I,A,A,B,-,B,D,0,,,,,Y,,A,01,0,0,4,0,0,0,0,0,0,"- ","- ",38.57349,-121.58202,YOLO,UNINCORPORATED,-121.58201996,38.573489719999998
90546988,2017,2017-09-13,9280,2017-09-02,1445,015492,,6,2,9,5700,0,1,3,,2,034,"SR-16 E/B","COUNTY ROAD 32",230.00,W,N,A,-,Y,,,16,,,,,,E,N,3,0,2,1,A,-,03,22350,,N,E,J,A,A,A,-,A,D,0,,,,,Y,,A,01,0,1,1,0,0,0,0,0,0,"- ","- ",38.703479999999999,-122.10451,YOLO,UNINCORPORATED,-122.10451005,38.70346593
90553747,2017,2017-09-22,9280,2017-09-15,0538,017883,,5,3,9,5700,0,3,5,,2,002,"OLD RIVER RD","COUNTY ROAD 124",843.00,N,N,A,-,N,,,,,,,,,,Y,3,0,1,1,A,-,08,22107,,N,E,I,A,A,H,-,D,D,0,,,,,Y,,A,01,0,1,0,0,0,0,0,0,0,"- ","- ",38.661940000000001,-121.61512,YOLO,UNINCORPORATED,-121.61587135000001,38.662601350000003
90553886,2017,2017-09-22,9280,2017-09-15,1930,018205,,5,2,9,5700,0,1,3,,2,022,"SR-113 S/B","COUNTY ROAD 29",528.00,N,N,A,-,Y,,,113,,,,,,S,Y,3,0,1,2,A,-,03,22350,,N,B,C,A,A,H,-,D,D,0,,,,Y,Y,,D,22,0,1,0,0,0,0,0,0,0,"- ","- ",38.568460000000002,-121.76783,YOLO,UNINCORPORATED,-121.76791519,38.568461360000001
90565637,2017,2017-10-09,9280,2017-09-19,1023,019621,,2,1,9,5700,0,1,1,,2,030,"I-5 S/B","COUNTY ROAD 8",950.00,N,N,A,-,Y,,,5,,,,,,S,Y,3,0,3,4,A,-,03,22350,,N,C,C,A,A,H,-,A,A,0,,,,Y,Y,,D,22,0,2,1,0,0,0,0,0,0,"- ","- ",38.862259999999999,-121.95537,YOLO,UNINCORPORATED,-121.95514652,38.862486050000001
90566147,2017,2017-10-09,9280,2017-09-25,1830,015079,,1,2,9,5700,0,3,5,,2,002,"COUNTY ROAD 29","COUNTY ROAD 99D",390.00,E,N,A,-,Y,,,,,,,,,,Y,4,0,2,2,A,-,09,21801,A,N,D,C,A,A,D,-,B,D,0,,,,,Y,,A,07,0,0,2,0,0,0,0,0,0,"- ","- ",38.590200000000003,-121.76909999999999,YOLO,UNINCORPORATED,-121.76915536,38.59025303
90567679,2017,2017-10-11,9280,2017-09-30,1615,016289,,6,2,5,5701,0,1,1,,2,010,"I-80 E/B","CHILES ROAD",5280.00,W,N,A,-,Y,,,,,,,,,,Y,3,0,2,3,A,-,03,22350,,N,C,C,A,A,H,-,A,D,0,,,,,Y,,A,01,0,1,1,0,0,0,0,0,0,"- ","- ",38.559559999999998,-121.66114,YOLO,DAVIS,,
90572353,2017,2017-10-18,9280,2017-10-02,0435,019644,,1,3,9,5700,0,3,5,,2,001,"OLD RIVER ROAD","COUNTY ROAD 124",0.00,,N,A,-,N,,,,,,,,,,Y,3,0,2,2,A,-,05,21460,A,N,A,C,A,A,H,-,D,D,0,,,,,Y,,A,01,0,1,1,0,0,0,0,0,0,"- ","- ",38.652819999999998,-121.60484,YOLO,UNINCORPORATED,-121.61373992,38.661049890000001
9057287,2020,2020-12-15,5704,2020-04-14,1229,06210,,2,5,4,5704,0,0,0,,0,002,"HARBOR BL","RT 50",0.00,,Y,A,-,Y,YOL,3,50,-,-,1.342,R,4,E,N,3,0,1,2,A,-,05,21650,,N,D,G,A,A,H,-,A,A,0,,Y,,,Y,,L,04,0,1,0,0,0,0,1,0,0,"- ",EO,38.571998596191406,-121.54853820800781,YOLO,"WEST SACRAMENTO",-121.54611968994141,38.574974060058594
90572943,2017,2017-10-18,9280,2017-10-06,0730,016289,,5,1,9,5700,0,3,5,,2,001,"SOUTH RIVER ROAD","FREEPORT BRIDGE",7920.00,S,N,A,-,N,,,,,,,,,,Y,3,0,2,2,A,-,03,22350,,N,C,C,A,A,H,-,A,D,0,,,,,Y,,A,07,0,1,1,0,0,0,0,0,0,"- ","- ",38.435659999999999,-121.52052999999999,YOLO,UNINCORPORATED,-121.51132441999999,38.436708199999998
90573470,2017,2017-10-18,9280,2017-09-09,1620,016292,,6,2,9,5700,0,1,1,,2,010,"I-80 E/B","RICHARDS BLVD.",528.00,E,N,A,-,Y,,,,,,,,,,Y,4,0,3,4,A,-,04,21703,,N,C,C,A,A,H,-,A,D,0,,,,,Y,,D,22,0,0,3,0,0,0,0,0,0,"- ","- ",38.541080000000001,-121.73412,YOLO,UNINCORPORATED,-121.73422379,38.54110532
90574032,2017,2017-10-19,9280,2017-10-12,0420,18352,,4,3,4,5704,0,1,2,,2,011,"I-80 W/B","REED AVE",3120.00,W,N,A,-,Y,,,80,,,,,,W,Y,4,0,2,2,A,-,03,22350,,N,C,C,A,A,D,-,D,D,0,,,,,Y,,A,01,0,0,2,0,0,0,0,0,0,"- ","- ",38.584290000000003,-121.55754,YOLO,"WEST SACRAMENTO",-121.55755649,38.584301240000002
9057529,2020,2020-07-28,5703,2020-04-14,1945,2834,24,2,5,4,5703,0,0,0,,0,002,"N EAST ST","KENTUCKY AV",0.00,,Y,A,-,N,,,,,,,,,,,3,0,1,2,A,-,12,21453,A,N,D,G,A,A,H,-,C,A,0,,Y,,Y,Y,Y,L,04,0,1,0,0,0,0,1,0,0,"- ","- ",38.691871643066406,-121.76531219482422,YOLO,WOODLAND,-121.76526641845703,38.691909790039062
90581042,2017,2017-10-27,9280,2017-10-21,0800,017963,,6,1,9,5700,0,3,5,,2,003,"COUNTY ROAD 99W","COUNTY ROAD 12A",1267.00,N,N,A,-,N,,,,,,,,,,Y,4,0,1,1,A,-,08,22107,,N,F,A,A,A,H,-,A,D,0,,,,,Y,,A,01,0,0,1,0,0,0,0,0,0,"- ","- ",38.811450000000001,-121.89533,YOLO,UNINCORPORATED,-121.89542218,38.811522949999997
90581186,2017,2017-10-27,9280,2017-10-23,1035,012272,,1,1,9,5700,0,1,3,,2,032,"SR-128 EB TO I-505 SB ON-RAMP",SR-128,135.00,S,N,A,-,Y,,,128,,,,R,,E,Y,2,0,1,1,A,-,08,22107,,N,F,A,A,A,H,-,A,A,0,,,,Y,Y,,G,25,1,0,0,0,0,0,0,0,0,"- ","- ",38.530500000000004,-121.95489999999999,YOLO,UNINCORPORATED,-121.95489999999999,38.530500000000004
90584380,2017,2017-11-06,9280,2017-10-17,1525,015128,,2,2,9,5700,0,1,3,,1,024,SR-16,CR-97,1584.00,E,N,A,-,Y,,,16,,,,,,,Y,4,0,1,3,A,-,03,22350,,N,C,C,A,A,H,-,A,D,0,,,,,Y,,D,22,0,0,1,0,0,0,0,0,0,"- ","- ",38.677700000000002,-121.81780000000001,YOLO,UNINCORPORATED,-121.81779951,38.677785960000001
90587781,2017,2017-11-06,9280,2017-10-07,2025,016292,,6,2,9,5700,0,1,3,,2,034,"SR-16 E/B","TUTT ST.",528.00,E,N,A,-,Y,,,16,,,,,,E,Y,4,0,2,4,A,-,03,22350,,N,C,C,A,A,H,-,D,D,0,,,,,Y,,A,07,0,0,2,0,0,0,0,0,0,"- ","- ",38.682290000000002,-121.97092000000001,YOLO,UNINCORPORATED,-121.97091945,38.682293710000003
90587866,2017,2017-11-06,9280,2017-10-25,0150,015353,,3,3,9,5700,0,1,1,,2,020,"I-5 S/B","COUNTY ROAD 124",5280.00,N,N,A,-,Y,,,5,,,,,,S,Y,3,0,2,2,A,-,03,22350,,N,C,C,A,A,H,-,D,D,0,,,,,Y,,A,01,0,1,1,0,0,0,0,0,0,"- ","- ",38.673279999999998,-121.66101999999999,YOLO,UNINCORPORATED,-121.66101972,38.673333839999998
90592720,2017,2017-11-13,9280,2017-09-27,1355,016042,,3,1,9,5700,0,3,5,,2,003,"COUNTY ROAD 86","COUNTY ROAD 14",1000.00,S,N,A,-,N,,,,,,,,,,Y,3,0,1,1,A,-,01,23152,A,N,F,I,A,A,B,-,A,D,0,,,,,Y,Y,A,01,0,1,0,0,0,0,0,0,0,"- ","- ",38.776490000000003,-122.02571,YOLO,UNINCORPORATED,-122.02567058,38.778313670000003
90597536,2017,2017-11-20,9280,2017-11-09,1525,017883,,4,2,9,5700,0,1,1,,2,020,"I-5 S/B","COUNTY ROAD 22",10032.00,N,N,A,-,Y,,,5,,,,,,S,Y,4,0,1,2,A,-,03,22350,,N,C,C,A,A,H,-,A,D,0,,,,,Y,,A,01,0,0,1,0,0,0,0,0,0,"- ","- ",38.673549999999999,-121.67355000000001,YOLO,UNINCORPORATED,-121.67354999,38.67339776
90598518,2017,2017-11-20,9280,2017-07-29,1210,017963,,6,1,9,5700,0,3,5,,2,003,"COUNTY ROAD 90A","COUNTY ROAD 19",28.00,N,N,A,-,N,,,,,,,,,,Y,1,1,0,2,A,-,01,23152,F,N,D,C,A,A,H,-,A,D,0,,,Y,,Y,,C,02,0,0,0,0,0,0,0,1,0,"- ","- ",38.719520000000003,-121.95644,YOLO,UNINCORPORATED,-121.95636476,38.719476790000002
9060247,2020,2020-03-09,5701,2020-02-20,2036,79,5,4,5,5,5701,0,0,0,,0,002,"L ST","EAST 8TH ST",0.00,,Y,A,-,N,,,,,,,,,,N,3,0,1,2,A,-,10,21950,A,N,G,B,B,A,H,-,C,A,0,Y,,,,Y,,J,48,0,1,0,0,1,0,0,0,0,"- ","- ",38.552799224853516,-121.73478698730469,YOLO,DAVIS,-121.73480224609375,38.552780151367188
90602719,2017,2017-11-27,9280,2017-10-13,2040,018205,,5,2,9,5700,0,3,5,,2,003,"BONYAGNE ST","GRAFTON ST",75.00,S,N,A,-,N,,,,,,,,,,N,4,0,1,2,A,-,21,22106,,N,C,C,A,A,H,-,C,D,0,,,,,Y,,A,07,0,0,1,0,0,0,0,0,0,"- ","- ",38.69312,-122.01488999999999,YOLO,UNINCORPORATED,-122.01495140999999,38.692916889999999
90619392,2017,2018-05-08,9280,2017-12-05,0055,019644,,2,3,9,5700,0,3,5,,2,003,"COUNTY RD 99W","COUNTY LINE RD",0.00,,N,A,-,N,,,,,,,,,,Y,2,0,1,2,A,-,01,23152,A,N,E,E,A,A,D,-,D,D,0,,,,,Y,Y,A,01,1,0,0,0,0,0,0,0,0,"- ","- ",38.918959999999998,-121.99206,YOLO,UNINCORPORATED,-121.99664995000001,38.925499909999999
90622269,2017,2017-12-21,9280,2017-12-14,1710,016144,,4,2,9,5700,0,3,5,,2,003,"COUNTY ROAD 24","COUNTY ROAD 93",3696.00,W,N,A,-,N,,,,,,,,,,Y,3,0,1,1,A,-,08,22107,,N,F,A,A,A,H,-,D,D,0,,,,,Y,,A,01,0,1,0,0,0,0,0,0,0,"- ","- ",38.663609999999998,-121.9088,YOLO,UNINCORPORATED,-121.90805582,38.663615659999998
90630068,2017,2017-12-29,9280,2017-12-21,1455,020830,,4,2,5,5701,0,1,1,,2,010,"INTERSTATE 80 (E/B)","RICHARDS BLVD",0.00,E,N,A,-,Y,,,80,,,,,,,N,4,0,2,5,A,-,03,22350,,N,C,C,A,A,H,-,A,D,0,,,,,Y,,A,07,0,0,2,0,0,0,0,0,0,"- ","- ",38.540019999999998,-121.73557,YOLO,DAVIS,-121.73554932,38.539995279999999
90635177,2017,2018-01-08,9280,2017-11-04,1810,016292,,6,2,9,5700,0,1,1,,2,020,"I-5 N/B TO CR-18",CR-18,130.00,S,N,B,-,Y,,,5,,,,R,,N,Y,2,0,4,4,A,-,01,23153,A,F,G,B,E,A,H,-,B,D,0,Y,,,,Y,,A,07,2,2,0,0,2,0,0,0,0,"- ","- ",38.719140000000003,-121.79902,YOLO,UNINCORPORATED,-121.79902,38.719140000000003
90638856,2017,2018-01-12,9280,2017-11-09,1715,016144,,4,2,9,5700,0,3,5,,2,003,"COUNTY ROAD 99W N/B","COUNTY ROAD 95",1584.00,N,N,B,-,N,,,,,,,,,,Y,1,1,0,1,A,-,01,23152,A,N,E,I,A,A,H,-,B,D,0,,,,,Y,Y,A,01,0,0,0,0,0,0,0,0,0,"- ","- ",38.78463,-121.86713,YOLO,UNINCORPORATED,-121.86252831,38.78034478
9064141,2020,2020-05-14,5703,2020-02-28,0808,2842,52,5,5,4,5703,0,0,0,,0,003,"W CROSS ST","CALIFORNIA ST",14.00,E,N,A,-,N,,,,,,,,,,N,3,0,1,2,A,-,10,21950,A,N,G,B,B,A,H,-,A,A,0,Y,,,,Y,,A,01,0,1,0,0,1,0,0,0,0,"- ","- ",,,YOLO,WOODLAND,-121.78958129882812,38.672122955322266
90641534,2018,2018-01-17,9280,2018-01-09,0440,019720,,2,3,9,5700,0,1,2,,2,011,"I-80 W/B","HARBOR BLVD",3696.00,E,N,B,C,Y,,,,,,,,,,Y,4,0,1,1,A,-,08,22107,,N,E,I,A,B,H,-,D,D,0,,,,,Y,,D,22,0,0,1,0,0,0,0,0,0,"- ","- ",38.575019836425781,-121.55729675292969,YOLO,UNINCORPORATED,-121.54265594482422,38.606113433837891
90645641,2018,2018-01-23,9280,2018-01-16,1745,016292,,2,2,9,5700,0,1,2,,2,011,"US-50 E/B","JEFFERSON BLVD.",100.00,E,N,B,-,Y,,,,,,,,,,Y,3,0,1,2,A,-,03,22350,,N,C,C,A,A,H,-,D,D,0,,,,,Y,,A,07,0,1,0,0,0,0,0,0,0,"- ","- ",38.576969146728516,-121.52468109130859,YOLO,UNINCORPORATED,-121.52474212646484,38.577011108398438
9065459,2020,2020-05-19,5703,2020-02-19,1652,2885,71,3,5,4,5703,0,0,0,,0,004,"KINCHELOE CT","ANDREW STEVENS DR",22.00,N,N,A,-,N,,,,,,,,,,N,4,0,1,2,A,-,08,22107,,N,B,C,A,A,H,-,A,D,0,,,,Y,Y,,A,01,0,0,1,0,0,0,0,0,0,"- ","- ",38.670059204101562,-121.73139953613281,YOLO,WOODLAND,-121.73137664794922,38.670108795166016
90665058,2018,2018-02-20,9280,2018-02-12,0835,017963,,1,1,4,5704,0,1,2,,2,011,"US-50 W/B","I-80 E/B",580.00,E,N,A,-,Y,,,50,,,,,,W,Y,3,0,2,2,A,-,03,22350,,N,C,C,A,A,H,-,A,D,0,,,,,Y,,A,08,0,2,0,0,0,0,0,0,0,"- ","- ",38.575370788574219,-121.56038665771484,YOLO,"WEST SACRAMENTO",-121.56038665771484,38.575416564941406
90669970,2018,2018-02-26,9280,2018-02-19,1845,018874,,1,2,4,5703,0,1,1,,2,020,"I-5 N/B","WEST STREET",2112.00,S,N,A,-,Y,,,,,,,,,,N,4,0,1,2,A,-,08,22107,,N,D,C,A,A,H,-,D,D,0,,,,,Y,,A,01,0,0,1,0,0,0,0,0,0,"- ","- ",38.699489593505859,-121.77822113037109,YOLO,WOODLAND,,
90672852,2018,2018-03-01,9280,2018-02-28,0926,016289,,3,1,4,5704,0,1,1,,2,010,"I-80 W/B","ENTERPRISE BOULEVARD",620.00,E,N,A,-,Y,,,80,,,,,,W,N,3,0,2,3,A,-,03,22350,,N,C,C,A,A,H,-,A,D,0,,,,,Y,,D,22,0,1,1,0,0,0,0,0,0,"- ","- ",38.577720642089844,-121.56282043457031,YOLO,"WEST SACRAMENTO",-121.56256103515625,38.577354431152344
90673537,2018,2018-03-02,9280,2018-02-28,0620,017964,,3,1,4,5704,0,1,2,,2,011,"US-50 EB","HARBOR BLVD",1882.00,W,N,A,-,Y,,,50,,,,,,E,Y,4,0,1,1,A,-,08,22107,,N,E,I,A,A,H,-,B,A,0,,,,,Y,,A,07,0,0,1,0,0,0,0,0,0,"- ","- ",38.574821472167969,-121.55446624755859,YOLO,"WEST SACRAMENTO",-121.55446624755859,38.574958801269531
90673613,2018,2018-03-02,9280,2018-03-01,0925,18352,,4,1,4,5704,0,1,1,,2,010,"I-80 W/B","ENTERPRISE BLVD",3300.00,E,N,C,G,Y,,,80,,,,,,W,Y,4,0,1,1,A,-,08,22107,,N,E,I,A,B,H,-,A,D,0,,,,,Y,,A,01,0,0,1,0,0,0,0,0,0,"- ","- ",38.575649261474609,-121.56580352783203,YOLO,"WEST SACRAMENTO",-121.56582641601562,38.57598876953125
90675197,2018,2018-03-05,9280,2018-02-26,2000,019644,,1,2,9,5700,0,3,5,,2,003,"COUNTY ROAD 23","COUNTY ROAD 87B",1584.00,W,N,B,-,N,,,,,,,,,,Y,4,0,1,1,A,-,08,22107,,N,E,I,A,A,H,-,D,D,0,,,,,Y,,D,22,0,0,1,0,0,0,0,0,0,"- ","- ",38.670261383056641,-122.00405883789062,YOLO,UNINCORPORATED,-122.0040283203125,38.670188903808594
90681430,2018,2018-03-13,9280,2018-02-26,1840,015079,,1,2,9,5700,0,3,5,,2,001,"CLARKSBURG RD","COUNTY ROAD 146B",1056.00,W,N,B,-,N,,,,,,,,,,Y,3,0,1,1,A,-,01,23152,A,N,E,I,A,B,H,-,D,D,0,,,,,Y,Y,A,01,0,1,0,0,0,0,0,0,0,"- ","- ",38.414699554443359,-121.54209899902344,YOLO,UNINCORPORATED,-121.54181671142578,38.414741516113281
90681685,2018,2018-03-14,9280,2018-02-13,0635,017629,,2,1,9,5700,0,1,1,,2,020,"STATE ROUTE 113","COUNTY ROAD 27",1056.00,S,N,B,-,Y,,,113,,,,,,,N,4,0,1,2,A,-,07,21658,A,M,B,C,A,B,H,-,A,D,0,,,,,Y,,-,31,0,0,1,0,0,0,0,0,0,"- ","- ",38.613620758056641,-121.76686859130859,YOLO,UNINCORPORATED,-121.76697540283203,38.613620758056641
90683596,2018,2018-05-03,9280,2018-03-14,1941,013837,,3,2,9,5700,0,1,1,,2,010,"I-80 W/B","WEBSTER ST",6547.00,E,N,B,-,Y,,,80,,,,,,W,Y,4,0,1,3,A,-,03,22350,,N,C,C,A,A,H,-,C,D,0,,,,,Y,,D,22,0,0,1,0,0,0,0,0,0,"- ","- ",38.567428588867188,-121.61660766601562,YOLO,UNINCORPORATED,-121.61661529541016,38.567459106445312
90686942,2018,2018-03-21,9280,2018-03-15,1813,020830,,4,2,9,5700,0,1,3,,2,022,"STATE ROUTE 113 (S/B)","HUTCHINSON DR",100.00,N,N,B,C,Y,,,113,,,,,,,Y,3,0,1,2,A,-,03,22350,,N,B,C,A,B,G,H,A,D,0,,,,,Y,,A,01,0,1,0,0,0,0,0,0,0,"- ","- ",38.537059783935547,-121.76863861083984,YOLO,UNINCORPORATED,-121.76856994628906,38.537055969238281
90687985,2018,2018-03-22,9280,2018-03-14,1850,016144,,3,2,9,5700,0,1,1,,2,031,"I-505 N/B","I-5 N/B",100.00,E,N,C,-,Y,,,505,,,,,,N,Y,4,0,1,1,A,-,03,22350,,N,E,I,A,B,H,-,A,D,0,,,,,Y,,A,01,0,0,1,0,0,0,0,0,0,"- ","- ",38.84857177734375,-121.94010162353516,YOLO,UNINCORPORATED,-121.93992614746094,38.848598480224609
90688397,2018,2018-03-23,9280,2018-03-22,0730,016289,,4,1,5,5701,0,1,1,,2,010,"I-80 E/B","MACE BOULEVARD",800.00,E,N,B,C,Y,,,80,,,,,,E,N,4,0,2,3,A,-,03,22350,,N,C,C,A,B,H,-,A,D,0,,,,,Y,,D,22,0,0,2,0,0,0,0,0,0,"- ","- ",38.556529998779297,-121.6778564453125,YOLO,DAVIS,-121.67787933349609,38.556617736816406
90689527,2018,2018-03-26,9280,2018-03-16,2355,018205,,5,3,9,5700,0,1,1,,2,010,"INTERSTATE 80 W/B","ENTERPRISE BLVD",8448.00,W,N,A,-,Y,,,,,,,,,,Y,4,0,1,1,A,-,08,22107,,N,E,I,A,A,H,-,D,D,0,,,,,Y,Y,A,01,0,0,1,0,0,0,0,0,0,"- ","- ",38.3406982421875,-121.36329650878906,YOLO,UNINCORPORATED,-121.60614013671875,38.569320678710938
9069498,2020,2020-07-09,5701,2020-03-03,0820,71,8,2,5,5,5701,0,0,0,,0,004,"OLIVE DR","RICHARDS BL",0.00,,Y,A,-,N,,,,,,,,,,N,3,0,1,2,A,-,09,21801,A,N,D,G,A,A,H,-,A,A,0,,Y,,,Y,,A,01,0,1,0,0,0,0,1,0,0,"- ","- ",38.540809631347656,-121.73863220214844,YOLO,DAVIS,-121.73858642578125,38.540809631347656
90696479,2018,2018-04-02,9280,2018-03-20,0435,019720,,2,3,9,5700,0,1,1,,2,010,"I-80 E/B","MACE BLVD",621.00,W,N,B,-,Y,,,,,,,,,,Y,2,0,1,1,A,-,08,22107,,N,E,I,A,A,H,-,D,D,0,,,,,Y,,A,01,1,0,0,0,0,0,0,0,0,"- ","- ",38.551948547363281,-122.69666290283203,YOLO,UNINCORPORATED,-121.69656372070312,38.552112579345703
90701211,2018,2018-04-09,9280,2018-04-01,1030,017629,,7,1,9,5700,0,1,3,,1,024,"STATE ROUTE 16",CR96,528.00,W,N,A,-,Y,,,16,,,,,,,Y,3,0,1,2,A,-,03,22350,,N,C,C,A,A,H,-,A,D,0,,,,,Y,,A,01,0,1,0,0,0,0,0,0,0,"- ","- ",38.677898406982422,-121.83405303955078,YOLO,UNINCORPORATED,-121.83405303955078,38.677848815917969
90702230,2018,2018-04-10,9280,2018-04-08,1044,017963,,7,1,4,5703,0,1,1,,2,020,SR-113,"BEAMER ST",1056.00,N,N,A,-,Y,,,,,,,,,,Y,3,0,1,1,A,-,03,22350,,N,E,I,A,A,H,-,A,D,0,,,,,Y,,E,22,0,1,0,0,0,0,0,0,0,"- ","- ",38.687938690185547,-121.75257873535156,YOLO,WOODLAND,-121.75315856933594,38.687141418457031
90702735,2018,2018-05-04,9280,2018-02-25,1417,017963,,7,2,9,5700,0,3,5,,2,003,"COUNTY ROAD 40",SR-16,480.00,S,N,A,-,N,,,,,,,,,,Y,2,0,2,1,A,-,01,23152,F,N,F,A,A,A,H,-,A,D,0,,,Y,,Y,,C,06,2,0,0,0,0,0,0,0,2,"- ","- ",38.908660888671875,-122.31059265136719,YOLO,UNINCORPORATED,-122.31063842773438,38.908599853515625
90708993,2018,2018-04-19,9280,2018-04-18,0830,016289,,3,1,4,5704,0,1,1,,2,010,"I-80 W/B","REED AVENUE",1200.00,W,N,B,-,Y,,,80,,,,,,W,N,4,0,1,2,A,-,03,22350,,N,C,C,A,A,H,-,A,D,0,,,,Y,Y,,F,26,0,0,1,0,0,0,0,0,0,"- ","- ",38.585010528564453,-121.55715179443359,YOLO,"WEST SACRAMENTO",-121.55710601806641,38.584980010986328