CASE_ID,ACCIDENT_YEAR,PROC_DATE,JURIS,COLLISION_DATE,COLLISION_TIME,OFFICER_ID,REPORTING_DISTRICT,DAY_OF_WEEK,CHP_SHIFT,POPULATION,CNTY_CITY_LOC,SPECIAL_COND,BEAT_TYPE,CHP_BEAT_TYPE,CITY_DIVISION_LAPD,CHP_BEAT_CLASS,BEAT_NUMBER,PRIMARY_RD,SECONDARY_RD,DISTANCE,DIRECTION,INTERSECTION,WEATHER_1,WEATHER_2,STATE_HWY_IND,CALTRANS_COUNTY,CALTRANS_DISTRICT,STATE_ROUTE,ROUTE_SUFFIX,POSTMILE_PREFIX,POSTMILE,LOCATION_TYPE,RAMP_INTERSECTION,SIDE_OF_HWY,TOW_AWAY,COLLISION_SEVERITY,NUMBER_KILLED,NUMBER_INJURED,PARTY_COUNT,PRIMARY_COLL_FACTOR,PCF_CODE_OF_VIOL,PCF_VIOL_CATEGORY,PCF_VIOLATION,PCF_VIOL_SUBSECTION,HIT_AND_RUN,TYPE_OF_COLLISION,MVIW,PED_ACTION,ROAD_SURFACE,ROAD_COND_1,ROAD_COND_2,LIGHTING,CONTROL_DEVICE,CHP_ROAD_TYPE,PEDESTRIAN_ACCIDENT,BICYCLE_ACCIDENT,MOTORCYCLE_ACCIDENT,TRUCK_ACCIDENT,NOT_PRIVATE_PROPERTY,ALCOHOL_INVOLVED,STWD_VEHTYPE_AT_FAULT,CHP_VEHTYPE_AT_FAULT,COUNT_SEVERE_INJ,COUNT_VISIBLE_INJ,COUNT_COMPLAINT_PAIN,COUNT_PED_KILLED,COUNT_PED_INJURED,COUNT_BICYCLIST_KILLED,COUNT_BICYCLIST_INJURED,COUNT_MC_KILLED,COUNT_MC_INJURED,PRIMARY_RAMP,SECONDARY_RAMP,LATITUDE,LONGITUDE,COUNTY,CITY,POINT_X,POINT_Y
92338172,2024,2024-03-14,9280,2024-03-13,"920 ",016042,,3,1,9,5700,0,3,5,,2,003,"COUNTY ROAD 27","COUNTY ROAD 93",2200.00,W,N,A,-,N,,,,,,,,,,Y,3,0,1,1,A,-,08,22107,,N,E,I,A,A,H,-,A,D,0,,,,,Y,,A,01,0,1,0,0,0,0,0,0,0,"- ","- ",38.619991302490234,-121.90318298339844,YOLO,UNINCORPORATED,-121.90314483642578,38.619941711425781
9235040,2021,2021-04-15,5704,2021-02-06,1546,06700,,6,5,4,5704,0,0,0,,0,001,"SACRAMENTO AV","KEGLE DR",0.00,,Y,A,-,N,,,,,,,,,,N,4,0,1,2,A,-,03,22350,,N,C,C,A,A,H,-,A,A,0,,,,,Y,,A,01,0,0,1,0,0,0,0,0,0,"- ","- ",38.589519500732422,-121.52683258056641,YOLO,"WEST SACRAMENTO",-121.52680206298828,38.589508056640625
92351692,2024,2024-04-01,9280,2024-03-21,2140,021510,,4,2,5,5701,0,1,1,,2,010,"I-80 EASTBOUND","MACE BOULEVARD",2112.00,E,N,A,-,Y,YOL,,80," "," ",3.062,H,,R,Y,4,0,2,6,A,-,03,22350,,F,B,C,A,A,H,-,D,D,0,,,,,Y,,D,22,0,0,2,0,0,0,0,0,0,"- ","- ",38.554359436035156,-121.68772125244141,YOLO,DAVIS,-121.68772888183594,38.554374694824219
92351715,2024,2024-04-01,9280,2024-03-24,2020,018316,,7,2,4,5704,0,1,2,,2,011,"US-50 W/B","I-80 W/B TO US-50 E/B",1700.00,E,N,A,-,Y,YOL,,50," "," ",0.776,H,,L,Y,4,0,1,1,A,-,08,22107,,N,E,I,A,A,D,E,C,D,0,,,,,Y,,A,07,0,0,1,0,0,0,0,0,0,"- ","- ",38.575340270996094,-121.55661010742188,YOLO,"WEST SACRAMENTO",-121.55661773681641,38.575222015380859
92351747,2024,2024-04-01,9280,2024-03-28,"755 ",016042,,4,1,4,5704,0,1,2,,2,011,"US-50 E/B","JEFFERSON BLVD",1584.00,E,N,A,-,Y,YOL,,50," "," ",2.807,H,,R,Y,3,0,1,2,A,-,03,22350,,N,C,C,A,A,D,-,A,D,0,,,,,Y,,A,07,0,1,0,0,0,0,0,0,0,"- ","- ",38.575019836425781,-121.520263671875,YOLO,"WEST SACRAMENTO",-121.520263671875,38.575016021728516
92358593,2024,2024-04-08,9280,2024-03-27,1520,018316,,3,2,5,5701,0,1,1,,2,010,"I-80 E/B","PELZ BICYCLE OVER-CROSSING",200.00,W,N,B,-,Y,YOL,,80," "," ",1.892,H,,R,Y,4,0,3,3,A,-,03,22350,,N,B,C,A,A,H,-,A,D,0,,,,,Y,,A,07,0,0,3,0,0,0,0,0,0,"- ","- ",38.549709320068359,-121.70842742919922,YOLO,DAVIS,-121.70841979980469,38.549686431884766
92363199,2024,2024-04-12,9280,2024-04-08,1055,016144,,1,1,9,5700,0,3,5,,2,001,"OLD RIVER ROAD","COUNTY ROAD 126",50.00,S,N,A,-,N,,,,,,,,,,Y,3,0,2,1,A,-,03,22350,,N,E,8,A,A,D,-,A,D,0,,,,,Y,,A,01,0,2,0,0,0,0,0,0,0,"- ","- ",38.607650756835938,-121.56014251708984,YOLO,UNINCORPORATED,-121.55989074707031,38.607212066650391
92364323,2024,2024-04-15,9280,2024-04-06,1711,022215,,6,2,5,5701,0,1,1,,2,010,"I-80 E/B","MACE BLVD",6072.00,W,N,B,-,Y,YOL,,80," "," ",1.507,H,,R,Y,4,0,1,2,A,-,03,22350,,N,C,C,A,A,H,-,A,D,0,,,,,Y,,A,01,0,0,1,0,0,0,0,0,0,"- ","- ",38.548110961914062,-121.71523284912109,YOLO,DAVIS,-121.71524047851562,38.548133850097656
92365266,2024,2024-04-16,9280,2024-04-12,"135 ",022215,,5,3,4,5704,0,1,1,,2,010,"I-80 W/B","ENTERPRISE BLVD",80.00,W,N,A,-,Y,YOL,,80," "," ",9.172,H,,L,Y,2,0,1,2,A,-,01,23152,A,N,C,C,A,A,D,-,D,D,0,,,,,Y,Y,A,01,1,0,0,0,0,0,0,0,0,"- ","- ",38.574321746826172,-121.57778930664062,YOLO,"WEST SACRAMENTO",-121.57779693603516,38.574344635009766
92366718,2024,2024-04-17,9280,2024-04-16,1425,016144,,2,2,9,5700,0,1,1,,2,010,"I-80 E/B","CHILES ROAD",5280.00,W,N,A,-,Y,YOL,,80," "," ",4.158,H,,R,N,4,0,1,4,A,-,03,22350,,N,C,C,A,A,D,E,A,D,0,,,,,Y,,E,22,0,0,1,0,0,0,0,0,0,"- ","- ",38.558559417724609,-121.66822052001953,YOLO,UNINCORPORATED,-121.66823577880859,38.558647155761719
92367715,2024,2024-04-18,9280,2024-04-16,1725,016520,,2,2,9,5700,0,1,1,,2,020,"I-5 SOUTHBOUND","YOLO/SAC CO. LINE",100.00,N,N,A,-,Y,YOL,,5," "," ",0.019,H,,L,Y,4,0,1,3,A,-,03,22350,,N,C,C,A,A,H,-,A,D,0,,,,Y,Y,,D,22,0,0,1,0,0,0,0,0,0,"- ","- ",38.673160552978516,-121.62650299072266,YOLO,UNINCORPORATED,-121.62650299072266,38.673141479492188
92368726,2024,2024-04-19,9280,2024-03-06,2340,021248,,3,3,4,5704,0,1,1,,2,010,"I-80 E/B","ENTERPRISE BLVD",800.00,W,N,A,-,Y,YOL,,80," "," ",8.913,H,,R,N,2,0,2,3,A,-,01,23152,A,F,B,C,A,A,D,-,C,A,0,,,,Y,Y,Y,-,99,1,0,1,0,0,0,0,0,0,"- ","- ",38.573371887207031,-121.58236694335938,YOLO,"WEST SACRAMENTO",-121.58238983154297,38.573429107666016
92377106,2023,2024-04-29,9280,2023-11-22,2239,021277,,3,3,9,5700,0,1,1,,2,010,"I-80 W/B",WEBSTER,3590.00,E,N,A,-,Y,YOL,,80," "," ",6.467,H,,L,Y,4,0,1,2,A,-,08,22107,,M,E,8,A,A,H,-,D,D,0,,,,,Y,,A,07,0,0,1,0,0,0,0,0,0,"- ","- ",38.565769195556641,-121.62647247314453,YOLO,UNINCORPORATED,-121.62644958496094,38.565700531005859
92380409,2024,2024-05-02,9280,2024-04-27,1100,017963,,6,1,9,5700,0,1,1,,2,010,"I-80 E/B","MACE BLVD",7392.00,E,N,A,-,Y,YOL,,80," "," ",4.110,H,,R,N,4,0,1,4,A,-,08,22107,,N,B,C,A,A,D,-,A,D,0,,,,,Y,,A,01,0,0,1,0,0,0,0,0,0,"- ","- ",38.5584716796875,-121.66909027099609,YOLO,UNINCORPORATED,-121.66910552978516,38.55853271484375
92382452,2024,2024-05-06,9280,2024-04-24,"730 ",013927,,3,1,9,5700,0,3,5,,2,003,"COUNTY ROAD 31","COUNTY ROAD 95",1056.00,W,N,A,-,N,,,,,,,,,,N,3,0,1,2,A,-,03,22350,,N,C,C,A,A,H,-,A,D,0,,,,,Y,,D,22,0,1,0,0,0,0,0,0,0,"- ","- ",38.561569213867188,-121.86260986328125,YOLO,UNINCORPORATED,-121.86253356933594,38.561592102050781
92382472,2024,2024-05-06,9280,2024-04-27,2358,022215,,6,3,9,5700,0,1,1,,2,010,"I-80 W/B","COUNTY ROAD 32A",7392.00,E,N,A,-,Y,YOL,,80," "," ",7.188,H,,L,Y,4,0,2,2,A,-,03,22350,,N,C,2,A,A,D,-,D,D,0,,,,,Y,,D,22,0,0,2,0,0,0,0,0,0,"- ","- ",38.568080902099609,-121.61354827880859,YOLO,UNINCORPORATED,-121.61353302001953,38.568012237548828
92386783,2024,2024-05-10,9280,2024-05-09,1455,023616,,4,2,9,5700,0,1,3,,1,024,SR-16,"COUNTY ROAD 22",0.00,,Y,A,-,Y,YOL,,16," "," ",37.741,H,,R,Y,3,0,2,2,A,-,09,21802,A,N,D,C,A,A,H,-,A,A,0,,,,,Y,,A,07,0,2,0,0,0,0,0,0,0,"- ","- ",38.677639007568359,-121.85446929931641,YOLO,UNINCORPORATED,-121.85449981689453,38.677700042724609
92391544,2024,2024-05-16,9280,2024-05-11,"830 ",017963,,6,1,4,5704,0,1,1,,2,010,"I-80 W/B","WEST CAPITOL AVE U/C",209.00,S,N,A,-,Y,YOL,,80," ",R,10.122,H,,L,N,4,0,1,2,A,-,03,22350,,N,B,C,A,A,D,E,A,D,0,,,,,Y,,A,01,0,0,1,0,0,0,0,0,0,"- ","- ",38.577919006347656,-121.56198120117188,YOLO,"WEST SACRAMENTO",-121.56196594238281,38.577911376953125
92391590,2024,2024-05-16,9280,2024-05-11,1405,017963,,6,2,4,5704,0,1,2,,2,011,"US-50 E/B","HARBOR BLVD",80.00,E,N,A,-,Y,YOL,,50," "," ",1.233,H,,R,Y,4,0,2,2,A,-,03,22350,,N,C,C,A,A,D,E,A,D,0,,,,,Y,,D,22,0,0,2,0,0,0,0,0,0,"- ","- ",38.57489013671875,-121.54814147949219,YOLO,"WEST SACRAMENTO",-121.54814147949219,38.574951171875
92391601,2024,2024-05-16,9280,2024-05-11,2218,022326,,6,3,9,5700,0,3,5,,2,001,"S. RIVER RD","BABEL SLOUGH RD",4750.00,S,N,A,-,N,,,,,,,,,,Y,4,0,1,1,A,-,03,22350,,N,E,8,A,A,H,-,D,D,0,,,,,Y,,A,01,0,0,1,0,0,0,0,0,0,"- ","- ",38.491680145263672,-121.55655670166016,YOLO,UNINCORPORATED,-121.53603363037109,38.472911834716797
92391679,2024,2024-05-16,9280,2024-05-15,2212,022326,,3,3,9,5700,0,3,5,,2,003,"COUNTY ROAD 87","COUNTY ROAD 19A",480.00,S,N,A,-,N,,,,,,,,,,Y,4,0,1,1,C,-,18,,,N,E,H,A,A,H,-,D,D,0,,,,,Y,,-,"- ",0,0,1,0,0,0,0,0,0,"- ","- ",38.717269897460938,-122.00975036621094,YOLO,UNINCORPORATED,-122.009765625,38.717212677001953
92391871,2024,2024-05-16,9280,2024-05-15,"635 ",017963,,3,1,4,5704,0,1,2,,2,011,"US-50 W/B",I-80,140.00,E,N,A,-,Y,YOL,,50," "," ",0.484,H,,L,N,4,0,1,5,A,-,03,22350,,N,C,C,A,A,D,E,A,D,0,,,,,Y,,D,22,0,0,1,0,0,0,0,0,0,"- ","- ",38.575538635253906,-121.56202697753906,YOLO,"WEST SACRAMENTO",-121.56203460693359,38.575511932373047
92394119,2024,2024-05-20,9280,2024-05-13,1120,015353,,1,1,4,5704,0,1,1,,2,010,"INTERSTATE 80 WB","WEST CAPITAL AVE",1064.00,E,N,A,-,Y,YOL,,80," ",R,10.386,H,,L,Y,4,0,2,3,A,-,03,22350,,N,C,C,A,A,D,-,A,D,0,,,,,Y,,A,01,0,0,2,0,0,0,0,0,0,"- ","- ",38.581260681152344,-121.55964660644531,YOLO,"WEST SACRAMENTO",-121.55963897705078,38.581256866455078
92394142,2024,2024-05-20,9280,2024-05-16,"445 ",022667,,4,3,9,5700,0,1,1,,2,020,"I-5 N/B","COUNTY ROAD 102 O/C",2693.00,E,N,A,-,Y,YOL,,5," "," ",5.006,H,,R,Y,4,0,1,1,A,-,08,22107,,N,E,8,A,A,H,-,D,D,0,,,,,Y,,A,01,0,0,1,0,0,0,0,0,0,"- ","- ",38.673938751220703,-121.7188720703125,YOLO,UNINCORPORATED,-121.7188720703125,38.673873901367188
92394156,2024,2024-05-20,9280,2024-05-17,1417,017963,,5,2,9,5700,0,1,1,,2,020,"I-5 S/B","OLD RIVER RD",450.00,S,N,A,-,Y,YOL,,5," "," ",0.238,H,,L,Y,4,0,1,2,A,-,03,22350,,N,C,C,A,A,H,-,A,D,0,,,,,Y,,A,07,0,0,1,0,0,0,0,0,0,"- ","- ",38.673198699951172,-121.6304931640625,YOLO,UNINCORPORATED,-121.6304931640625,38.673164367675781
92397374,2024,2024-05-23,9280,2024-01-18,1045,013927,,4,1,9,5700,0,3,5,,2,003,"COUNTY ROAD 27","COUNTY ROAD 94",356.00,E,N,B,-,N,,,,,,,,,,Y,1,1,1,2,A,-,08,22107,,N,A,C,A,A,H,-,A,D,0,,,,Y,Y,,F,25,0,1,0,0,0,0,0,0,0,"- ","- ",38.619781494140625,-121.87563323974609,YOLO,UNINCORPORATED,-121.87565612792969,38.619770050048828
92399878,2024,2024-05-28,9280,2024-05-14,"945 ",015128,,2,1,4,5704,0,1,2,,2,011,"US-50 W/B","HARBOR BL",2985.00,W,N,A,-,Y,YOL,,50," "," ",0.628,H,,L,Y,2,0,3,5,A,-,03,22350,,N,C,C,A,A,D,-,A,D,0,,,Y,,Y,,C,02,1,0,2,0,0,0,0,0,1,"- ","- ",38.57537841796875,-121.55935668945312,YOLO,"WEST SACRAMENTO",-121.55936431884766,38.575359344482422
92401188,2024,2024-05-29,9280,2024-05-25,1730,022667,,6,2,5,5701,0,1,1,,2,010,"I-80 E/B","MACE BLVD O/C",190.00,E,N,A,-,Y,YOL,,80," "," ",2.723,H,,R,N,4,0,1,2,A,-,03,22350,,N,C,C,A,A,H,-,A,D,0,,,,,Y,,A,07,0,0,1,0,0,0,0,0,0,"- ","- ",38.552619934082031,-121.69357299804688,YOLO,DAVIS,-121.69358825683594,38.552654266357422
92405350,2024,2024-06-04,9280,2024-06-03,"455 ",016520,,1,3,9,5700,0,1,1,,2,010,"INTERSTATE 80 WB","WEBSTER U/C",100.00,W,N,A,-,Y,YOL,,80," "," ",5.787,H,,L,N,4,0,2,4,A,-,03,22350,,N,C,C,A,A,H,-,B,D,0,,,,,Y,,D,22,0,0,2,0,0,0,0,0,0,"- ","- ",38.563499450683594,-121.63874053955078,YOLO,UNINCORPORATED,-121.63874816894531,38.563518524169922
92409006,2024,2024-06-07,9280,2024-06-06,"735 ",017963,,4,1,9,5700,0,1,1,,2,010,"I-80 E/B","COUNTY ROAD 105D",1531.00,W,N,A,-,Y,YOL,,80," "," ",4.073,H,,R,Y,4,0,1,2,A,-,08,22107,,N,E,8,A,A,D,E,A,D,0,,,,Y,Y,,A,07,0,0,1,0,0,0,0,0,0,"- ","- ",38.558429718017578,-121.66976928710938,YOLO,UNINCORPORATED,-121.66976928710938,38.558418273925781
92409010,2024,2024-06-07,9280,2024-06-06,"735 ",016114,,4,1,9,5700,0,3,5,,2,003,"COUNTY ROAD 99W","COUNTY ROAD 10",2112.00,N,N,A,-,N,,,,,,,,,,Y,4,0,1,2,A,-,06,21750,A,N,C,C,A,A,H,-,A,D,0,,,,,Y,,A,01,0,0,1,0,0,0,0,0,0,"- ","- ",38.842758178710938,-121.92841339111328,YOLO,UNINCORPORATED,-121.92817687988281,38.842533111572266
92410150,2024,2024-06-10,9280,2024-06-01,"100 ",022215,,6,3,9,5700,0,1,3,,2,032,SR-128,"POSITAS RD",8395.00,W,N,A,-,Y,YOL,,128," "," ",2.619,H,,R,Y,4,0,1,1,A,-,01,23152,A,N,E,I,A,A,H,-,D,D,0,,,,,Y,Y,A,01,0,0,1,0,0,0,0,0,0,"- ","- ",38.514240264892578,-122.05267333984375,YOLO,UNINCORPORATED,-122.05270385742188,38.514217376708984
92410735,2024,2024-06-10,9280,2024-06-07,"550 ",017983,,5,3,9,5700,0,3,5,,2,002,"COUNTY ROAD 13","COUNTY ROAD 99W",2323.00,E,N,A,-,N,,,,,,,,,,Y,3,0,4,2,A,-,09,21801,A,N,D,C,A,A,H,-,B,D,0,,,,,Y,,A,01,0,1,3,0,0,0,0,0,0,"- ","- ",38.794181823730469,-121.86885070800781,YOLO,UNINCORPORATED,-121.86902618408203,38.794158935546875
92414803,2024,2024-06-14,9280,2024-06-13,1120,017983,,4,1,9,5700,0,1,1,,2,010,"I-80 E/B","ENTERPRISE BLVD",1848.00,W,N,A,-,Y,YOL,,80," "," ",8.820,H,,R,Y,3,0,2,3,A,-,07,21658,A,N,B,C,A,A,D,-,A,D,0,,,,,Y,,A,01,0,1,1,0,0,0,0,0,0,"- ","- ",38.57305908203125,-121.58405303955078,YOLO,UNINCORPORATED,-121.58407592773438,38.573139190673828
92417179,2024,2024-06-18,9280,2024-06-14,1620,017963,,5,2,9,5700,0,1,3,,2,022,"SR-113 N/B","EAST GIBSON ROAD",4488.00,S,N,A,-,Y,YOL,,113," ",R,8.378,H,,R,Y,4,0,5,5,A,-,03,22350,,N,C,C,A,A,H,-,A,D,0,,,,,Y,,A,01,0,0,5,0,0,0,0,0,0,"- ","- ",38.650810241699219,-121.75547027587891,YOLO,UNINCORPORATED,-121.75553894042969,38.650829315185547
9241936,2021,2021-04-15,5704,2021-03-05,1905,06062,,5,5,4,5704,0,0,0,,0,003,"JEFFERSON BL","ARMFIELD AV",1218.00,W,N,A,-,N,,,,,,,,,,Y,4,0,1,1,A,-,03,22350,,N,H,A,A,A,H,-,C,D,0,,,,,Y,,A,07,0,0,1,0,0,0,0,0,0,"- ","- ",38.507999420166016,-121.57879638671875,YOLO,"WEST SACRAMENTO",-121.58168029785156,38.505344390869141
92425985,2024,2024-06-28,9280,2024-06-28,"20  ",021510,,5,3,9,5700,0,3,5,,2,002,CR-101,CR-14,0.00,,Y,A,-,N,,,,,,,,,,Y,4,0,1,1,A,-,03,22350,,N,E,J,A,A,H,-,D,D,0,,,Y,,Y,,C,02,0,0,1,0,0,0,0,0,1,"- ","- ",38.778228759765625,-121.74697113037109,YOLO,UNINCORPORATED,-121.74694061279297,38.778156280517578
9242687,2021,2021-04-13,5704,2021-01-08,0847,06682,2,5,5,4,5704,0,0,0,,0,002,"HARBOR BL","RT 50",0.00,,Y,A,-,N,,,,,,,,,,N,4,0,1,2,A,-,08,22107,,N,B,C,A,A,H,-,A,A,0,,,,Y,Y,,G,25,0,0,1,0,0,0,0,0,0,"- ",EO,38.572738647460938,-121.54855346679688,YOLO,"WEST SACRAMENTO",,
92438092,2024,2024-07-12,9280,2024-04-24,1455,019927,,3,2,5,5701,0,1,1,,2,010,"I-80 E/B WEST OF MACE BLVD","MACE BLVD",1320.00,W,N,A,-,Y,YOL,,80," "," ",1.915,H,,R,N,4,0,1,2,D,-,00,,,N,C,C,A,A,H,-,A,D,0,,,,Y,Y,,-,"- ",0,0,1,0,0,0,0,0,0,"- ","- ",38.549781799316406,-121.70802307128906,YOLO,DAVIS,-121.70802307128906,38.549777984619141
92440533,2024,2024-08-05,9280,2024-06-28,1611,016114,,5,2,9,5700,0,1,1,,2,020,"I-5 N/B",SR-16,3290.00,N,N,A,-,Y,YOL,,5," ",R,11.434,H,,R,Y,1,1,0,1,A,-,08,22107,,N,E,I,A,A,H,-,A,D,0,,,,,Y,,A,01,0,0,0,0,0,0,0,0,0,"- ","- ",38.726558685302734,-121.80632781982422,YOLO,UNINCORPORATED,-121.806396484375,38.726520538330078
9249194,2021,2021-04-26,5703,2021-03-26,1647,2070,73,5,5,4,5703,0,0,0,,0,004,"E GUM AV","HOMSTEAD WY",0.00,,Y,A,-,,,,,,,,,,,Y,4,0,3,2,A,-,03,22350,,N,C,C,A,A,H,-,A,D,0,,,,,Y,,D,22,0,0,3,0,0,0,0,0,0,"- ","- ",38.669639587402344,-121.73738861083984,YOLO,WOODLAND,-121.73735809326172,38.66961669921875
9250211,2021,2021-04-23,5701,2021-04-13,1609,121,7,2,5,5,5701,0,0,0,,0,003,"2ND ST","PENA DR",0.00,,Y,A,-,N,,,,,,,,,,Y,3,0,2,3,A,-,09,21801,A,N,D,C,A,A,H,-,A,A,0,,,,,Y,,A,01,0,1,1,0,0,0,0,0,0,"- ","- ",38.548969268798828,-121.71563720703125,YOLO,DAVIS,-121.71559143066406,38.548969268798828
9250212,2021,2021-04-23,5701,2021-04-08,2045,106,1,4,5,5,5701,0,0,0,,0,001,"RUSSELL BL","ARTHUR ST",0.00,,Y,A,-,N,,,,,,,,,,N,2,0,1,2,A,-,10,21950,A,N,G,B,B,A,H,-,C,A,0,Y,,,,Y,,A,01,1,0,0,0,1,0,0,0,0,"- ","- ",38.546501159667969,-121.77057647705078,YOLO,DAVIS,-121.77058410644531,38.546371459960938
9250233,2021,2021-04-23,5701,2021-04-05,1800,106,7,1,5,5,5701,0,0,0,,0,003,"COVELL BL","ALHAMBRA DR",12.00,E,N,A,-,N,,,,,,,,,,N,3,0,2,2,A,-,03,22350,,N,C,C,A,A,H,-,A,A,0,,,,,Y,,A,01,0,2,0,0,0,0,0,0,0,"- ","- ",38.564189910888672,-121.70948791503906,YOLO,DAVIS,-121.70951080322266,38.564125061035156
9250234,2021,2021-04-23,5701,2021-04-02,0048,237,4,5,5,5,5701,0,0,0,,0,002,"RUSSSELL BL","OAK AV",150.00,E,N,A,-,N,,,,,,,,,,Y,4,0,1,1,A,-,01,23152,A,N,E,I,A,A,H,-,C,D,0,,,,,Y,Y,A,01,0,0,1,0,0,0,0,0,0,"- ","- ",38.546298980712891,-121.74977874755859,YOLO,DAVIS,-121.75227355957031,38.546184539794922
9251374,2021,2021-04-21,5704,2021-03-29,1809,06093,,1,5,4,5704,0,0,0,,0,001,"C ST","CALIFORNIA ST",333.00,S,N,A,-,N,,,,,,,,,,Y,2,0,2,2,A,-,05,21460,A,N,A,C,A,A,H,-,A,D,0,,,,,Y,,A,01,1,0,1,0,0,0,0,0,0,"- ","- ",38.588539123535156,-121.51419067382812,YOLO,"WEST SACRAMENTO",-121.51423645019531,38.5885009765625
9255197,2021,2021-05-06,5703,2021-04-27,0806,2891,12,2,5,4,5703,0,0,0,,0,003,"OAK AV","2ND ST",0.00,,Y,A,-,N,,,,,,,,,,Y,4,0,1,2,A,-,09,21802,A,N,D,D,A,A,H,-,A,A,0,,,,,Y,,A,07,0,0,1,0,0,0,0,0,0,"- ","- ",38.674060821533203,-121.77191925048828,YOLO,WOODLAND,-121.77194976806641,38.674072265625
9255356,2021,2021-05-11,5704,2021-04-27,2230,06212,,2,5,4,5704,0,0,0,,0,002,"JEFFERSON BL","CIRCLE ST",0.00,,Y,A,-,N,,,,,,,,,,N,3,0,1,2,A,-,05,21650,1,N,D,G,A,A,H,-,C,D,0,,Y,,,Y,,L,04,0,1,0,0,0,0,1,0,0,"- ","- ",38.569660186767578,-121.52440643310547,YOLO,"WEST SACRAMENTO",-121.52433013916016,38.569625854492188
9255358,2021,2021-05-19,5704,2021-04-17,1328,06579,,6,5,4,5704,0,0,0,,0,002,"JEFFERSON BL","RT 50",0.00,,Y,A,-,Y,YOL,3,50,-,-,2.918,R,4,W,Y,3,0,5,2,A,-,12,21453,A,N,D,C,A,A,H,-,A,A,0,,,,,Y,,A,01,0,4,1,0,0,0,0,0,0,"- ",WF,38.576438903808594,-121.52484130859375,YOLO,"WEST SACRAMENTO",-121.51882171630859,38.5740966796875
9257314,2021,2021-05-07,5703,2021-03-31,0852,2857,31,3,5,4,5703,0,0,0,,0,001,"EAST MAIN ST","RT 5",28.00,E,N,A,-,N,,,,,,,,,,Y,4,0,1,2,A,-,03,22350,,N,C,C,A,A,H,-,A,D,0,,,,Y,Y,,A,01,0,0,1,0,0,0,0,0,0,"- ","- ",,,YOLO,WOODLAND,-121.74528503417969,38.677204132080078
9257409,2021,2021-04-29,5703,2021-04-05,1716,2012,42,1,5,4,5703,0,0,0,,0,003,"MAIN ST","ELM ST",0.00,,Y,A,-,N,,,,,,,,,,N,4,0,1,2,A,-,12,21457,A,N,D,C,A,A,H,-,A,A,0,,,Y,,Y,,C,06,0,0,1,0,0,0,0,0,0,"- ","- ",,,YOLO,WOODLAND,-121.77626800537109,38.677490234375
9257728,2021,2021-05-04,5704,2021-04-10,0800,06579,,6,5,4,5704,0,0,0,,0,001,"N HARBOR BL","RIVERBANK RD",0.00,,Y,A,-,N,,,,,,,,,,Y,4,0,2,2,A,-,12,21453,A,N,A,C,A,A,H,-,A,A,0,,,,,Y,,A,01,0,0,2,0,0,0,0,0,0,"- ","- ",38.596218109130859,-121.54712677001953,YOLO,"WEST SACRAMENTO",-121.54720306396484,38.596210479736328
9258522,2021,2021-05-06,5701,2021-04-20,1250,127,5,2,5,5,5701,0,0,0,,0,002,"E 8TH ST","M ST",12.00,E,N,A,-,N,,,,,,,,,,N,3,0,1,2,A,-,08,22107,,N,H,G,A,A,H,-,A,D,0,,Y,,,Y,,L,04,0,1,0,0,0,0,1,0,0,"- ","- ",38.553379058837891,-121.73175048828125,YOLO,DAVIS,-121.73172760009766,38.553394317626953
9258871,2021,2021-07-13,5703,2021-04-19,1251,2012,17,1,5,4,5703,0,0,0,,0,003,"W MAIN ST","COUNTY ROAD 98",0.00,,Y,A,-,Y,YOL,3,16,-,R,40.570,I,5,E,Y,4,0,1,2,A,-,12,21453,A,N,D,C,A,A,H,-,A,A,0,,,,Y,Y,,A,07,0,0,1,0,0,0,0,0,0,"- ","- ",38.677669525146484,-121.80245971679688,YOLO,WOODLAND,-121.80442810058594,38.677677154541016
9271493,2021,2021-06-18,5703,2021-05-13,1533,2070,31,4,5,4,5703,0,0,0,,0,001,"EAST MAIN ST","RT 113",25.00,E,N,A,-,Y,YOL,3,113,-,R,9.851,R,4,N,Y,4,0,2,3,A,-,03,22350,,M,C,C,A,A,H,-,A,A,0,,,,,Y,,A,01,0,0,2,0,0,0,0,0,0,"- ",NF,38.677268981933594,-121.74941253662109,YOLO,WOODLAND,-121.75103759765625,38.671669006347656
9271497,2021,2021-06-18,5703,2021-05-04,1508,2070,51,2,5,4,5703,0,0,0,,0,004,"EAST MAIN ST","RT 5",125.00,W,N,A,-,Y,YOL,3,5,-,-,6.238,R,4,N,,4,0,3,2,A,-,03,22350,,N,C,C,A,A,H,-,A,A,0,,,,,Y,,A,07,0,0,3,0,0,0,0,0,0,"- ",NF,38.677108764648438,-121.74456024169922,YOLO,WOODLAND,-121.74112701416016,38.67462158203125
9271505,2021,2021-06-18,5703,2021-05-12,1631,2891,31,3,5,4,5703,0,0,0,,0,001,"EAST MAIN ST","RT 113",85.00,W,N,A,-,Y,YOL,3,113,-,R,9.891,R,4,S,Y,3,0,3,3,A,-,03,22350,,N,C,C,A,A,H,-,A,A,0,,,,,Y,,A,01,0,1,2,0,0,0,0,0,0,"- ",SO,38.677330017089844,-121.7529296875,YOLO,WOODLAND,-121.75128936767578,38.6722412109375