CASE_ID,ACCIDENT_YEAR,PROC_DATE,JURIS,COLLISION_DATE,COLLISION_TIME,OFFICER_ID,REPORTING_DISTRICT,DAY_OF_WEEK,CHP_SHIFT,POPULATION,CNTY_CITY_LOC,SPECIAL_COND,BEAT_TYPE,CHP_BEAT_TYPE,CITY_DIVISION_LAPD,CHP_BEAT_CLASS,BEAT_NUMBER,PRIMARY_RD,SECONDARY_RD,DISTANCE,DIRECTION,INTERSECTION,WEATHER_1,WEATHER_2,STATE_HWY_IND,CALTRANS_COUNTY,CALTRANS_DISTRICT,STATE_ROUTE,ROUTE_SUFFIX,POSTMILE_PREFIX,POSTMILE,LOCATION_TYPE,RAMP_INTERSECTION,SIDE_OF_HWY,TOW_AWAY,COLLISION_SEVERITY,NUMBER_KILLED,NUMBER_INJURED,PARTY_COUNT,PRIMARY_COLL_FACTOR,PCF_CODE_OF_VIOL,PCF_VIOL_CATEGORY,PCF_VIOLATION,PCF_VIOL_SUBSECTION,HIT_AND_RUN,TYPE_OF_COLLISION,MVIW,PED_ACTION,ROAD_SURFACE,ROAD_COND_1,ROAD_COND_2,LIGHTING,CONTROL_DEVICE,CHP_ROAD_TYPE,PEDESTRIAN_ACCIDENT,BICYCLE_ACCIDENT,MOTORCYCLE_ACCIDENT,TRUCK_ACCIDENT,NOT_PRIVATE_PROPERTY,ALCOHOL_INVOLVED,STWD_VEHTYPE_AT_FAULT,CHP_VEHTYPE_AT_FAULT,COUNT_SEVERE_INJ,COUNT_VISIBLE_INJ,COUNT_COMPLAINT_PAIN,COUNT_PED_KILLED,COUNT_PED_INJURED,COUNT_BICYCLIST_KILLED,COUNT_BICYCLIST_INJURED,COUNT_MC_KILLED,COUNT_MC_INJURED,PRIMARY_RAMP,SECONDARY_RAMP,LATITUDE,LONGITUDE,COUNTY,CITY,POINT_X,POINT_Y
6616687,2014,2014-12-22,5704,2014-08-03,2118,00171,,7,5,4,5704,0,0,0,,0,001,"SACRAMENTO AV","SUNSET AV",56.00,E,N,A,-,N,,,,,,,,,,Y,2,0,1,2,A,-,05,21650,1,N,A,G,A,-,H,-,C,D,0,,Y,,,Y,,L,04,1,0,0,0,0,0,1,0,0,"- ","- ",,,YOLO,"WEST SACRAMENTO",-121.54191693999999,38.591233670000001
6616688,2014,2014-09-23,5704,2014-08-20,1828,0126,,3,5,4,5704,0,0,0,,0,001,"STILLWATER RD","REED AV",500.00,S,N,A,-,N,,,,,,,,,,N,4,0,1,2,A,-,09,21801,A,N,D,C,A,A,H,-,A,A,0,,,,,Y,,A,01,0,0,1,0,0,0,0,0,0,"- ","- ",,,YOLO,"WEST SACRAMENTO",-121.55617053,38.590925910000003
6617377,2014,2014-09-16,5703,2014-08-21,0759,2863,76,4,5,4,5703,0,0,0,,0,003,"COUNTY ROAD 98","WEST GIBSON RD",0.00,,Y,A,-,N,,,,,,,,,,Y,4,0,2,2,A,-,12,22450,A,N,D,C,A,A,H,-,A,A,0,,,,,Y,,A,01,0,0,2,0,0,0,0,0,0,"- ","- ",,,YOLO,WOODLAND,-121.80269989,38.66316999
6619183,2014,2016-05-06,9280,2014-08-30,2007,016929,,6,2,4,5703,0,1,3,,2,023,"RT 113","4TH ST",0.00,,Y,A,-,Y,YOL,3,45,-,-,0.000,I,5,N,Y,4,0,1,2,A,-,03,22350,,N,C,C,A,A,H,-,C,D,0,,,,,Y,,A,01,0,0,1,0,0,0,0,0,0,"- ","- ",38.800449999999998,-121.72011999999999,YOLO,WOODLAND,-121.72022165,38.80048111
6619881,2014,2014-12-10,5704,2014-09-04,0745,00173,WSPD,4,5,4,5704,0,0,0,,0,002,"HARBOR BL","REED AV",40.00,S,N,A,-,N,,,,,,,,,,Y,3,0,1,3,A,-,03,22350,,N,C,C,A,A,H,-,A,A,0,,,,Y,Y,,D,22,0,1,0,0,0,0,0,0,0,"- ","- ",,,YOLO,"WEST SACRAMENTO",-121.54532347999999,38.591400659999998
6623007,2014,2014-10-01,9280,2014-09-08,1630,017800,,1,2,9,5700,0,3,5,,2,003,"COUNTY RD 31","COUNTY ROAD 93A",1100.00,E,N,A,-,N,,,,,,,,,,Y,4,0,1,1,A,-,03,22350,,N,E,J,A,A,H,-,A,D,0,,,,,Y,,A,01,0,0,1,0,0,0,0,0,0,"- ","- ",38.56156,-121.89234,YOLO,UNINCORPORATED,-121.89794000000001,38.56129
6624562,2014,2016-05-05,9280,2014-09-03,0510,017933,,3,3,9,5700,0,1,1,,2,010,"RT 80","ENTERPRISE BL",1530.00,E,N,A,-,Y,YOL,3,80,-,-,9.520,H,-,W,Y,2,0,1,2,A,-,"- ",,,N,B,C,A,A,H,-,C,D,1,,,,,Y,,A,07,1,0,0,0,0,0,0,0,0,"- ","- ",,,YOLO,UNINCORPORATED,-121.57185985,38.575245099999997
6627752,2014,2014-09-29,5701,2014-09-04,1630,105,7,4,5,5,5701,0,0,0,,0,003,"EAST COVELL BL","E COVELL BL 4000",120.00,E,N,A,-,N,,,,,,,,,,Y,4,0,1,2,A,-,03,22350,,N,C,C,A,A,H,-,A,A,0,,,,,Y,,-,,0,0,1,0,0,0,0,0,0,"- ","- ",38.564770000000003,-121.70246,YOLO,DAVIS,,
6635753,2014,2015-05-11,5704,2014-08-25,1508,106,,1,5,4,5704,0,0,0,,0,002,"WEST CAPITOL AV","WESTACRE RD",150.00,W,N,A,-,N,,,,,,,,,,N,4,0,1,2,A,-,11,21955,,N,G,B,D,A,H,-,A,A,0,Y,,,,Y,,N,60,0,0,1,0,1,0,0,0,0,"- ","- ",,,YOLO,"WEST SACRAMENTO",-121.53116304,38.580396260000001
6642396,2014,2016-05-06,9280,2014-09-14,1945,017800,,7,2,9,5700,0,3,5,,2,002,"RT 16","COUNTY ROAD 97E",620.00,E,N,A,-,Y,YOL,3,16,-,-,40.380,H,-,E,Y,3,0,2,2,A,-,01,23152,A,N,A,C,A,A,H,-,D,D,0,,,,,Y,Y,A,01,0,1,1,0,0,0,0,0,0,"- ","- ",38.677750000000003,-121.80697000000001,YOLO,UNINCORPORATED,-121.80755575000001,38.67769157
6642609,2014,2014-10-30,9280,2014-09-19,0610,015485,,5,1,9,5700,0,3,5,,2,002,"ROSE LN","COUNTY ROAD 27",5280.00,N,N,A,-,N,,,,,,,,,,Y,4,0,1,1,A,-,08,22107,,N,E,I,A,A,H,-,C,D,0,,,,,Y,,A,01,0,0,1,0,0,0,0,0,0,"- ","- ",38.633009999999999,-121.76608,YOLO,UNINCORPORATED,-121.76625995000001,38.632880100000001
6645039,2014,2016-05-05,9280,2014-08-21,1840,014492,,4,2,9,5700,0,1,1,,2,020,"RT 5","EAST ST",4752.00,N,N,A,-,Y,YOL,3,5,-,R,9.000,H,-,N,Y,4,0,1,1,A,-,08,22107,,N,E,I,A,A,H,-,A,D,1,,,,,Y,,A,01,0,0,1,0,0,0,0,0,0,"- ","- ",38.6995,-121.77072,YOLO,UNINCORPORATED,-121.77818688000001,38.699432969999997
6645962,2014,2014-10-08,5704,2014-09-30,1541,00173,WSPD,2,5,4,5704,0,0,0,,0,003,"MARSHALL RD","STABLE DR",0.00,,Y,A,-,N,,,,,,,,,,N,4,0,1,2,A,-,04,21703,,N,C,C,A,A,H,-,A,D,0,,,,,Y,,A,01,0,0,1,0,0,0,0,0,0,"- ","- ",,,YOLO,"WEST SACRAMENTO",-121.56413992,38.535089990000003
6652739,2014,2014-10-21,5703,2014-09-20,0835,2888,,6,5,4,5703,0,0,0,,0,004,"JONES ST","HADLEY DR",0.00,,Y,A,-,N,,,,,,,,,,Y,4,0,1,2,A,-,09,21800,A,N,D,C,A,A,H,-,A,D,0,,,,,Y,,D,22,0,0,1,0,0,0,0,0,0,"- ","- ",,,YOLO,WOODLAND,-121.75804986999999,38.657359990000003
6659154,2014,2014-10-16,5701,2014-07-22,1153,40,4,2,5,5,5701,0,0,0,,0,002,"6TH ST","F ST",0.00,,Y,A,-,N,,,,,,,,,,Y,4,0,1,2,A,-,12,22450,A,N,D,C,A,A,H,-,A,A,0,,,,,Y,,A,01,0,0,1,0,0,0,0,0,0,"- ","- ",38.546990000000001,-121.73117000000001,YOLO,DAVIS,-121.74144995,38.548569970000003
6667806,2014,2014-11-12,9280,2014-09-30,0800,017629,,2,1,9,5700,0,3,5,,2,001,"JEFFERSON BL","CLARKSBURG RD",0.00,,Y,A,-,N,,,84,,,,,,,Y,4,0,3,2,A,-,03,22350,,N,B,C,A,A,H,-,A,A,0,,,,,Y,,A,07,0,0,3,0,0,0,0,0,0,"- ","- ",38.4148,-121.58304,YOLO,UNINCORPORATED,-121.58282706,38.41479726
6667807,2014,2014-11-06,9280,2014-09-29,0725,016632,,1,1,9,5700,0,3,5,,2,002,"COUNTY ROAD 31","COUNTY ROAD 96",0.00,,Y,A,-,N,,,,,,,,,,Y,4,0,1,2,A,-,09,21802,A,N,D,C,A,A,H,-,A,A,0,,,,,Y,,A,01,0,0,1,0,0,0,0,0,0,"- ","- ",38.561700000000002,-121.84039,YOLO,UNINCORPORATED,-121.84034990000001,38.561579940000001
6677884,2014,2014-12-15,5704,2014-10-03,2342,00163,,5,5,4,5704,0,0,0,,0,002,"TOWER BRIDGE GATEWAY","5TH ST",0.00,,Y,A,-,N,,,,,,,,,,N,4,0,1,2,A,-,09,21453,B,N,B,C,A,A,H,-,C,A,0,,,,,Y,,A,01,0,0,1,0,0,0,0,0,0,"- ","- ",,,YOLO,"WEST SACRAMENTO",-121.51427998,38.581939929999997
6677888,2014,2016-06-20,5704,2014-10-10,2158,00154,,5,5,4,5704,0,0,0,,0,002,"ENTERPRISE BL","RT 80",0.00,,Y,A,-,Y,YOL,3,80,-,-,9.105,R,4,E,Y,4,0,2,2,A,-,08,22107,,N,D,C,A,A,H,-,C,A,0,,,,,Y,,A,01,0,0,2,0,0,0,0,0,0,"- ",EO,,,YOLO,"WEST SACRAMENTO",-121.57913824000001,38.573931270000003
6682555,2014,2016-07-05,9280,2014-10-04,1422,017874,,6,2,9,5700,0,3,5,,2,003,"RT 16","COUNTY ROAD 89",100.00,E,N,-,-,Y,YOL,3,16,-,-,31.050,H,-,W,Y,4,0,2,2,A,-,03,22350,,N,C,C,A,-,-,-,-,A,0,,,,,Y,,A,07,0,0,2,0,0,0,0,0,0,"- ","- ",38.681690000000003,-121.96681,YOLO,UNINCORPORATED,-121.96689133,38.681697499999999
6686509,2014,2014-11-21,5701,2014-09-18,1513,72,1,4,5,5,5701,0,0,0,,0,001,"JOHN JONES RD","WEST COVELL BL",40.00,N,N,A,-,N,,,,,,,,,,Y,2,0,2,2,A,-,01,23152,A,N,A,C,A,A,H,-,A,D,0,,,,,Y,Y,D,72,1,1,0,0,0,0,0,0,0,"- ","- ",38.559609999999999,-121.7749,YOLO,DAVIS,-121.77042817,38.561089469999999
6691317,2014,2015-06-03,5703,2014-10-16,1607,2894,14,4,5,4,5703,0,0,0,,0,004,"1ST ST","MARSHALL AV",0.00,,Y,A,-,N,,,,,,,,,,N,4,0,1,2,A,-,09,21800,A,N,D,C,A,A,H,-,A,D,0,,,,,Y,,A,01,0,0,1,0,0,0,0,0,0,"- ","- ",,,YOLO,WOODLAND,-121.77323989,38.667899900000002
6691349,2014,2015-06-03,5703,2014-10-20,0752,832,64,1,5,4,5703,0,0,0,,0,002,"NORTH WEST ST","WOODLAND AV",50.00,N,N,A,-,N,,,,,,,,,,N,4,0,2,2,A,-,03,22350,,N,C,C,A,A,H,-,A,A,0,,,,,Y,,A,07,0,0,2,0,0,0,0,0,0,"- ","- ",,,YOLO,WOODLAND,-121.78391000000001,38.688527319999999
6696081,2014,2015-06-08,5703,2014-10-23,1021,832,14,4,5,4,5703,0,0,0,,0,003,"GIBSON RD","COLLEGE ST",80.00,E,N,A,B,N,,,,,,,,,,N,4,0,1,2,A,-,03,22350,,N,C,C,A,A,H,-,A,A,0,,,,,Y,,A,07,0,0,1,0,0,0,0,0,0,"- ","- ",,,YOLO,WOODLAND,-121.77461977,38.662909999999997
6697083,2014,2015-07-09,5704,2014-11-07,1711,00160,5704,5,5,4,5704,0,0,0,,0,001,"LIGHTHOUSE DR","FOUNTAIN DR",10.00,E,N,A,-,N,,,,,,,,,,Y,3,0,1,1,A,-,01,23152,B,N,E,J,A,A,H,-,C,A,0,,,,,Y,Y,A,01,0,1,0,0,0,0,0,0,0,"- ","- ",,,YOLO,"WEST SACRAMENTO",-121.51482513000001,38.595397679999998
6697112,2014,2014-12-11,5704,2014-11-05,1330,00173,WSPD,3,5,4,5704,0,0,0,,0,002,"WEST CAPITOL AV","WESTACRE RD",0.00,,Y,A,-,N,,,,,,,,,,Y,4,0,1,1,A,-,08,22107,,N,E,I,A,A,H,-,A,A,0,,,Y,,Y,,C,02,0,0,1,0,0,0,0,0,1,"- ","- ",,,YOLO,"WEST SACRAMENTO",-121.53063999,38.580429979999998
6698648,2014,2016-07-05,9280,2014-10-08,2013,15128,,3,2,9,5700,0,1,3,,2,034,"RT 16","YOLO AV",0.00,,N,A,-,Y,YOL,3,16,-,-,28.266,I,5,W,Y,3,0,1,1,A,-,01,23152,A,N,E,I,A,A,H,-,D,A,0,,,Y,,Y,Y,C,03,0,1,0,0,0,0,0,0,1,"- ","- ",38.411999999999999,-122.13,YOLO,UNINCORPORATED,-122.01655117,38.688902560000002
6698660,2014,2014-11-19,9280,2014-10-03,2032,16042,,5,2,9,5700,0,3,5,,2,002,"COUNTY ROAD 31","COUNTY ROAD 97",1296.00,W,N,A,-,N,,,,,,,,,,Y,3,0,1,1,A,-,08,22107,,N,E,I,A,A,H,-,D,D,0,,,,,Y,,A,01,0,1,0,0,0,0,0,0,0,"- ","- ",38.561509999999998,-121.82652,YOLO,UNINCORPORATED,-121.82623341,38.561551819999998
6698664,2014,2016-06-22,9280,2014-10-19,1724,15128,,7,2,5,5701,0,1,1,,2,010,"RT 80","MACE BL",2112.00,W,N,A,-,Y,YOL,3,80,-,-,2.440,H,-,E,Y,3,0,1,4,A,-,01,23152,A,N,C,C,A,A,H,-,A,D,1,,,,,Y,Y,A,01,0,1,0,0,0,0,0,0,0,"- ","- ",38.334299999999999,-121.5123,YOLO,DAVIS,-121.69861530999999,38.551855420000003
6698679,2014,2014-12-08,9280,2014-10-08,1325,16144,,3,1,9,5700,0,3,5,,2,002,"HERSHEY ST","DANIEL ST",750.00,N,N,A,-,N,,,,,,,,,,N,2,0,1,2,A,-,08,22107,,N,B,E,A,A,H,-,A,D,0,,,Y,,Y,,C,02,1,0,0,0,0,0,0,0,1,"- ","- ",38.794640000000001,-121.72196,YOLO,UNINCORPORATED,-121.72174273,38.794799349999998
6698683,2014,2016-06-29,9280,2014-10-22,0845,11706,,3,1,4,5704,0,1,2,,2,011,"RT 50","HARBOR BL",3432.00,E,N,A,-,Y,YOL,3,50,-,-,1.850,H,-,W,Y,4,0,1,2,A,-,08,22107,,N,B,C,A,A,H,-,A,D,1,,,,,Y,,A,01,0,0,1,0,0,0,0,0,0,"- ","- ",38.57526,-121.53657,YOLO,"WEST SACRAMENTO",-121.53664829,38.57513273
6698687,2014,2016-07-05,9280,2014-10-04,1105,11706,,6,1,9,5700,0,1,3,,2,034,"RT 16","RUMSEY CANYON RD",18480.00,W,N,A,-,Y,YOL,3,16,-,-,2.980,H,-,W,Y,3,0,1,1,A,-,08,22107,,N,E,A,A,A,H,-,A,D,0,,,,,Y,,A,07,0,1,0,0,0,0,0,0,0,"- ","- ",38.91122,-122.29499,YOLO,UNINCORPORATED,-122.29445303999999,38.911477519999998
6698703,2014,2014-12-08,9280,2014-10-14,1232,17763,,2,1,9,5700,0,3,5,,2,002,"COUNTY ROAD 25A","EAST ST",3696.00,W,N,A,-,N,,,,,,,,,,Y,4,0,1,1,A,-,08,22107,,N,E,J,A,A,H,-,A,D,0,,,,,Y,,A,01,0,0,1,0,0,0,0,0,0,"- ","- ",38.641210000000001,-121.78041,YOLO,UNINCORPORATED,-121.77908257999999,38.641163130000002
6698716,2014,2014-11-13,9280,2014-10-17,1820,017874,,5,2,9,5700,0,3,5,,2,002,"OLD RIVER RD","COUNTY ROAD 24",10560.00,S,N,A,-,N,,,,,,,,,,Y,4,0,1,1,A,-,01,23152,A,N,F,I,A,A,H,-,A,D,0,,,,,Y,Y,D,22,0,0,1,0,0,0,0,0,0,"- ","- ",38.644280000000002,-121.58229,YOLO,UNINCORPORATED,-121.58831120000001,38.641645840000002
6705915,2014,2015-01-12,5703,2014-11-08,0600,2835,76,6,5,4,5703,0,0,0,,0,003,"ASHLEY AV","SARATOGA DR",0.00,,Y,A,-,N,,,,,,,,,,N,3,0,1,2,A,-,03,22350,,F,G,B,E,A,H,-,A,A,0,Y,,,,Y,,A,01,0,1,0,0,1,0,0,0,0,"- ","- ",,,YOLO,WOODLAND,-121.79813999,38.65987999
6707782,2014,2014-11-25,5704,2014-10-16,0830,00158,WSPD,4,5,4,5704,0,0,0,,0,001,"F ST","7TH ST",0.00,,Y,B,-,N,,,,,,,,,,N,4,0,1,2,A,-,11,21954,A,N,D,B,D,A,H,-,A,A,0,Y,,,,Y,,N,60,0,0,1,0,1,0,0,0,0,"- ","- ",,,YOLO,"WEST SACRAMENTO",-121.51634995000001,38.585199899999999
6708403,2014,2016-06-20,9280,2014-11-04,1340,017763,,2,1,4,5704,0,1,1,,2,010,"RT 80","HARBOR BL",3696.00,W,N,A,-,Y,YOL,3,80,-,R,10.230,R,2,W,Y,3,0,1,1,A,-,03,22350,,N,E,I,A,A,H,-,A,D,1,,,,,Y,,A,07,0,1,0,0,0,0,0,0,0,TO,"- ",38.575989999999997,-121.56285,YOLO,"WEST SACRAMENTO",-121.56100118000001,38.579242069999999
6708407,2014,2016-06-22,9280,2014-11-03,1305,017375,,1,1,9,5700,0,1,1,,2,010,"RT 80","MACE BL",5280.00,E,N,A,-,Y,YOL,3,80,-,-,3.680,H,-,W,N,3,0,1,1,A,-,08,22107,,N,E,I,A,A,H,-,A,D,1,,,,,Y,,A,07,0,1,0,0,0,0,0,0,0,"- ","- ",38.558120000000002,-121.67247999999999,YOLO,UNINCORPORATED,-121.67666388000001,38.557133989999997
6712645,2014,2015-03-06,5704,2014-11-05,1151,00158,WSPD,3,5,4,5704,0,0,0,,0,002,"INDUSTRIAL BL","PARKWAY BL",0.00,,Y,A,-,N,,,,,,,,,,Y,3,0,1,2,A,-,08,22102,,N,B,C,A,A,H,-,A,D,0,,,,Y,Y,,A,01,0,1,0,0,0,0,0,0,0,"- ","- ",,,YOLO,"WEST SACRAMENTO",-121.56556,38.573419940000001
6712653,2014,2016-02-18,5704,2014-11-01,0239,172,,6,5,4,5704,0,0,0,,0,001,"I ST","JIBBBOOM RD",528.00,W,N,A,-,N,,,,,,,,,,Y,4,0,1,3,A,-,07,21658,A,F,B,C,A,A,H,-,C,D,0,,,,,Y,,D,22,0,0,1,0,0,0,0,0,0,"- ","- ",,,YOLO,"WEST SACRAMENTO",-121.50659322999999,38.586316910000001
6713836,2014,2015-01-06,5701,2014-11-05,1205,36,4,3,5,5,5701,0,0,0,,0,002,"A ST","3RD ST",35.00,N,N,A,-,N,,,,,,,,,,Y,3,0,1,1,A,-,03,22350,,N,H,I,A,A,H,-,A,A,0,,,Y,,Y,,C,02,0,1,0,0,0,0,0,0,1,"- ","- ",38.543900000000001,-121.74705,YOLO,DAVIS,-121.74703807,38.54364356
6716854,2014,2016-06-20,9280,2014-11-17,0714,016632,,1,1,4,5704,0,1,1,,2,010,"RT 80","ENTERPRISE BL",5280.00,W,N,A,-,Y,YOL,3,80,-,-,8.180,H,-,W,Y,4,0,2,3,A,-,03,22350,,N,C,C,A,A,H,-,A,D,1,,,,,Y,,D,22,0,0,2,0,0,0,0,0,0,"- ","- ",38.57105,-121.59625,YOLO,"WEST SACRAMENTO",-121.59565899,38.571210209999997
6718487,2014,2016-01-05,5703,2014-11-01,1845,2863,62,6,5,4,5703,0,0,0,,0,002,"CALIFORNIA ST","W ELLIOTT ST",181.00,S,N,A,-,N,,,,,,,,,,Y,1,1,1,2,A,-,03,22350,,N,G,B,D,A,H,-,C,D,0,Y,,,,Y,,D,22,0,0,1,1,0,0,0,0,0,"- ","- ",,,YOLO,WOODLAND,-121.78859014,38.680692960000002
6727797,2014,2016-06-24,9280,2014-11-17,1753,15485,,1,2,4,5703,0,1,1,,2,020,"RT 5","PIONEER AV",196.00,S,N,A,-,Y,YOL,3,5,-,R,6.610,H,-,N,Y,3,0,1,1,A,-,08,22107,,N,E,I,A,A,H,-,D,D,1,,,,,Y,,A,08,0,1,0,0,0,0,0,0,0,"- ","- ",38.67803,-121.74614,YOLO,WOODLAND,-121.746306,38.678402490000003
6727805,2014,2015-01-14,9280,2014-11-18,1720,17883,,2,2,9,5700,0,3,5,,2,002,"COUNTY ROAD 105","COUNTY ROAD 32A",23.00,S,N,B,-,N,,,,,,,,,,N,2,0,1,1,A,-,08,22107,,N,E,I,A,A,H,-,D,A,0,,Y,,,Y,,L,04,1,0,0,0,0,0,1,0,0,"- ","- ",38.55789,-121.67758000000001,YOLO,UNINCORPORATED,-121.67561963,38.557898889999997
6727817,2014,2016-06-20,9280,2014-11-12,1745,16214,,3,2,4,5704,0,1,1,,2,010,"RT 80","ENTERPRISE BL",1056.00,E,N,B,-,Y,YOL,3,80,-,-,9.400,H,-,E,Y,4,0,1,2,A,-,03,22350,,N,C,C,A,A,H,-,C,D,1,,,,,Y,,A,01,0,0,1,0,0,0,0,0,0,"- ","- ",38.575409999999998,-121.56614999999999,YOLO,"WEST SACRAMENTO",-121.57381205999999,38.574704760000003
6727821,2014,2016-06-24,9280,2014-11-15,1035,17874,,6,1,9,5700,0,1,1,,2,030,"RT 5","COUNTY ROAD 12",600.00,S,N,A,-,Y,YOL,3,5,-,R,18.860,H,-,S,Y,3,0,2,2,A,-,03,22350,,N,C,C,A,A,H,-,A,D,1,,,,,Y,,A,01,0,1,1,0,0,0,0,0,0,"- ","- ",38.807589999999998,-121.89458,YOLO,UNINCORPORATED,-121.89464397,38.807711699999999
6729564,2014,2015-03-27,5704,2014-11-18,2112,00118,,2,5,4,5704,0,0,0,,0,003,"JEFFERSON BL","HIGGINS RD",0.00,,Y,A,-,N,,,,,,,,,,Y,4,0,1,2,A,-,12,21453,A,N,D,C,A,A,H,-,C,A,0,,,,,Y,,A,01,0,0,1,0,0,0,0,0,0,"- ","- ",,,YOLO,"WEST SACRAMENTO",-121.54301993,38.546689909999998
6732661,2014,2015-01-22,5701,2014-10-23,1800,45,2,4,5,5,5701,0,0,0,,0,001,"RUSSELL BL","ANDERSON RD",0.00,,Y,A,-,N,,,,,,,,,,N,3,0,1,1,A,-,"- ",,,N,E,I,A,A,H,-,A,A,0,,Y,,,Y,,-,"- ",0,1,0,0,0,0,1,0,0,"- ","- ",,,YOLO,DAVIS,-121.75875993,38.546409930000003
6732679,2014,2015-01-16,5701,2014-11-13,0850,91,8,4,5,5,5701,0,0,0,,0,004,"RICHARDS BL","RESEARCH PARK RD",60.00,S,N,A,-,N,,,,,,,,,,N,4,0,1,2,A,-,08,22107,,F,H,G,A,A,H,-,A,D,0,,Y,,,Y,,L,04,0,0,1,0,0,0,1,0,0,"- ","- ",,,YOLO,DAVIS,-121.73159889,38.53994453
6732683,2014,2015-01-16,5701,2014-11-15,1200,35,7,6,5,5,5701,0,0,0,,0,003,"MACE BL","RT 80",0.00,,Y,A,-,Y,,,,,,,,,,N,3,0,1,2,A,-,12,21453,A,N,F,A,A,A,H,-,A,A,0,,,Y,,Y,,A,01,0,1,0,0,0,0,0,0,1,"- ",WF,,,YOLO,DAVIS,-121.69443998,38.55245996
6734283,2014,2016-06-20,9280,2014-11-26,0500,16027,,3,3,5,5701,0,1,1,,2,010,"RT 80","DAVE PELZ",528.00,W,N,A,-,Y,YOL,3,80,-,-,0.900,H,-,E,Y,4,0,1,2,A,-,03,22350,,N,C,C,A,A,H,-,D,D,1,,,,,Y,,I,11,0,0,1,0,0,0,0,0,0,"- ","- ",38.549759999999999,-121.70838000000001,YOLO,DAVIS,-121.72593277999999,38.545675230000001
6734291,2014,2016-06-23,9280,2014-11-13,0625,017874,,4,1,9,5700,0,1,1,,2,031,"RT 505","RT 16",950.00,N,N,C,-,Y,YOL,3,505,-,-,10.840,H,-,N,Y,4,0,2,2,A,-,03,22350,,N,D,C,A,B,H,-,B,D,1,,,,Y,Y,,A,01,0,0,2,0,0,0,0,0,0,"- ","- ",38.682169999999999,-121.95193999999999,YOLO,UNINCORPORATED,-121.95197779,38.682762310000001
6748052,2014,2015-01-28,5701,2014-11-07,0840,72,3,5,5,5,5701,0,0,0,,0,001,"WEST COVELL BL","CATALINA DR",0.00,,Y,A,-,N,,,,,,,,,,N,4,0,1,2,A,-,17,21451,A,N,D,G,A,A,H,-,A,A,0,,Y,,,Y,Y,A,01,0,0,1,0,0,0,1,0,0,"- ","- ",38.559440000000002,-121.74375000000001,YOLO,DAVIS,-121.75041997,38.560839940000001
6755249,2014,2015-02-05,5704,2014-12-27,1150,00159,,6,5,4,5704,0,0,0,,0,003,"LAKE WASHINGTON BL","SOUTHPORT PKWY",0.00,,Y,A,-,N,,,,,,,,,,Y,3,0,1,2,A,-,09,21453,C,N,D,C,A,A,H,-,A,A,0,,,,,Y,,A,01,0,1,0,0,0,0,0,0,0,"- ","- ",,,YOLO,"WEST SACRAMENTO",-121.54060990000001,38.55638999
6755250,2014,2015-02-05,5704,2014-12-24,1728,00169,,3,5,4,5704,0,0,0,,0,001,"JEFFERSON BL","SACRAMENTO AV",325.00,S,N,B,-,N,,,,,,,,,,N,2,0,1,2,A,-,08,22107,,N,D,C,A,A,H,-,B,D,0,,Y,,,Y,,L,04,1,0,0,0,0,0,1,0,0,"- ","- ",,,YOLO,"WEST SACRAMENTO",-121.52692012999999,38.588622469999997
6758988,2014,2015-02-03,5704,2014-12-13,1715,00161,YOLO,6,5,4,5704,0,0,0,,0,002,"MAPLE ST","WEST CAPITOL AV",50.00,N,N,A,-,N,,,,,,,,,,Y,4,0,1,3,A,-,05,21650,,N,C,C,E,A,H,-,C,D,0,Y,,,,Y,,A,01,0,0,1,0,1,0,0,0,0,"- ","- ",,,YOLO,"WEST SACRAMENTO",-121.53819,38.580047319999998
6763332,2014,2016-06-22,9280,2014-12-03,1240,11706,,3,1,4,5704,0,1,1,,2,010,"RT 80","WEST CAPITOL AV",180.00,E,N,B,C,Y,YOL,3,80,-,R,10.190,H,-,W,Y,3,0,1,1,A,-,08,22107,,N,E,I,A,B,H,-,A,D,1,,,,,Y,,A,07,0,1,0,0,0,0,0,0,0,"- ","- ",38.578670000000002,-121.56131999999999,YOLO,"WEST SACRAMENTO",-121.56134624000001,38.578735119999997
6770031,2014,2016-07-05,9280,2014-12-16,0529,016632,,2,3,9,5700,0,1,3,,2,034,"RT 16","COUNTY ROAD 81",97.00,W,N,B,-,Y,YOL,3,16,-,-,22.190,H,-,W,Y,3,0,1,1,A,-,03,22350,,N,E,J,A,B,C,-,D,D,0,,,,,Y,,A,01,0,1,0,0,0,0,0,0,0,"- ","- ",38.703870000000002,-121.11333999999999,YOLO,UNINCORPORATED,-122.11047932,38.703630840000002
6770036,2014,2016-07-05,9280,2014-12-18,1235,017772,,4,1,9,5700,0,1,3,,2,034,"RT 16","COUNTY ROAD 71",528.00,W,N,B,-,Y,YOL,3,16,-,-,16.600,H,-,E,Y,4,0,1,1,A,-,08,22107,,N,F,I,A,B,H,-,A,D,0,,,,,Y,,A,01,0,0,1,0,0,0,0,0,0,"- ","- ",38.768819999999998,-122.16661000000001,YOLO,UNINCORPORATED,-122.16510177000001,38.767230990000002
6770444,2014,2016-06-23,9280,2014-11-07,1250,017629,,5,1,9,5700,0,1,3,,2,023,"RT 113","COUNTY ROAD 14",0.00,,Y,A,-,Y,YOL,3,113,-,-,17.685,I,5,S,Y,2,0,3,2,A,-,12,22450,A,N,D,C,A,A,H,-,A,A,0,,,,,Y,,A,01,1,2,0,0,0,0,0,0,0,"- ","- ",38.778669999999998,-121.7749,YOLO,UNINCORPORATED,-121.77495399999999,38.778649000000001
6771062,2014,2015-02-10,5701,2014-12-16,1858,113,4,2,5,5,5701,0,0,0,,0,002,"RUSSELL BL","OAK AV",0.00,,Y,B,C,N,,,,,,,,,,N,4,0,1,2,A,-,03,22350,,N,H,G,A,B,H,-,C,A,0,,Y,,,Y,,L,04,0,0,1,0,0,0,0,0,0,"- ","- ",,,YOLO,DAVIS,-121.75279997,38.546299900000001