CASE_ID,ACCIDENT_YEAR,PROC_DATE,JURIS,COLLISION_DATE,COLLISION_TIME,OFFICER_ID,REPORTING_DISTRICT,DAY_OF_WEEK,CHP_SHIFT,POPULATION,CNTY_CITY_LOC,SPECIAL_COND,BEAT_TYPE,CHP_BEAT_TYPE,CITY_DIVISION_LAPD,CHP_BEAT_CLASS,BEAT_NUMBER,PRIMARY_RD,SECONDARY_RD,DISTANCE,DIRECTION,INTERSECTION,WEATHER_1,WEATHER_2,STATE_HWY_IND,CALTRANS_COUNTY,CALTRANS_DISTRICT,STATE_ROUTE,ROUTE_SUFFIX,POSTMILE_PREFIX,POSTMILE,LOCATION_TYPE,RAMP_INTERSECTION,SIDE_OF_HWY,TOW_AWAY,COLLISION_SEVERITY,NUMBER_KILLED,NUMBER_INJURED,PARTY_COUNT,PRIMARY_COLL_FACTOR,PCF_CODE_OF_VIOL,PCF_VIOL_CATEGORY,PCF_VIOLATION,PCF_VIOL_SUBSECTION,HIT_AND_RUN,TYPE_OF_COLLISION,MVIW,PED_ACTION,ROAD_SURFACE,ROAD_COND_1,ROAD_COND_2,LIGHTING,CONTROL_DEVICE,CHP_ROAD_TYPE,PEDESTRIAN_ACCIDENT,BICYCLE_ACCIDENT,MOTORCYCLE_ACCIDENT,TRUCK_ACCIDENT,NOT_PRIVATE_PROPERTY,ALCOHOL_INVOLVED,STWD_VEHTYPE_AT_FAULT,CHP_VEHTYPE_AT_FAULT,COUNT_SEVERE_INJ,COUNT_VISIBLE_INJ,COUNT_COMPLAINT_PAIN,COUNT_PED_KILLED,COUNT_PED_INJURED,COUNT_BICYCLIST_KILLED,COUNT_BICYCLIST_INJURED,COUNT_MC_KILLED,COUNT_MC_INJURED,PRIMARY_RAMP,SECONDARY_RAMP,LATITUDE,LONGITUDE,COUNTY,CITY,POINT_X,POINT_Y
92388362,2024,2024-05-13,9280,2024-05-12,1255,015353,,7,1,9,5700,0,2,4,,2,025,"COUNTY ROAD 98","COUNTY ROAD 28",700.00,S,N,A,-,N,,,,,,,,,,N,4,0,1,2,A,-,06,21751,,N,B,C,A,A,H,-,A,D,0,,,,,Y,,A,07,0,0,1,0,0,0,0,0,0,"- ","- ",38.603130340576172,-121.80304718017578,YOLO,UNINCORPORATED,-121.80307006835938,38.603118896484375
92390605,2024,2024-05-15,9280,2024-05-09,"735 ",018352,,4,1,9,5700,0,1,1,,2,010,"I-80 E/B","WEBSTER STREET",6386.00,E,N,A,-,Y,YOL,,80," "," ",4.594,H,,R,N,4,0,1,3,A,-,03,22350,,N,C,C,A,A,D,-,A,D,0,,,,,Y,,A,01,0,0,1,0,0,0,0,0,0,"- ","- ",38.559749603271484,-121.66030883789062,YOLO,UNINCORPORATED,-121.66030883789062,38.559749603271484
92391497,2024,2024-05-16,9280,2024-05-09,1700,018352,,4,2,4,5704,0,1,2,,2,011,"US-50 W/B","HARBOR BLVD",2783.00,W,N,A,-,Y,YOL,,50," "," ",0.860,H,,L,Y,3,0,2,3,A,-,03,22350,,N,C,C,A,A,D,-,A,D,0,,,,,Y,,A,07,0,1,1,0,0,0,0,0,0,"- ","- ",38.575130462646484,-121.55506896972656,YOLO,"WEST SACRAMENTO",-121.55506896972656,38.575157165527344
92391508,2024,2024-05-16,9280,2024-05-09,2215,022326,,4,3,9,5700,0,1,1,,2,010,"I-80 W/B","ENTERPRISE BLVD",6864.00,W,N,A,-,Y,YOL,,80," "," ",7.867,H,,L,Y,4,0,1,2,A,-,07,21658,A,F,B,2,A,A,D,-,D,D,0,,,,,Y,,-,99,0,0,1,0,0,0,0,0,0,"- ","- ",38.570209503173828,-121.60128784179688,YOLO,UNINCORPORATED,-121.60128784179688,38.570201873779297
92391675,2024,2024-05-16,9280,2024-05-15,1520,017983,,3,2,4,5704,0,1,2,,2,011,"US-50 W/B","HARBOR BLVD",2904.00,E,N,A,-,Y,YOL,,50," "," ",1.771,H,,L,Y,3,0,1,1,A,-,08,22107,,N,E,8,A,A,D,-,A,D,0,,,,,Y,,A,01,0,1,0,0,0,0,0,0,0,"- ","- ",38.575061798095703,-121.53820037841797,YOLO,"WEST SACRAMENTO",-121.53820037841797,38.575107574462891
92392634,2024,2024-05-17,9280,2024-05-12,"306 ",021510,,7,3,9,5700,0,3,5,,2,003,"COUNTY ROAD 23","COUNTY ROAD 89",5808.00,E,N,A,-,N,,,,,,,,,,Y,3,0,1,1,A,-,01,23152,A,N,E,I,A,A,H,-,D,D,0,,,,,Y,Y,D,22,0,1,0,0,0,0,0,0,0,"- ","- ",38.66754150390625,-121.99028778076172,YOLO,UNINCORPORATED,-121.97084808349609,38.663871765136719
92394193,2024,2024-05-20,9280,2024-05-17,2106,022667,,5,2,9,5700,0,3,5,,2,001,"CHILES RD","COUNTY ROAD 105D",20.00,W,N,A,-,N,,,,,,,,,,Y,4,0,4,2,A,-,01,23152,A,N,A,2,A,A,H,-,D,D,0,,,,,Y,Y,A,01,0,0,4,0,0,0,0,0,0,"- ","- ",38.558799743652344,-121.66475677490234,YOLO,UNINCORPORATED,,
9239458,2021,2021-05-03,5704,2021-04-12,2206,06210,,1,5,4,5704,0,0,0,,0,003,"JEFFERSON BL","HIGGINS RD",0.00,,Y,A,-,N,,,,,,,,,,Y,2,0,3,2,A,-,12,21453,A,N,D,C,A,A,H,-,C,A,0,,,,,Y,,D,22,1,1,1,0,0,0,0,0,0,"- ","- ",38.546649932861328,-121.54296875,YOLO,"WEST SACRAMENTO",-121.54302215576172,38.546695709228516
9239466,2021,2021-05-03,5704,2021-04-11,1938,06194,,7,5,4,5704,0,0,0,,0,002,"WEST CAPITOL AV","JEFFERSON BL",0.00,,Y,A,-,N,,,,,,,,,,N,4,0,1,2,A,-,21,22106,,N,C,C,A,A,H,-,C,A,0,,,,Y,Y,,G,25,0,0,1,0,0,0,0,0,0,"- ","- ",38.580661773681641,-121.52651977539062,YOLO,"WEST SACRAMENTO",-121.52664947509766,38.580722808837891
92399985,2024,2024-08-14,9280,2024-05-17,1910,021510,,5,2,9,5700,0,3,5,,2,002,"6TH STREET","RAILROAD STREET",0.00,,Y,A,-,N,,,,,,,,,,Y,2,0,1,1,A,-,01,23152,A,N,E,8,A,A,H,-,A,D,0,,,,,Y,Y,A,01,1,0,0,0,0,0,0,0,0,"- ","- ",38.798179626464844,-121.7186279296875,YOLO,UNINCORPORATED,-121.71858215332031,38.798198699951172
92400058,2024,2024-05-28,9280,2024-05-19,"25  ",022667,,7,3,9,5700,0,1,1,,2,010,"I-80 E/B","ENTERPRISE BLVD U/C",2587.00,W,N,A,-,Y,YOL,,80," "," ",8.688,H,,R,N,4,0,1,2,A,-,03,22350,,N,C,C,A,A,C,D,D,D,0,,,,,Y,,A,01,0,0,1,0,0,0,0,0,0,"- ","- ",38.572658538818359,-121.58644866943359,YOLO,UNINCORPORATED,-121.58646392822266,38.572715759277344
92401165,2024,2024-05-29,9280,2024-05-24,"645 ",017963,,5,1,9,5700,0,3,5,,2,002,"COUNTY ROAD 99","COUNTY ROAD 25A",0.00,,Y,A,-,N,,,,,,,,,,Y,4,0,2,3,A,-,12,22450,A,N,D,C,A,A,H,-,A,D,0,,,,,Y,,A,01,0,0,2,0,0,0,0,0,0,"- ","- ",38.641201019287109,-121.78456115722656,YOLO,UNINCORPORATED,-121.78459167480469,38.641193389892578
92401207,2024,2024-05-29,9280,2024-05-27,"252 ",017874,,1,3,9,5700,0,1,1,,2,020,"INTERSTATE 5 S/B","COUNTY ROAD 22",1500.00,N,N,A,-,Y,YOL,,5," "," ",1.044,H,,L,Y,3,0,1,2,A,-,03,22350,,N,C,C,A,A,H,-,C,D,0,,,,Y,Y,,G,27,0,1,0,0,0,0,0,0,0,"- ","- ",38.673229217529297,-121.64560699462891,YOLO,UNINCORPORATED,-121.64560699462891,38.673252105712891
92401298,2024,2024-05-29,9280,2024-05-25,1005,017963,,6,1,9,5700,0,1,3,,2,034,SR-16,"COLUSA COUNTY LINE",1584.00,E,N,A,-,Y,YOL,,16," "," ",0.268,H,,R,Y,3,0,1,1,A,-,08,22107,,N,E,8,A,A,H,-,A,D,0,,,,,Y,,D,22,0,1,0,0,0,0,0,0,0,"- ","- ",38.923480987548828,-122.32762145996094,YOLO,UNINCORPORATED,-122.32771301269531,38.923561096191406
92402207,2024,2024-05-30,9280,2024-05-17,2323,022215,,5,3,9,5700,0,1,3,,2,034,"STATE ROUTE 16",INTERSTATE-505,500.00,E,N,A,-,Y,YOL,,16," "," ",32.334,H,,R,Y,2,0,2,2,A,-,01,23152,A,N,D,2,A,A,H,-,D,D,0,,,,,Y,Y,A,08,1,0,1,0,0,0,0,0,0,"- ","- ",38.679309844970703,-121.9500732421875,YOLO,UNINCORPORATED,-121.95005798339844,38.679347991943359
92403273,2024,2024-05-31,9280,2024-05-26,"230 ",022326,,7,3,9,5700,0,3,5,,2,001,"OLD RIVER RD","COUNTY ROAD 124",210.00,N,N,A,-,N,,,,,,,,,,N,4,0,1,1,C,-,18,,,N,E,H,A,A,H,-,D,D,0,,,,,Y,,-,"- ",0,0,1,0,0,0,0,0,0,"- ","- ",38.661411285400391,-121.61451721191406,YOLO,UNINCORPORATED,-121.61438751220703,38.661323547363281
92403284,2024,2024-05-31,9280,2024-05-29,1740,022326,,3,2,5,5701,0,1,1,,2,010,"I-80 E/B","YOLO/ SOLANO COUNTY LINE",50.00,E,N,A,-,Y,YOL,,80," "," ",0.024,H,,R,Y,4,0,1,3,A,-,03,22350,,N,C,2,A,A,H,-,A,D,0,,,,,Y,,A,01,0,0,1,0,0,0,0,0,0,"- ","- ",38.537879943847656,-121.73813629150391,YOLO,DAVIS,-121.73810577392578,38.537857055664062
92403288,2024,2024-05-31,9280,2024-05-30,1642,017963,,4,2,9,5700,0,1,1,,2,020,"I-5 S/B","OLD RIVER RD",792.00,N,N,A,-,Y,YOL,,5," "," ",0.301,H,,L,Y,4,0,1,2,A,-,03,22350,,N,C,C,A,A,H,-,A,D,0,,,,,Y,,A,01,0,0,1,0,0,0,0,0,0,"- ","- ",38.673179626464844,-121.63175964355469,YOLO,UNINCORPORATED,-121.63175964355469,38.673171997070312
92405288,2024,2024-06-04,9280,2024-05-27,1742,018316,,1,2,9,5700,0,3,5,,2,002,"COUNTY ROAD 27","COUNTY ROAD 97",16.00,W,N,A,-,N,,,,,,,,,,Y,3,0,2,2,A,-,05,21752,D,N,C,C,A,A,H,-,A,D,0,,,,,Y,,A,07,0,1,1,0,0,0,0,0,0,"- ","- ",38.619621276855469,-121.82524108886719,YOLO,UNINCORPORATED,-121.82515716552734,38.61962890625
92405309,2024,2024-06-04,9280,2024-05-31,"640 ",017983,,5,1,9,5700,0,1,1,,2,010,"I-80 E/B","ENTERPRISE BLVD",6072.00,W,N,A,-,Y,YOL,,80," "," ",8.020,H,,R,Y,4,0,1,4,A,-,03,22350,,N,C,C,A,A,D,-,A,D,0,,,,,Y,,A,01,0,0,1,0,0,0,0,0,0,"- ","- ",38.570549011230469,-121.5985107421875,YOLO,UNINCORPORATED,-121.5985107421875,38.570560455322266
92408910,2024,2024-06-07,9280,2024-06-04,"835 ",015353,,2,1,9,5700,0,1,1,,2,010,"I-80 E/B",WEBSTER,5280.00,W,N,A,-,Y,YOL,,80," "," ",4.784,H,,R,N,3,0,1,2,A,-,03,22350,,N,C,C,A,A,D,-,A,D,0,,,,,Y,,D,22,0,1,0,0,0,0,0,0,0,"- ","- ",38.56024169921875,-121.65683746337891,YOLO,UNINCORPORATED,-121.65684509277344,38.560253143310547
92410728,2024,2024-06-10,9280,2024-06-06,1155,017983,,4,1,9,5700,0,1,1,,2,010,"I-80 W/B","ENTERPRISE BOULEVARD",3432.00,W,N,A,-,Y,YOL,,80," "," ",8.531,H,,L,Y,3,0,2,4,A,-,03,22350,,N,C,C,A,A,D,-,A,D,0,,,,,Y,,A,01,0,1,1,0,0,0,0,0,0,"- ","- ",38.572338104248047,-121.58930969238281,YOLO,UNINCORPORATED,-121.58930969238281,38.572345733642578
92417135,2024,2024-06-18,9280,2024-06-11,"850 ",015353,,2,1,9,5700,0,3,5,,2,001,"COUNTY ROAD 32B","COUNTY ROAD 105",528.00,W,N,A,-,N,,,,,,,,,,Y,4,0,1,2,A,-,03,22350,,N,C,C,A,A,H,-,A,D,0,,,,,Y,,D,22,0,0,1,0,0,0,0,0,0,"- ","- ",38.558551788330078,-121.66642761230469,YOLO,UNINCORPORATED,,
92417158,2024,2024-08-14,9280,2024-06-13,1055,023616,,4,1,5,5701,0,1,1,,2,010,"I-80 E/B","MACE BLVD",2640.00,W,N,A,-,Y,YOL,,80," "," ",2.168,H,,R,N,4,0,1,2,A,-,07,21658,A,N,B,C,A,A,H,-,A,D,0,,,,Y,Y,,A,01,0,0,1,0,0,0,0,0,0,"- ","- ",38.550739288330078,-121.70350646972656,YOLO,DAVIS,-121.70352935791016,38.550800323486328
92419247,2024,2024-06-20,9280,2024-06-13,1510,016144,,4,2,5,5701,0,1,1,,2,010,"I-80 E/B","MACE BLVD",2112.00,W,N,A,-,Y,YOL,,80," "," ",1.366,H,,R,N,3,0,1,2,A,-,03,22350,,N,C,C,A,A,H,-,A,D,0,,,,,Y,,A,01,0,1,0,0,0,0,0,0,0,"- ","- ",38.547649383544922,-121.71775817871094,YOLO,DAVIS,-121.71772766113281,38.547565460205078
92419300,2024,2024-06-20,9280,2024-06-18,"710 ",015353,,2,1,9,5700,0,3,5,,2,002,"COUNTY ROAD 27","COUNTY ROAD 98",1000.00,E,N,A,-,N,,,,,,,,,,N,3,0,1,2,A,-,06,21750,A,M,E,I,A,A,H,-,A,D,0,,,,,Y,,-,99,0,1,0,0,0,0,0,0,0,"- ","- ",38.619468688964844,-121.79361724853516,YOLO,UNINCORPORATED,-121.79939270019531,38.619590759277344
9241935,2021,2021-04-15,5704,2021-03-19,1054,00174,,5,5,4,5704,0,0,0,,0,003,"LAKE WASHINGTON BL","SOUTHPORT PKWY",0.00,,Y,B,-,N,,,,,,,,,,Y,4,0,2,2,A,-,03,22350,,N,C,C,A,B,H,-,A,A,0,,,,,Y,,A,01,0,0,2,0,0,0,0,0,0,"- ","- ",38.556400299072266,-121.54060363769531,YOLO,"WEST SACRAMENTO",-121.54061126708984,38.556388854980469
92419371,2024,2024-06-20,9280,2024-06-14,1220,017983,,5,1,4,5704,0,1,1,,2,010,"I-80 E/B","REED AVE",2693.00,W,N,A,-,Y,YOL,,80," ",R,10.714,H,,R,Y,3,0,1,2,A,-,07,21658,A,N,B,C,A,A,D,-,A,D,0,,,,,Y,,A,07,0,1,0,0,0,0,0,0,0,"- ","- ",38.585411071777344,-121.55648803710938,YOLO,"WEST SACRAMENTO",-121.55645751953125,38.585395812988281
92419476,2024,2024-06-20,9280,2024-06-14,1515,017983,,5,2,4,5704,0,1,2,,2,011,"US-50 W/B","JEFFERSON BLVD",345.00,W,N,A,-,Y,YOL,,50," "," ",2.420,H,,L,Y,3,0,2,4,A,-,03,22350,,N,C,C,A,A,D,-,A,D,0,,,,,Y,,A,01,0,1,1,0,0,0,0,0,0,"- ","- ",38.577171325683594,-121.52645874023438,YOLO,"WEST SACRAMENTO",-121.52645874023438,38.577186584472656
92420266,2024,2024-06-21,9280,2024-06-12,2040,022326,,3,2,4,5704,0,1,1,,2,010,"US-50 E/B","I-80 WB TO US-50 E/B",230.00,W,N,A,-,Y,YOL,,50," "," ",0.422,H,,R,Y,4,0,1,2,A,-,07,21658,A,N,C,C,A,A,D,-,B,D,0,,,,,Y,,A,01,0,0,1,0,0,0,0,0,0,"- ","- ",38.575298309326172,-121.56314086914062,YOLO,"WEST SACRAMENTO",-121.56313323974609,38.575397491455078
92422269,2024,2024-06-24,9280,2024-06-18,"910 ",016042,,2,1,9,5700,0,3,5,,2,002,"COUNTY ROAD 22","I 5 NORTHBOUND COUNTY ROAD 22 OFFRAMP",550.00,W,N,A,-,N,,,,,,,,,,Y,2,0,1,1,A,-,01,23152,A,N,E,8,A,A,H,-,A,D,0,,,,,Y,Y,D,22,1,0,0,0,0,0,0,0,0,"- ","- ",38.676719665527344,-121.63993835449219,YOLO,UNINCORPORATED,,
92422980,2024,2024-06-25,9280,2024-06-15,1918,022667,,6,2,9,5700,0,3,5,,2,001,"SOUTH RIVER ROAD","COUNTY ROAD 141",4752.00,S,N,A,-,N,,,,,,,,,,N,4,0,1,2,A,-,17,22109,,M,F,0,A,A,H,-,A,D,0,,,Y,,Y,,-,99,0,0,1,0,0,0,0,0,1,"- ","- ",38.395069122314453,-121.51455688476562,YOLO,UNINCORPORATED,-121.51454162597656,38.395088195800781
9242303,2021,2021-04-07,5703,2021-02-18,1222,2070,11,4,5,4,5703,0,0,0,,0,001,"DEPOT ST","EAST ST",430.00,E,N,A,-,,,,,,,,,,,Y,4,0,1,3,A,-,08,22107,,N,B,E,A,A,H,-,A,D,0,,,,,Y,,A,01,0,0,1,0,0,0,0,0,0,"- ","- ",38.676448822021484,-121.76541137695312,YOLO,WOODLAND,-121.76393127441406,38.676433563232422
92428912,2024,2024-07-02,9280,2024-06-22,2350,018352,,6,3,9,5700,0,1,3,,2,034,"SR16 W/B","COUNTY ROAD 44",8.00,E,N,A,-,N,,,,,,,,,,Y,2,0,3,1,A,-,01,23152,A,N,E,I,A,A,H,-,D,D,0,,,,,Y,Y,D,22,3,0,0,0,0,0,0,0,0,"- ","- ",38.850090026855469,-121.20706939697266,YOLO,UNINCORPORATED,-122.20716094970703,38.850318908691406
92433234,2024,2024-07-08,9280,2024-06-30,"905 ",016042,,7,1,9,5700,0,1,1,,2,010,"I-80 W/B","COUNTY ROAD 32A",100.00,W,N,A,-,Y,YOL,,80," "," ",5.781,H,,L,Y,3,0,4,2,A,-,03,22350,,N,C,D,A,A,D,E,A,D,0,,,,,Y,,A,07,0,4,0,0,0,0,0,0,0,"- ","- ",38.563468933105469,-121.63886260986328,YOLO,UNINCORPORATED,-121.63887023925781,38.563499450683594
92433299,2024,2024-07-08,9280,2024-06-30,1725,017874,,7,2,9,5700,0,1,3,,2,032,"STATE ROUTE 128","LAKE BERRYESSA",9504.00,E,N,A,-,Y,YOL,,128," "," ",1.781,H,,R,Y,3,0,1,1,A,-,03,22350,,N,E,I,A,A,H,-,A,D,0,,,Y,,Y,,C,02,0,1,0,0,0,0,0,0,1,"- ","- ",38.515769958496094,-122.06561279296875,YOLO,UNINCORPORATED,-122.06557464599609,38.515708923339844
92436598,2024,2024-07-12,9280,2024-07-05,1845,021248,,5,2,9,5700,0,1,1,,2,020,"I-5 N/B","COUNTY ROAD 102",8976.00,E,N,A,-,Y,YOL,,5," "," ",3.807,H,,R,Y,2,0,1,2,A,-,03,22350,,N,C,C,A,A,H,-,A,D,0,,,,,Y,,A,01,1,0,0,0,0,0,0,0,0,"- ","- ",38.673690795898438,-121.69671630859375,YOLO,UNINCORPORATED,-121.69671630859375,38.67376708984375
92440248,2024,2024-07-16,9280,2024-07-07,1144,016144,,7,1,9,5700,0,1,2,,2,011,"US-50 W/B","HARBOR BLVD",1056.00,W,N,A,-,Y,YOL,,50," "," ",0.977,H,,L,Y,4,0,1,2,A,-,03,22350,,N,C,C,A,A,D,-,A,D,0,,,,,Y,,A,01,0,0,1,0,0,0,0,0,0,"- ","- ",38.575168609619141,-121.55288696289062,YOLO,UNINCORPORATED,-121.55288696289062,38.575126647949219
92440252,2024,2024-07-16,9280,2024-07-08,1220,016144,,1,1,9,5700,0,1,3,,2,022,"SR-113 N/B","COUNTY ROAD 25A",1584.00,N,N,A,-,Y,YOL,,113," ",R,8.363,H,,R,N,4,0,1,1,A,-,08,22107,,N,E,C,A,A,H,-,A,D,0,,,,,Y,,A,08,0,0,1,0,0,0,0,0,0,"- ","- ",38.650688171386719,-121.75591278076172,YOLO,UNINCORPORATED,-121.75563049316406,38.650615692138672
92440585,2024,2024-07-16,9280,2024-07-11,"720 ",017963,,4,1,4,5704,0,1,2,,2,011,"US-50 W/B TO HARBOR BLVD","HARBOR BLVD",441.00,E,N,A,-,Y,,,,,,,,,,Y,4,0,1,2,A,-,03,22350,,N,C,C,A,A,D,-,A,D,0,,,,Y,Y,,-,35,0,0,1,0,0,0,0,0,0,"- ","- ",38.575748443603516,-121.54696655273438,YOLO,"WEST SACRAMENTO",-121.54764556884766,38.575141906738281
92440606,2024,2024-07-16,9280,2024-07-12,"825 ",017874,,5,1,9,5700,0,3,5,,2,002,"COUNTY ROAD 99","COUNTY ROAD 26 (MOELLER LN)",0.00,,Y,A,-,N,,,,,,,,,,Y,3,0,1,2,A,-,08,22107,,N,D,C,A,A,H,-,A,D,0,,,,,Y,,D,22,0,1,0,0,0,0,0,0,0,"- ","- ",38.626678466796875,-121.78495788574219,YOLO,UNINCORPORATED,,
92440653,2024,2024-07-16,9280,2024-07-14,1045,017874,,7,1,4,5704,0,1,1,,2,010,"INTERSTATE 80 W/B","ENTERPRISE BLVD OFF-RAMP",1600.00,E,N,A,-,Y,YOL,,80," ",R,9.848,H,,L,N,4,0,1,2,A,-,03,22350,,N,C,C,A,A,H,-,A,D,0,,,,,Y,,A,01,0,0,1,0,0,0,0,0,0,"- ","- ",38.575889587402344,-121.56607818603516,YOLO,"WEST SACRAMENTO",-121.56608581542969,38.575923919677734
92443461,2024,2024-07-19,9280,2024-07-14,"115 ",016616,,7,3,9,5700,0,3,5,,2,002,"COUNTY ROAD 31","COUNTY ROAD 97",1088.00,W,N,B,-,N,,,,,,,,,,Y,3,0,3,2,A,-,06,21751,,N,A,C,A,A,H,-,D,D,0,,,,,Y,,D,22,0,3,0,0,0,0,0,0,0,"- ","- ",38.561611175537109,-121.82563781738281,YOLO,UNINCORPORATED,-121.82550811767578,38.561550140380859
9244589,2021,2021-04-13,5704,2021-03-12,0854,00174,,5,5,4,5704,0,0,0,,0,003,"JEFFERSON BL","ARMFIELD AV",1296.00,S,N,A,-,N,,,,,,,,,,Y,4,0,1,2,A,-,05,21460,A,N,B,C,A,A,H,-,A,D,0,,,,,Y,,A,01,0,0,1,0,0,0,0,0,0,"- ","- ",38.507999420166016,-121.57879638671875,YOLO,"WEST SACRAMENTO",-121.58189392089844,38.505210876464844
9245216,2021,2021-04-14,5701,2021-03-17,0640,127,7,3,5,5,5701,0,0,0,,0,003,"MACE BL","2ND ST",144.00,N,N,A,-,N,,,,,,,,,,Y,3,0,2,4,A,-,03,22350,,N,C,C,A,A,H,-,B,A,0,,,,,Y,,A,01,0,2,0,0,0,0,0,0,0,"- ","- ",38.556568145751953,-121.69419860839844,YOLO,DAVIS,-121.69423675537109,38.556896209716797
9245577,2021,2021-04-07,5704,2021-03-12,1029,06616,,5,5,4,5704,0,0,0,,0,002,"RT 80","HARBOR BL",0.00,,Y,A,-,Y,YOL,3,50,-,-,1.379,R,1,W,Y,4,0,1,2,A,-,08,22107,,F,E,I,A,A,H,-,A,A,0,,,,,Y,,A,01,0,0,1,0,0,0,0,0,0,WF,"- ",,,YOLO,"WEST SACRAMENTO",-121.54544067382812,38.575141906738281
9249989,2021,2021-04-27,5703,2021-03-30,1427,2875,31,2,5,4,5703,0,0,0,,0,004,"EAST MAIN ST","INDUSTRIAL WY",30.00,W,N,A,-,N,,,,,,,,,,N,4,0,1,3,A,-,03,22350,,N,C,C,A,A,H,-,A,A,0,,,,,Y,,A,01,0,0,1,0,0,0,0,0,0,"- ","- ",,,YOLO,WOODLAND,-121.75302886962891,38.677291870117188
9249990,2021,2021-04-27,5703,2021-03-27,1620,2070,84,6,5,4,5703,0,0,0,,0,002,"N COTTONWOOD ST","WEST WOODLAND AV",560.00,S,N,A,-,N,,,,,,,,,,Y,2,0,1,2,A,-,08,22102,,N,D,C,A,A,H,-,A,D,0,,,Y,,Y,,A,01,1,0,0,0,0,0,0,0,1,"- ","- ",38.688499450683594,-121.79344177246094,YOLO,WOODLAND,-121.79363250732422,38.686943054199219
9250087,2021,2021-04-27,5703,2021-03-21,1429,2070,11,7,5,4,5703,0,0,0,,0,001,"DOODS DR","MATMOR RD",104.00,W,N,A,-,N,,,,,,,,,,Y,3,0,1,2,A,-,01,23152,A,N,C,E,A,A,H,-,A,D,0,,,,,Y,Y,A,01,0,1,0,0,0,0,0,0,0,"- ","- ",38.673000335693359,-121.75621795654297,YOLO,WOODLAND,-121.75666809082031,38.672981262207031
9250185,2021,2021-05-12,5703,2021-04-08,1624,2816,42,4,5,4,5703,0,0,0,,0,002,"COURT ST","WALNUT ST",205.00,W,N,A,-,N,,,,,,,,,,Y,4,0,1,2,A,-,03,22350,,N,C,C,A,A,H,-,A,D,0,,,,,Y,,A,01,0,0,1,0,0,0,0,0,0,"- ","- ",38.678859710693359,-121.77813720703125,YOLO,WOODLAND,-121.77887725830078,38.678810119628906
9250213,2021,2021-04-23,5701,2021-04-03,1937,222,6,6,5,5,5701,0,0,0,,0,003,"MOORE BL","POLE LINE RD",564.00,E,N,B,-,N,,,,,,,,,,N,3,0,1,4,A,-,01,23152,A,N,E,E,A,A,H,-,A,D,0,,,,,Y,Y,A,01,0,1,0,0,0,0,0,0,0,"- ","- ",38.570880889892578,-121.72939300537109,YOLO,DAVIS,-121.72878265380859,38.570301055908203
9250299,2021,2021-04-28,5703,2021-03-13,0138,2839,22,6,5,4,5703,0,0,0,,0,002,"COURT ST","6TH ST",184.00,E,N,-,-,N,,,,,,,,,,Y,3,0,1,1,A,-,05,21650,,F,E,I,A,A,H,-,C,D,0,,,Y,,Y,,C,02,0,1,0,0,0,0,0,0,1,"- ","- ",38.6787109375,-121.76664733886719,YOLO,WOODLAND,-121.76600646972656,38.678718566894531
9250347,2021,2021-06-08,5703,2021-04-06,1506,2831,11,2,5,4,5703,0,0,0,,0,003,"GIBSON RD","WEST ST",0.00,,Y,A,-,N,,,,,,,,,,Y,4,0,3,4,A,-,12,21453,A,N,D,C,A,A,H,-,A,A,0,,,,,Y,,A,01,0,0,3,0,0,0,0,0,0,"- ","- ",38.662971496582031,-121.7841796875,YOLO,WOODLAND,-121.78416442871094,38.662975311279297
9251228,2021,2021-04-30,5704,2021-04-01,1330,06054,5704,4,5,4,5704,0,0,0,,0,001,"I STREET BRIDGE","JIBBOOM ST",418.00,W,N,A,-,N,,,,,,,,,,N,3,0,1,2,A,-,05,21650,,F,B,C,A,A,H,-,A,D,0,,,,,Y,,M,47,0,1,0,0,0,0,0,0,0,"- ","- ",,,YOLO,"WEST SACRAMENTO",,
9255193,2021,2021-05-06,5703,2021-04-21,1440,2070,72,3,5,4,5703,0,0,0,,0,003,"ASHLEY AV","W MAIN ST",212.00,S,N,A,-,N,,,,,,,,,,Y,4,0,2,2,A,-,03,22350,,N,C,C,A,A,H,-,A,D,0,,,,,Y,,A,01,0,0,2,0,0,0,0,0,0,"- ","- ",38.677631378173828,-121.79794311523438,YOLO,WOODLAND,-121.79792785644531,38.677059173583984
9257624,2021,2021-05-07,5701,2021-04-18,1840,231,5,7,5,5,5701,0,0,0,,0,002,"J ST","4TH ST",0.00,,Y,A,-,N,,,,,,,,,,Y,3,0,4,3,A,-,09,21804,,N,D,C,A,A,H,-,B,D,0,,,,,Y,,D,22,0,3,1,0,0,0,0,0,0,"- ","- ",38.546791076660156,-121.73625183105469,YOLO,DAVIS,-121.73625946044922,38.546802520751953