CASE_ID,ACCIDENT_YEAR,PROC_DATE,JURIS,COLLISION_DATE,COLLISION_TIME,OFFICER_ID,REPORTING_DISTRICT,DAY_OF_WEEK,CHP_SHIFT,POPULATION,CNTY_CITY_LOC,SPECIAL_COND,BEAT_TYPE,CHP_BEAT_TYPE,CITY_DIVISION_LAPD,CHP_BEAT_CLASS,BEAT_NUMBER,PRIMARY_RD,SECONDARY_RD,DISTANCE,DIRECTION,INTERSECTION,WEATHER_1,WEATHER_2,STATE_HWY_IND,CALTRANS_COUNTY,CALTRANS_DISTRICT,STATE_ROUTE,ROUTE_SUFFIX,POSTMILE_PREFIX,POSTMILE,LOCATION_TYPE,RAMP_INTERSECTION,SIDE_OF_HWY,TOW_AWAY,COLLISION_SEVERITY,NUMBER_KILLED,NUMBER_INJURED,PARTY_COUNT,PRIMARY_COLL_FACTOR,PCF_CODE_OF_VIOL,PCF_VIOL_CATEGORY,PCF_VIOLATION,PCF_VIOL_SUBSECTION,HIT_AND_RUN,TYPE_OF_COLLISION,MVIW,PED_ACTION,ROAD_SURFACE,ROAD_COND_1,ROAD_COND_2,LIGHTING,CONTROL_DEVICE,CHP_ROAD_TYPE,PEDESTRIAN_ACCIDENT,BICYCLE_ACCIDENT,MOTORCYCLE_ACCIDENT,TRUCK_ACCIDENT,NOT_PRIVATE_PROPERTY,ALCOHOL_INVOLVED,STWD_VEHTYPE_AT_FAULT,CHP_VEHTYPE_AT_FAULT,COUNT_SEVERE_INJ,COUNT_VISIBLE_INJ,COUNT_COMPLAINT_PAIN,COUNT_PED_KILLED,COUNT_PED_INJURED,COUNT_BICYCLIST_KILLED,COUNT_BICYCLIST_INJURED,COUNT_MC_KILLED,COUNT_MC_INJURED,PRIMARY_RAMP,SECONDARY_RAMP,LATITUDE,LONGITUDE,COUNTY,CITY,POINT_X,POINT_Y
7038144,2015,2015-09-26,5704,2015-08-05,1855,00108,5704,3,5,4,5704,0,0,0,,0,002,"ENTERPRISE BL","SEAPORT BL",0.00,,Y,A,-,N,,,,,,,,,,Y,4,0,1,2,A,-,09,21802,A,N,D,C,A,A,H,-,A,A,0,,,,Y,Y,,F,21,0,0,1,0,0,0,0,0,0,"- ","- ",,,YOLO,"WEST SACRAMENTO",-121.57852994,38.564229900000001
7041898,2015,2015-09-11,5704,2015-08-28,0756,00173,,5,5,4,5704,0,0,0,,0,003,"LAKE WASHINGTON BL","STONEGATE DR",800.00,W,N,A,-,N,,,,,,,,,,N,3,0,1,2,A,-,09,21803,A,N,D,C,A,A,H,-,A,D,0,,Y,,,Y,,A,07,0,1,0,0,0,0,1,0,0,"- ","- ",,,YOLO,"WEST SACRAMENTO",-121.53442843000001,38.551357690000003
7041914,2015,2015-09-11,5704,2015-08-21,1918,00142,,5,5,4,5704,0,0,0,,0,002,"ENTERPRISE BL","RT 80",450.00,N,N,A,-,N,,,,,,,,,,N,2,0,2,2,A,-,05,21650,,N,G,B,F,A,H,-,A,D,0,Y,,Y,,Y,,C,02,2,0,0,0,1,0,0,0,1,"- ",EO,,,YOLO,"WEST SACRAMENTO",-121.57732,38.574449999999999
7042734,2015,2015-09-01,5704,2015-08-12,1340,165,,3,5,4,5704,0,0,0,,0,001,"REED AV","IKEA CT",130.00,W,N,A,-,N,,,,,,,,,,Y,4,0,3,2,A,-,09,21804,A,N,D,C,A,A,H,-,A,D,0,,,,,Y,,A,01,0,0,3,0,0,0,0,0,0,"- ","- ",,,YOLO,"WEST SACRAMENTO",-121.54910377,38.591745209999999
7044598,2015,2015-09-09,5701,2015-07-28,1943,38,6,2,5,5,5701,0,0,0,,0,003,"POLE LINE RD","WAHL WY",50.00,N,N,A,-,N,,,,,,,,,,N,3,0,1,1,A,-,03,22350,,N,E,I,A,A,H,-,B,A,0,,,Y,,Y,,C,03,0,1,0,0,0,0,0,0,1,"- ","- ",,,YOLO,DAVIS,-121.72738209000001,38.555476990000003
7059325,2015,2015-10-08,5703,2015-09-14,1714,2004,14,1,5,4,5703,0,0,0,,0,004,"GIBSON RD","COLOMA WY",0.00,,Y,A,-,N,,,,,,,,,,Y,4,0,1,2,A,-,12,21453,A,N,D,C,A,A,H,-,A,A,0,,,,,Y,,A,01,0,0,1,0,0,0,0,0,0,"- ","- ",,,YOLO,WOODLAND,-121.76958994,38.662869980000004
7074727,2015,2015-09-25,5701,2015-09-01,1802,75,4,2,5,5,5701,0,0,0,,0,002,"3RD ST","L ST",30.00,W,N,A,-,N,,,,,,,,,,N,4,0,1,2,A,-,01,23152,A,F,C,C,A,A,H,-,A,A,0,,,,,Y,Y,D,22,0,0,1,0,0,0,0,0,0,"- ","- ",,,YOLO,DAVIS,-121.73384233,38.545881829999999
7077455,2015,2015-10-13,5703,2015-09-09,1744,2827,22,3,5,4,5703,0,0,0,,0,002,"COLLEGE ST","COURT ST",8.00,S,N,A,-,N,,,,,,,,,,N,4,0,1,2,A,-,09,21801,,N,D,G,A,A,H,-,A,A,0,,Y,,,Y,,D,22,0,0,1,0,0,0,1,0,0,"- ","- ",38.678800000000003,-121.77471,YOLO,WOODLAND,-121.77470069,38.678738039999999
7079291,2015,2015-10-19,5701,2015-09-10,1620,105,2,4,5,5,5701,0,0,0,,0,001,"VILLANOVA DR","ANDERSON RD",0.00,,Y,A,-,N,,,,,,,,,,N,3,0,1,2,A,-,09,21801,,N,H,G,A,A,H,-,A,A,0,,Y,,,Y,,A,01,0,1,0,0,0,0,1,0,0,"- ","- ",38.559310000000004,-121.75714000000001,YOLO,DAVIS,-121.75858995999999,38.556189889999999
7080649,2015,2015-09-30,5704,2015-09-11,1747,00190,,5,5,4,5704,0,0,0,,0,003,"LINDEN RD","JEFFERSON BL N",225.00,E,N,A,-,N,,,,,,,,,,N,4,0,1,2,A,-,09,21801,A,N,A,C,A,A,H,-,A,D,0,,,,,Y,,A,01,0,0,1,0,0,0,0,0,0,"- ","- ",,,YOLO,"WEST SACRAMENTO",-121.5497,38.539430000000003
7081557,2015,2015-10-19,5703,2015-09-29,1022,2850,23,2,5,4,5703,0,0,0,,0,001,"EAST ST","E BEAMER ST",0.00,,Y,A,-,N,,,,,,,,,,Y,4,0,2,2,A,-,12,21453,A,N,D,C,A,A,H,-,A,A,0,,,,,Y,,A,01,0,0,2,0,0,0,0,0,0,"- ","- ",,,YOLO,WOODLAND,-121.76534992000001,38.684659930000002
7087658,2015,2015-10-17,5701,2015-09-11,1251,91,5,5,5,5,5701,0,0,0,,0,002,"L ST","8TH ST",50.00,N,N,A,-,N,,,,,,,,,,N,3,0,1,2,A,-,08,22107,,N,H,G,A,A,H,-,A,D,0,,Y,,,Y,,L,04,0,1,0,0,0,0,1,0,0,"- ","- ",38.546999999999997,-121.73119,YOLO,DAVIS,-121.73485527,38.552910279999999
7087952,2015,2017-01-13,5701,2015-09-03,0756,94,1,4,5,5,5701,0,0,0,,0,001,"WEST COVELL BL","RT 113",200.00,E,N,A,-,Y,YOL,3,113,-,R,2.286,R,4,N,N,4,0,1,3,A,-,03,22350,,N,C,C,A,A,H,-,A,A,0,,,,,Y,,A,01,0,0,1,0,0,0,0,0,0,"- ","- ",,,YOLO,DAVIS,-121.76765089,38.56385272
7087964,2015,2015-10-08,5701,2015-09-13,0146,106,9,7,5,5,5701,0,0,0,,0,004,"EL CEMONTE AV","GLIDE DR",0.00,,Y,A,-,N,,,,,,,,,,Y,4,0,1,3,A,-,01,23152,A,N,E,I,A,A,H,-,C,D,0,,,,,Y,Y,A,01,0,0,1,0,0,0,0,0,0,"- ","- ",38.550829999999998,-121.69135,YOLO,DAVIS,-121.69109988,38.551099979999996
7087972,2015,2015-10-08,5701,2015-09-08,1745,91,7,2,5,5,5701,0,0,0,,0,003,"8TH ST","J ST",0.00,,Y,A,-,N,,,,,,,,,,N,4,0,1,2,A,-,09,21800,A,N,H,G,A,A,H,-,A,A,0,,Y,,,Y,,A,01,0,0,1,0,0,0,1,0,0,"- ","- ",,,YOLO,DAVIS,-121.73874992,38.551789909999997
7087984,2015,2016-07-18,5701,2015-09-21,1701,60,7,1,5,5,5701,0,0,0,,0,003,"2ND ST","MACE BL",225.00,W,N,A,-,N,,,,,,,,,,N,3,0,1,2,A,-,05,21650,1,N,D,G,A,A,H,-,A,D,0,,Y,,,Y,,L,04,0,1,0,0,0,0,1,0,0,"- ","- ",38.556870000000004,-121.69477000000001,YOLO,DAVIS,-121.69490758000001,38.556468240000001
7092725,2015,2017-01-31,5704,2015-10-06,1428,00173,WSPD,2,5,4,5704,0,0,0,,0,002,"ENTERPRISE BL","RT 80",125.00,N,N,A,-,Y,YOL,3,80,-,-,9.105,R,4,E,Y,3,0,1,2,A,-,01,23152,B,N,E,I,A,A,H,-,A,D,0,,,,,Y,Y,A,01,0,1,0,0,0,0,0,0,0,"- ",EO,,,YOLO,"WEST SACRAMENTO",-121.57913824000001,38.573931270000003
7096574,2015,2015-10-16,5703,2015-09-18,1335,2831,101,5,5,4,5703,0,0,0,,0,001,"HANSON WY","COUNTY ROAD 102",1654.00,E,N,A,-,N,,,,,,,,,,Y,4,0,1,2,A,-,09,21804,A,N,B,C,A,A,H,-,A,D,0,,,,,Y,,-,,0,0,1,0,0,0,0,0,0,"- ","- ",,,YOLO,WOODLAND,-121.72269546,38.679676409999999
7096577,2015,2015-10-15,5703,2015-09-21,0830,2850,77,1,5,4,5703,0,0,0,,0,004,"FARMERS CENTRAL RD","MIELKLE AV",0.00,,Y,A,-,N,,,,,,,,,,N,3,0,2,2,A,-,12,22450,A,N,D,C,A,A,H,-,A,A,0,,,,,Y,,A,01,0,1,1,0,0,0,0,0,0,"- ","- ",,,YOLO,WOODLAND,-121.736178,38.654927999999998
7096990,2015,2015-10-19,5701,2015-10-05,0800,91,1,1,5,5,5701,0,0,0,,0,001,"HUMBOLDT AV","IMPERIAL AV",0.00,,Y,A,-,N,,,,,,,,,,N,4,0,1,2,A,-,10,21950,A,N,G,B,B,A,H,-,A,D,0,Y,,,,Y,,A,01,0,0,1,0,1,0,0,0,0,"- ","- ",38.553249999999998,-121.77686,YOLO,DAVIS,-121.77683992,38.553249989999998
7098673,2015,2015-10-20,5701,2015-10-08,1514,11,7,4,5,5,5701,0,0,0,,0,003,"ARROYO AV","LADERA CT",3.00,S,N,A,-,N,,,,,,,,,,Y,3,0,1,1,A,-,08,22107,,N,E,I,A,A,H,-,A,A,0,,,,,Y,,A,08,0,1,0,0,0,0,0,0,0,"- ","- ",38.555320000000002,-121.70137,YOLO,DAVIS,-121.70140021,38.555328090000003
7098676,2015,2015-10-20,5701,2015-10-05,1600,91,2,1,5,5,5701,0,0,0,,0,001,"DRAKE DR","SYCAMORE ST",100.00,W,N,A,-,N,,,,,,,,,,N,4,0,1,2,A,-,09,21804,A,N,H,G,A,A,H,-,A,D,0,,Y,,,Y,,L,04,0,0,1,0,0,0,1,0,0,"- ","- ",38.559989999999999,-121.76485,YOLO,DAVIS,-121.7644008,38.559325999999999
7099082,2015,2015-10-27,5704,2015-10-14,1545,00165,,3,5,4,5704,0,0,0,,0,002,"ENTERPRISE BL","LAKE RD",0.00,,Y,A,-,N,,,,,,,,,,Y,4,0,2,2,A,-,12,21453,A,N,D,C,A,A,H,-,A,A,0,,,,,Y,,A,01,0,0,2,0,0,0,0,0,0,"- ","- ",,,YOLO,"WEST SACRAMENTO",-121.57832990999999,38.57220993
7099084,2015,2015-10-27,5704,2015-10-19,1833,00166,,1,5,4,5704,0,0,0,,0,003,"JEFFERSON BL","LOCKS DR",270.00,N,N,A,-,N,,,,,,,,,,N,4,0,3,2,A,-,04,21703,,N,C,C,A,A,H,-,B,A,0,,,,,Y,,D,22,0,0,3,0,0,0,0,0,0,"- ","- ",,,YOLO,"WEST SACRAMENTO",-121.52929991000001,38.56040454
7102869,2015,2015-10-30,5703,2015-10-10,0328,2893,64,6,5,4,5703,0,0,0,,0,002,"N WEST ST","WEST WOODLAND AV",23.00,S,N,A,-,N,,,,,,,,,,Y,3,0,1,1,A,-,01,23152,A,M,E,I,A,A,H,-,C,A,0,,,,,Y,Y,D,22,0,1,0,0,0,0,0,0,0,"- ","- ",,,YOLO,WOODLAND,-121.78391332,38.688326889999999
7105074,2015,2015-10-28,5701,2015-10-18,1020,1060,UCD,7,5,5,5701,0,0,0,,0,003,"HUTCHISON DR","RAMBLES RD",9.00,N,N,A,-,N,,,,,,,,,,Y,3,0,1,1,A,-,08,22107,,N,E,I,A,A,H,-,A,D,0,,,,,Y,,-,,0,1,0,0,0,0,0,0,0,"- ","- ",,,YOLO,DAVIS,,
7114526,2015,2015-11-09,5703,2015-10-19,1003,2891,22,1,5,4,5703,0,0,0,,0,005,"MAIN ST","4TH ST",40.00,W,N,A,-,N,,,,,,,,,,N,4,0,1,1,A,-,01,23152,A,M,E,I,A,A,H,-,A,A,0,,,,,Y,Y,A,08,0,0,1,0,0,0,0,0,0,"- ","- ",,,YOLO,WOODLAND,-121.76957014,38.677430000000001
7116254,2015,2015-11-24,5701,2015-11-01,1052,100,7,7,5,5,5701,0,0,0,,0,003,"MONARCH LN","BRYANT PL",0.00,,Y,C,-,N,,,,,,,,,,N,3,0,1,2,A,-,21,22106,,N,H,G,A,B,H,-,A,D,0,,Y,,,Y,,A,01,0,1,0,0,0,0,1,0,0,"- ","- ",38.563220000000001,-121.71455,YOLO,DAVIS,-121.71452999,38.563229900000003
7118025,2015,2015-11-17,5704,2015-10-21,1821,00107,,3,5,4,5704,0,0,0,,0,002,"JEFFERSON BL","RIVER RD N",0.00,,Y,A,-,N,,,,,,,,,,N,3,0,2,2,A,-,03,22350,,N,C,C,A,A,H,-,A,A,0,,,,,Y,,A,01,0,2,0,0,0,0,0,0,0,"- ","- ",,,YOLO,"WEST SACRAMENTO",-121.52966988999999,38.559879960000004
7119033,2015,2015-12-04,5704,2015-11-10,1805,165,,2,5,4,5704,0,0,0,,0,002,"BEACON BL","HALYARD DR",0.00,,Y,A,-,N,,,,,,,,,,N,4,0,1,2,A,-,03,22350,,N,C,C,A,A,H,-,C,A,0,,,,,Y,,D,22,0,0,1,0,0,0,0,0,0,"- ","- ",,,YOLO,"WEST SACRAMENTO",-121.55011986,38.571899989999999
7119878,2015,2017-01-31,5704,2015-11-03,1125,06052,WSPD,2,5,4,5704,0,0,0,,0,002,"JEFFERSON BL","RT 50",0.00,,Y,A,-,Y,YOL,3,275,-,-,11.920,R,4,W,Y,4,0,1,3,A,-,09,21801,A,N,A,C,A,A,H,-,A,D,0,,,,,Y,,A,01,0,0,1,0,0,0,0,0,0,"- ",WO,,,YOLO,"WEST SACRAMENTO",-121.52695129,38.577386269999998
7125739,2015,2015-12-03,5703,2015-11-03,0954,2054,42,2,5,4,5703,0,0,0,,0,005,"COURT ST","CLEVELAND ST",0.00,,Y,A,-,N,,,,,,,,,,N,4,0,1,2,A,-,03,22350,,N,C,C,A,A,H,-,A,D,0,,,,,Y,,A,07,0,0,1,0,0,0,0,0,0,"- ","- ",,,YOLO,WOODLAND,-121.77933985,38.678819990000001
7126680,2015,2016-01-11,5704,2015-11-19,0824,6051,,4,5,4,5704,0,0,0,,0,002,"WEST CAPITOL AV","WEST ACRE RD",0.00,,Y,A,-,N,,,,,,,,,,N,3,0,1,2,A,-,12,21453,A,N,D,G,A,A,H,-,A,A,0,,Y,,,Y,,L,04,0,1,0,0,0,0,1,0,0,"- ","- ",,,YOLO,"WEST SACRAMENTO",-121.53063999,38.580429979999998
7128091,2015,2015-12-07,5701,2015-11-10,1601,94,8,2,5,5,5701,0,0,0,,0,004,"OLIVE DR","HICKORY LN",250.00,W,N,A,-,N,,,,,,,,,,N,3,0,1,2,A,-,17,22517,,N,H,G,A,A,H,-,A,A,0,,Y,,,Y,,A,01,0,1,0,0,0,0,1,0,0,"- ","- ",38.541910000000001,-121.73600999999999,YOLO,DAVIS,-121.73676315,38.542062569999999
7128103,2015,2015-12-07,5701,2015-11-10,1118,44,7,2,5,5,5701,0,0,0,,0,003,"MACE BL","2ND ST",0.00,,Y,A,-,N,,,,,,,,,,N,4,0,1,2,A,-,03,22350,,N,C,C,A,A,H,-,A,A,0,,,,,Y,,A,01,0,0,1,0,0,0,0,0,0,"- ","- ",38.556570000000001,-121.6942,YOLO,DAVIS,-121.69413996999999,38.556559909999997
7128251,2015,2017-01-31,5701,2015-11-18,1842,38,7,3,5,5,5701,0,0,0,,0,003,"MACE OVERPASS","RT 80",10.00,N,N,A,-,Y,YOL,3,80,-,-,2.855,R,4,W,N,4,0,1,2,A,-,03,22350,,N,C,C,A,A,H,-,C,A,0,,,,,Y,,A,07,0,0,1,0,0,0,0,0,0,"- ",WO,38.551020000000001,-121.69429,YOLO,DAVIS,-121.69123602000001,38.55365896
7128259,2015,2015-12-07,5701,2015-11-10,1022,94,7,2,5,5,5701,0,0,0,,0,003,"COVELL BL","BAYWOOD LN",0.00,,Y,A,-,N,,,,,,,,,,Y,4,0,2,2,A,-,09,21802,A,N,D,C,A,A,H,-,A,A,0,,,,,Y,,A,01,0,0,2,0,0,0,0,0,0,"- ","- ",,,YOLO,DAVIS,-121.72419993,38.5629299
7132638,2015,2015-12-16,5704,2015-12-07,1700,165,,1,5,4,5704,0,0,0,,0,002,"HARBOR BL","DEL MONTE ST",0.00,,Y,A,-,N,,,,,,,,,,Y,3,0,1,2,A,-,09,21800,A,N,D,C,A,A,H,-,C,A,0,,,,,Y,,A,01,0,1,0,0,0,0,0,0,0,"- ","- ",,,YOLO,"WEST SACRAMENTO",-121.54887992,38.570309989999998
7133133,2015,2015-12-14,5703,2015-10-27,1226,832,53,2,5,4,5703,0,0,0,,0,004,"BOURN DR","CARMEL VALLEY DR",75.00,S,N,B,-,N,,,,,,,,,,N,4,0,1,2,A,-,08,22107,,N,D,G,A,A,H,-,A,D,0,,Y,,,Y,,L,04,0,0,1,0,0,0,1,0,0,"- ","- ",,,YOLO,WOODLAND,-121.74706303000001,38.667154029999999
7133224,2015,2015-12-16,5704,2015-11-23,2300,00166,,1,5,4,5704,0,0,0,,0,003,"TOUCHSTONE PL","LINDEN RD",246.00,N,N,A,-,N,,,,,,,,,,Y,3,0,1,2,A,-,01,23152,A,M,E,I,A,A,H,-,C,D,0,,,,,Y,Y,A,07,0,1,0,0,0,0,0,0,0,"- ","- ",,,YOLO,"WEST SACRAMENTO",-121.54061072,38.551399740000001
7135427,2015,2017-01-31,5702,2015-12-01,0145,533,A,2,5,2,5702,0,0,0,,0,00A,"4TH ST","GRANT AV",4.00,S,N,A,-,Y,YOL,3,128,-,-,8.420,I,6,W,Y,3,0,1,1,A,-,08,22107,,M,A,I,A,A,H,-,C,D,0,,,,,Y,,-,,0,1,0,0,0,0,0,0,0,"- ","- ",,,YOLO,WINTERS,-121.97652204000001,38.522905790000003
7138634,2015,2015-12-23,5704,2015-11-24,2256,117,,2,5,4,5704,0,0,0,,0,002,"JEFFERSON BL","15TH ST",69.00,S,N,A,-,N,,,,,,,,,,Y,4,0,1,1,A,-,08,22107,,N,E,I,A,A,H,-,C,D,0,,,,,Y,,A,01,0,0,1,0,0,0,0,0,0,"- ","- ",,,YOLO,"WEST SACRAMENTO",-121.52349808,38.571126069999998
7145284,2015,2016-01-04,5704,2015-12-17,0803,173,,4,5,4,5704,0,0,0,,0,002,"INDUSTRIAL BL","HARBOR BL",450.00,E,N,A,-,N,,,,,,,,,,N,4,0,1,2,A,-,03,22350,,N,C,C,A,A,H,-,A,D,0,,,,,Y,,D,22,0,0,1,0,0,0,0,0,0,"- ","- ",,,YOLO,"WEST SACRAMENTO",-121.54832519,38.568674090000002
7147383,2015,2016-01-28,5703,2015-11-12,1017,2831,52,4,5,4,5703,0,0,0,,0,003,"W MAIN ST","COTTONWOOD ST",0.00,,Y,A,-,N,,,,,,,,,,N,4,0,1,2,A,-,12,21453,A,N,D,G,A,A,H,-,A,A,0,,Y,,,Y,,L,04,0,0,1,0,0,0,1,0,0,"- ","- ",,,YOLO,WOODLAND,-121.79324996,38.677589990000001
7147926,2015,2016-01-07,5704,2015-12-28,1135,06018,,1,5,4,5704,0,0,0,,0,002,"WEST CAPITOL AV","PINE AV",128.00,E,N,A,-,N,,,,,,,,,,N,4,0,1,2,A,-,09,21801,A,N,D,C,A,A,H,-,A,D,0,,,,,Y,,A,08,0,0,1,0,0,0,0,0,0,"- ","- ",,,YOLO,"WEST SACRAMENTO",-121.55513317,38.578902929999998
7149575,2015,2016-01-13,5703,2015-12-10,1710,2850,84,4,5,4,5703,0,0,0,,0,002,"N COTTONWOOD ST","N COTTONWOOD ST 25",0.00,,Y,A,-,N,,,,,,,,,,N,4,0,1,2,B,-,22,,,N,G,B,F,B,H,-,-,D,0,Y,,,,Y,,-,"- ",0,0,1,0,1,0,0,0,0,"- ","- ",,,YOLO,WOODLAND,-121.79363429999999,38.685996889999998
7150076,2015,2016-01-14,5701,2015-11-29,1912,38,5,7,5,5,5701,0,0,0,,0,002,"L ST","5TH ST",0.00,,Y,A,-,N,,,,,,,,,,N,4,0,2,2,A,-,01,23152,,N,C,C,A,A,H,-,C,A,0,,,,,Y,Y,A,01,0,0,2,0,0,0,0,0,0,"- ","- ",38.548499999999997,-121.73445,YOLO,DAVIS,-121.73447991,38.548449900000001
7152016,2015,2016-01-19,5704,2015-12-29,0007,00166,,2,5,4,5704,0,0,0,,0,002,"SEAPORT BL","PARKWAY BL",1460.00,W,N,A,-,N,,,,,,,,,,Y,2,0,2,4,A,-,17,23109,A,F,B,C,A,A,H,-,C,D,0,,,,Y,Y,Y,A,01,2,0,0,0,0,0,0,0,0,"- ","- ",,,YOLO,"WEST SACRAMENTO",-121.56871467000001,38.565699019999997
7153673,2015,2016-01-21,5701,2015-12-08,1625,91,7,2,5,5,5701,0,0,0,,0,003,"COVELL BL","POLE LINE RD",30.00,E,N,A,-,N,,,,,,,,,,Y,3,0,1,1,A,-,01,23152,A,N,E,J,A,A,H,-,A,A,0,,,,,Y,Y,D,82,0,1,0,0,0,0,0,0,0,"- ","- ",,,YOLO,DAVIS,-121.72293797,38.541421550000003
7154745,2015,2016-01-19,5701,2015-10-30,1718,118,5,5,5,5,5701,0,0,0,,0,002,"L ST","5TH ST",0.00,,Y,A,-,N,,,,,,,,,,N,3,0,1,2,A,-,08,22107,,N,H,G,A,A,H,-,A,A,0,,Y,,Y,Y,,F,86,0,1,0,0,0,0,1,0,0,"- ","- ",38.548499999999997,-121.73445,YOLO,DAVIS,-121.73447991,38.548449900000001
7154811,2015,2016-01-11,5701,2015-12-08,0828,100,7,2,5,5,5701,0,0,0,,0,003,"2ND ST","2795 2ND ST",0.00,,N,B,-,N,,,,,,,,,,N,3,0,2,3,B,-,22,,,N,E,I,A,B,H,-,A,D,0,,,,,Y,,A,01,0,1,1,0,0,0,0,0,0,"- ","- ",38.549120000000002,-121.71702999999999,YOLO,DAVIS,-121.71671927,38.548716589999998
7154821,2015,2016-01-11,5701,2015-11-16,0821,94,7,1,5,5,5701,0,0,0,,0,003,"EAST COVELL BL","COUNTY ROAD 30B",550.00,W,N,A,-,N,,,,,,,,,,N,4,0,1,2,A,-,03,22350,,N,C,C,A,A,H,-,A,A,0,,,,,Y,,A,01,0,0,1,0,0,0,0,0,0,"- ","- ",38.563769999999998,-121.70227,YOLO,DAVIS,-121.6958195,38.563951789999997
7157396,2016,2016-01-20,5701,2016-01-04,1819,45,2,1,5,5,5701,0,0,0,,0,001,"ANDERSON RD","VILLANOVA DR",0.00,,Y,B,-,N,,,,,,,,,,N,4,0,1,2,A,-,09,21801,,N,H,G,A,B,H,-,C,A,0,,Y,,,Y,,A,01,0,0,1,0,0,0,1,0,0,"- ","- ",38.556159999999998,-121.75857999999999,YOLO,DAVIS,-121.75858995999999,38.556189889999999
7157722,2016,2016-01-22,5704,2016-01-03,1300,00165,,7,5,4,5704,0,0,0,,0,002,"INDUSTRIAL AV","TERMINAL ST",0.00,,Y,B,-,N,,,,,,,,,,N,4,0,1,1,A,-,03,22350,,N,E,I,A,A,H,-,A,D,0,,,Y,,Y,,C,03,0,0,1,0,0,0,0,0,1,"- ","- ",,,YOLO,"WEST SACRAMENTO",-121.54321993000001,38.565289999999997
7165628,2015,2016-01-25,5701,2015-12-12,0105,105,2,6,5,5,5701,0,0,0,,0,001,"8TH ST","OESTE DR",0.00,,Y,A,-,N,,,,,,,,,,Y,3,0,2,2,A,-,09,21802,A,N,D,C,A,A,H,-,A,A,0,,,,,Y,Y,A,01,0,1,1,0,0,0,0,0,0,"- ","- ",,,YOLO,DAVIS,-121.75651986,38.550779929999997
7170203,2016,2016-02-03,5701,2016-01-12,1635,83,4,2,5,5,5701,0,0,0,,0,002,"E 8TH ST","D ST",0.00,,Y,A,-,N,,,,,,,,,,N,3,0,1,1,C,-,18,,,N,H,A,A,A,H,-,A,A,0,,Y,,,Y,Y,-,"- ",0,1,0,0,0,0,1,0,0,"- ","- ",38.55095,-121.74447000000001,YOLO,DAVIS,-121.74442989000001,38.55097
7173157,2016,2016-02-04,5704,2016-01-23,0318,06054,,6,5,4,5704,0,0,0,,0,002,"ENTERPRISE BL","LAKE RD",280.00,S,N,B,C,N,,,,,,,,,,Y,3,0,1,1,A,-,01,23152,A,N,E,I,A,B,H,-,C,D,0,,,,,Y,Y,D,22,0,1,0,0,0,0,0,0,0,"- ","- ",,,YOLO,"WEST SACRAMENTO",-121.57846000000001,38.571451500000002
7176080,2016,2016-02-09,5701,2016-01-27,0849,11,1,3,5,5,5701,0,0,0,,0,001,"ARLINGTON BL","SEINE AV",0.00,,Y,A,-,N,,,,,,,,,,Y,4,0,1,2,A,-,09,21802,A,N,D,D,A,A,H,-,A,A,0,,,,,Y,,A,08,0,0,1,0,0,0,0,0,0,"- ","- ",38.554839999999999,-121.78579000000001,YOLO,DAVIS,-121.78615993,38.554859909999998
7179816,2016,2016-02-16,5704,2016-01-27,1145,165,,3,5,4,5704,0,0,0,,0,002,"EVERGREEN AV","WESTACRE RD",0.00,,Y,A,-,N,,,,,,,,,,N,4,0,1,2,A,-,09,21802,A,N,D,G,A,A,H,-,A,A,0,,Y,,,Y,,D,22,0,0,1,0,0,0,1,0,0,"- ","- ",,,YOLO,"WEST SACRAMENTO",-121.53063988,38.576829879999998
7181358,2016,2016-02-18,5704,2016-01-29,1838,00170,,5,5,4,5704,0,0,0,,0,002,"JEFFERSON BL","MERKLEY AV",0.00,,Y,B,C,N,,,,,,,,,,N,3,0,1,2,D,-,00,,,F,A,B,-,B,H,-,C,A,0,Y,,,,Y,,-,"- ",0,1,0,0,1,0,0,0,0,"- ","- ",,,YOLO,"WEST SACRAMENTO",-121.52607994,38.579309889999998
7188410,2016,2016-02-23,5704,2016-02-09,0900,165,,2,5,4,5704,0,0,0,,0,002,"WEST CAPITOL AV","POPLAR AV",30.00,E,N,A,-,N,,,,,,,,,,N,3,0,1,2,A,-,11,21955,,N,G,B,D,A,H,-,A,A,0,Y,,,,Y,,N,60,0,1,0,0,1,0,0,0,0,"- ","- ",,,YOLO,"WEST SACRAMENTO",-121.53387531,38.580235930000001
7195662,2016,2016-03-01,5701,2016-01-04,0610,71,7,1,5,5,5701,0,0,0,,0,003,"2ND ST","FARADAY AV WEST",1000.00,E,N,C,-,N,,,,,,,,,,Y,4,0,2,1,A,-,03,22350,,N,E,I,A,B,H,-,C,A,0,,,,,Y,,A,01,0,0,2,0,0,0,0,0,0,"- ","- ",38.556570000000001,-121.6942,YOLO,DAVIS,-121.70255975000001,38.551931660000001
7195672,2016,2016-02-29,5701,2016-01-25,1255,94,7,1,5,5,5701,0,0,0,,0,003,"2ND ST","MACE BL",0.00,,Y,A,-,N,,,,,,,,,,N,4,0,1,2,A,-,03,22350,,F,C,C,A,A,H,-,A,A,0,,,,,Y,Y,A,07,0,0,1,0,0,0,0,0,0,"- ","- ",38.556570000000001,-121.6942,YOLO,DAVIS,-121.69413996999999,38.556559909999997
7195674,2016,2016-03-01,5701,2016-02-05,1810,120,2,5,5,5,5701,0,0,0,,0,001,"COVELL BL","ANDERSON RD",30.00,E,N,A,-,N,,,,,,,,,,N,4,0,1,2,A,-,03,22350,,N,C,C,A,A,H,-,C,D,0,,,,,Y,,A,01,0,0,1,0,0,0,0,0,0,"- ","- ",38.560870000000001,-121.75857000000001,YOLO,DAVIS,-121.75841509,38.56087204
7196470,2016,2016-03-29,5704,2016-02-22,1240,00152,,1,5,4,5704,0,0,0,,0,002,"JEFFERSON BL","15TH ST",0.00,,Y,A,-,N,,,,,,,,,,Y,4,0,2,3,A,-,03,22350,,N,C,C,A,A,H,-,A,A,0,,,,,Y,,A,01,0,0,2,0,0,0,0,0,0,"- ","- ",,,YOLO,"WEST SACRAMENTO",-121.52343989000001,38.571309999999997
7200213,2017,2017-07-06,5703,2017-03-02,1554,2854,,4,5,4,5703,0,0,0,,0,901,"WOODLAND AV","PALM AV",506.00,E,N,A,-,N,,,,,,,,,,Y,1,1,2,2,A,-,01,23152,F,N,D,C,A,A,H,-,A,A,0,,,,,Y,,A,01,1,0,1,0,0,0,0,0,0,"- ","- ",38.688310000000001,-121.76864,YOLO,WOODLAND,-121.76870701999999,38.688299999999998