CASE_ID,ACCIDENT_YEAR,PROC_DATE,JURIS,COLLISION_DATE,COLLISION_TIME,OFFICER_ID,REPORTING_DISTRICT,DAY_OF_WEEK,CHP_SHIFT,POPULATION,CNTY_CITY_LOC,SPECIAL_COND,BEAT_TYPE,CHP_BEAT_TYPE,CITY_DIVISION_LAPD,CHP_BEAT_CLASS,BEAT_NUMBER,PRIMARY_RD,SECONDARY_RD,DISTANCE,DIRECTION,INTERSECTION,WEATHER_1,WEATHER_2,STATE_HWY_IND,CALTRANS_COUNTY,CALTRANS_DISTRICT,STATE_ROUTE,ROUTE_SUFFIX,POSTMILE_PREFIX,POSTMILE,LOCATION_TYPE,RAMP_INTERSECTION,SIDE_OF_HWY,TOW_AWAY,COLLISION_SEVERITY,NUMBER_KILLED,NUMBER_INJURED,PARTY_COUNT,PRIMARY_COLL_FACTOR,PCF_CODE_OF_VIOL,PCF_VIOL_CATEGORY,PCF_VIOLATION,PCF_VIOL_SUBSECTION,HIT_AND_RUN,TYPE_OF_COLLISION,MVIW,PED_ACTION,ROAD_SURFACE,ROAD_COND_1,ROAD_COND_2,LIGHTING,CONTROL_DEVICE,CHP_ROAD_TYPE,PEDESTRIAN_ACCIDENT,BICYCLE_ACCIDENT,MOTORCYCLE_ACCIDENT,TRUCK_ACCIDENT,NOT_PRIVATE_PROPERTY,ALCOHOL_INVOLVED,STWD_VEHTYPE_AT_FAULT,CHP_VEHTYPE_AT_FAULT,COUNT_SEVERE_INJ,COUNT_VISIBLE_INJ,COUNT_COMPLAINT_PAIN,COUNT_PED_KILLED,COUNT_PED_INJURED,COUNT_BICYCLIST_KILLED,COUNT_BICYCLIST_INJURED,COUNT_MC_KILLED,COUNT_MC_INJURED,PRIMARY_RAMP,SECONDARY_RAMP,LATITUDE,LONGITUDE,COUNTY,CITY,POINT_X,POINT_Y
82409865,2024,2024-06-10,5703,2024-05-22,"610 ",2090,,3,5,4,5703,0,0,0,,0,002,"KENTUCKY AVE","N WEST ST",0.00,,Y,A,-,N,,,,,,,,,,N,4,0,1,3,A,-,12,21453,A,N,D,D,A,A,H,-,A,A,0,,,,Y,Y,,F,27,0,0,1,0,0,0,0,0,0,"- ","- ",38.692058563232422,-121.78383636474609,YOLO,WOODLAND,-121.78385162353516,38.692043304443359
82411007,2024,2024-06-11,5703,2024-05-28,2150,2171,,2,5,4,5703,0,0,0,,0,002,"WEST ST","BEAMER ST",0.00,,Y,A,-,N,,,,,,,,,,N,4,0,2,2,A,-,08,22107,,N,D,C,A,A,H,-,D,A,0,,,,,Y,,A,01,0,0,2,0,0,0,0,0,0,"- ","- ",38.684810638427734,-121.78392028808594,YOLO,WOODLAND,-121.78395080566406,38.684791564941406
82415269,2024,2024-06-17,5703,2024-05-15,1540,2865,,3,5,4,5703,0,0,0,,0,004,"PIONEER AVE","FARNHAM AVE",0.00,,Y,A,-,N,,,,,,,,,,N,2,0,1,2,A,-,09,21801,A,N,D,G,A,A,H,-,A,A,0,,Y,,,Y,,D,22,1,0,0,0,0,0,1,0,0,"- ","- ",38.67205810546875,-121.74371337890625,YOLO,WOODLAND,-121.74368286132812,38.672073364257812
82415275,2024,2024-06-17,5703,2024-05-30,1310,2921,,4,5,4,5703,0,0,0,,0,001,"COLLEGE ST","NORTH ST",0.00,,Y,A,-,N,,,,,,,,,,N,4,0,1,2,A,-,09,21802,A,N,A,C,A,A,H,-,A,A,0,,,,,Y,,A,01,0,0,1,0,0,0,0,0,0,"- ","- ",,,YOLO,WOODLAND,-121.774658203125,38.679939270019531
82423515,2024,2024-06-26,5703,2024-05-17,1529,2877,,5,5,4,5703,0,0,0,,0,001,"EAST ST","COURT ST",0.00,,Y,A,-,N,,,,,,,,,,N,4,0,1,2,A,-,09,21802,A,N,H,G,A,A,H,-,A,A,0,,Y,,,Y,,L,04,0,0,1,0,0,0,1,0,0,"- ","- ",38.678699493408203,-121.76538848876953,YOLO,WOODLAND,-121.76542663574219,38.678707122802734
82423516,2024,2024-06-26,5703,2024-06-07,1818,2178,,5,5,4,5703,0,0,0,,0,002,"BEAMER ST","LOCUST ST",111.00,W,N,A,-,N,,,,,,,,,,Y,4,0,1,3,A,-,03,22350,,N,C,C,A,A,H,-,A,D,0,,,,,Y,,A,01,0,0,1,0,0,0,0,0,0,"- ","- ",38.684780120849609,-121.77693176269531,YOLO,WOODLAND,-121.77729034423828,38.684719085693359
82426747,2024,2024-07-01,5703,2024-06-12,1151,2882,,3,5,4,5703,0,0,0,,0,001,"EAST MAIN ST","PIONEER AVE",48.00,E,N,A,-,Y,,,,,,,,,,N,4,0,2,2,A,-,03,22350,,M,C,C,A,A,H,-,A,A,0,,,,,Y,,A,07,0,0,2,0,0,0,0,0,0,"- ","- ",38.677158355712891,-121.74691772460938,YOLO,WOODLAND,-121.74674987792969,38.677249908447266
82426964,2024,2024-07-01,5703,2024-06-06,1317,2891,,4,5,4,5703,0,0,0,,0,003,"MAIN ST","FOURTH ST",0.00,,Y,A,-,N,,,,,,,,,,N,2,0,1,2,A,-,10,21950,A,N,G,B,B,A,H,-,A,A,0,Y,,,,Y,,D,22,1,0,0,0,1,0,0,0,0,"- ","- ",38.677421569824219,-121.76937103271484,YOLO,WOODLAND,-121.76943206787109,38.67742919921875
82428023,2024,2024-07-02,5703,2024-06-21,1243,2882,,5,5,4,5703,0,0,0,,0,004,"MAXWELL AVE","BROWNING CIR",0.00,,Y,A,-,N,,,,,,,,,,N,3,0,1,2,A,-,08,22107,,N,D,G,A,A,H,-,A,D,0,,Y,,,Y,,L,04,0,1,0,0,0,0,1,0,0,"- ","- ",38.668228149414062,-121.73233795166016,YOLO,WOODLAND,-121.73239898681641,38.668087005615234
82431049,2024,2024-07-05,5703,2024-06-17,2118,2862,,1,5,4,5703,0,0,0,,0,004,"GIBSON RD","HARRY LORENZO",762.00,E,N,A,-,N,,,,,,,,,,Y,4,0,1,2,A,-,07,21658,A,N,B,C,A,A,D,-,C,A,0,,,Y,,Y,,C,02,0,0,1,0,0,0,0,0,0,"- ","- ",,,YOLO,WOODLAND,-121.74445343017578,38.662689208984375
82432164,2024,2024-07-08,5703,2024-06-26,"928 ",2891,,3,5,4,5703,0,0,0,,0,002,"W BEAMER ST","ASHLEY AVE",0.00,,Y,A,-,N,,,,,,,,,,Y,4,0,1,2,A,-,09,21800,A,N,D,D,A,A,H,-,A,A,0,,,,,Y,,A,07,0,0,1,0,0,0,0,0,0,"- ","- ",38.684898376464844,-121.79783630371094,YOLO,WOODLAND,-121.79782867431641,38.684890747070312
82433510,2024,2024-07-09,5703,2024-06-28,1229,2177,,5,5,4,5703,0,0,0,,0,004,"EAST MAIN ST","INDUSTRIAL WAY",34.00,E,N,A,-,N,,,,,,,,,,N,4,0,2,2,A,-,03,22350,,N,C,C,A,A,H,-,A,A,0,,,,,Y,,A,07,0,0,2,0,0,0,0,0,0,"- ","- ",,,YOLO,WOODLAND,-121.75279998779297,38.677291870117188
82438536,2024,2024-07-15,5703,2024-07-01,1529,2891,,1,5,4,5703,0,0,0,,0,003,"EAST ST","PENDEGAST ST",0.00,,Y,A,-,N,,,,,,,,,,Y,4,0,2,3,A,-,03,22350,,N,C,C,A,A,H,-,A,D,0,,,,,Y,,A,01,0,0,2,0,0,0,0,0,0,"- ","- ",38.670150756835938,-121.76554107666016,YOLO,WOODLAND,-121.76554107666016,38.670127868652344
82601971,2023,2024-07-25,5704,2023-12-31,2242,06675,,7,5,4,5704,0,0,0,,0,,"JEFFERSON BLVD","MERKLEY AVE",0.00,,Y,A,-,N,,,,,,,,,,N,2,0,1,2,A,-,11,21956,A,N,G,B,D,A,H,-,C,A,0,Y,,,,Y,,N,60,1,0,0,0,1,0,0,0,0,"- ","- ",38.579311370849609,-121.52596282958984,YOLO,"WEST SACRAMENTO",-121.52608489990234,38.579311370849609
82601982,2024,2024-07-25,5704,2024-04-08,"226 ",06611,,1,5,4,5704,0,0,0,,0,003,"SOUTHPORT PKWY","RAMOS DR",80.00,E,N,A,-,N,,,,,,,,,,Y,4,0,1,1,A,-,08,22107,,N,E,I,A,A,H,-,C,A,0,,,,,Y,,A,01,0,0,1,0,0,0,0,0,0,"- ","- ",38.543910980224609,-121.57495880126953,YOLO,"WEST SACRAMENTO",-121.57470703125,38.544036865234375
82601985,2024,2024-07-25,5704,2024-04-16,1211,06700,,2,5,4,5704,0,0,0,,0,,"RIVERSIDE PKWY","EMBARCADERO DR (N)",0.00,,Y,A,-,N,,,,,,,,,,N,4,0,1,2,A,-,03,22350,,N,C,C,A,A,H,-,A,D,0,,,,,Y,,A,01,0,0,1,0,0,0,0,0,0,"- ","- ",38.590461730957031,-121.56446075439453,YOLO,"WEST SACRAMENTO",-121.56451416015625,38.590568542480469
82601986,2024,2024-07-25,5704,2024-04-17,1158,06700,,3,5,4,5704,0,0,0,,0,001,"STILLWATER RD","REED AVE",1420.00,S,N,A,-,N,,,,,,,,,,N,2,0,1,2,A,-,09,21804,A,N,D,C,A,A,H,-,A,D,0,,,Y,,Y,,A,01,1,0,0,0,0,0,0,0,1,"- ","- ",38.592128753662109,-121.55538177490234,YOLO,"WEST SACRAMENTO",-121.55783843994141,38.588764190673828
82601988,2024,2024-07-25,5704,2024-04-18,"843 ",06874,,4,5,4,5704,0,0,0,,0,002,"HARBOR BLVD","DULUTH ST",0.00,,Y,A,-,N,,,,,,,,,,Y,4,0,2,2,A,-,12,21453,A,N,D,C,A,A,H,-,A,A,0,,,,,Y,,D,22,0,0,2,0,0,0,0,0,0,"- ","- ",38.585018157958984,-121.54714965820312,YOLO,"WEST SACRAMENTO",-121.547119140625,38.584980010986328
82601992,2024,2024-07-26,5704,2024-04-30,"741 ",06517,,2,5,4,5704,0,0,0,,0,002,"JEFFERSON BLVD","MERKLEY AVE",78.00,S,N,A,-,N,,,,,,,,,,N,4,0,1,3,A,-,03,22350,,N,C,C,A,A,H,-,A,A,0,,,,,Y,,A,01,0,0,1,0,0,0,0,0,0,"- ","- ",38.578998565673828,-121.52601623535156,YOLO,"WEST SACRAMENTO",-121.52598571777344,38.579109191894531
82602014,2024,2024-07-25,5704,2024-05-15,"954 ",06874,,3,5,4,5704,0,0,0,,0,002,"POPLAR AVE","WEST CAPITOL AVE",34.00,W,N,A,-,N,,,,,,,,,,Y,3,0,2,2,A,-,03,22350,,N,C,C,A,A,H,-,A,A,0,,,,,Y,,D,22,0,1,1,0,0,0,0,0,0,"- ","- ",38.58026123046875,-121.53427124023438,YOLO,"WEST SACRAMENTO",-121.53398132324219,38.580070495605469
82602015,2024,2024-07-25,5704,2024-05-16,1704,06241,,4,5,4,5704,0,0,0,,0,001,"SACRAMENTO AVE","JEFFERSON BLVD",100.00,W,N,A,-,N,,,,,,,,,,N,4,0,1,2,A,-,03,22350,,N,C,C,A,A,H,-,A,A,0,,,,,Y,,A,01,0,0,1,0,0,0,0,0,0,"- ","- ",38.589710235595703,-121.52718353271484,YOLO,"WEST SACRAMENTO",-121.52714538574219,38.589557647705078
82602025,2024,2024-07-25,5704,2024-05-23,2251,06523,,4,5,4,5704,0,0,0,,0,003,"JEFFERSON BLVD","LAKE WASHINGTON BLVD",89.00,S,N,A,-,N,,,,,,,,,,N,4,0,1,2,A,-,04,21703,,N,C,C,A,A,H,-,C,A,0,,,,,Y,,A,01,0,0,1,0,0,0,0,0,0,"- ","- ",38.552661895751953,-121.53723907470703,YOLO,"WEST SACRAMENTO",-121.53754425048828,38.552532196044922
82602029,2024,2024-07-25,5704,2024-05-24,1450,06626,,5,5,4,5704,0,0,0,,0,001,"JEFFERSON BLVD","TRIANGLE CT",419.00,N,N,A,-,N,,,,,,,,,,N,3,0,1,2,A,-,00,21760,,F,B,G,A,A,H,-,A,D,0,,Y,,,Y,,-,99,0,1,0,0,0,0,1,0,0,"- ","- ",38.586849212646484,-121.52687072753906,YOLO,"WEST SACRAMENTO",-121.52698516845703,38.587974548339844
82602031,2024,2024-07-25,5704,2024-05-25,1456,06263,,6,5,4,5704,0,0,0,,0,001,"RIVERPOINT CIRCLE","IKEA CT",388.00,S,N,A,-,N,,,,,,,,,,N,3,0,1,2,A,-,12,22450,A,F,D,C,A,A,H,-,A,D,0,,,,,Y,Y,A,01,0,1,0,0,0,0,0,0,0,"- ","- ",,,YOLO,"WEST SACRAMENTO",-121.54863739013672,38.591785430908203
82602035,2024,2024-07-25,5704,2024-05-26,1916,06626,,7,5,4,5704,0,0,0,,0,001,"5TH ST","TOWER BRIDGE GTWY",0.00,,Y,A,-,N,,,,,,,,,,Y,4,0,4,2,A,-,01,23152,A,N,B,C,A,A,H,-,A,A,0,,,,,Y,Y,A,01,0,0,4,0,0,0,0,0,0,"- ","- ",38.582408905029297,-121.51402282714844,YOLO,"WEST SACRAMENTO",-121.51421356201172,38.582065582275391
82602043,2024,2024-07-25,5704,2024-05-31,1155,00165,,5,5,4,5704,0,0,0,,0,002,"HOUSTON ST","CANAL ST",0.00,,Y,A,-,N,,,,,,,,,,Y,4,0,1,2,A,-,09,21802,A,N,D,C,A,A,H,-,A,D,0,,,,,Y,,A,01,0,0,1,0,0,0,0,0,0,"- ","- ",38.579948425292969,-121.55120849609375,YOLO,"WEST SACRAMENTO",-121.55117797851562,38.579959869384766
82602054,2024,2024-07-25,5704,2024-06-08,"206 ",06259,,6,5,4,5704,0,0,0,,0,003,"SOUTHPORT PKWY","RAMCO ST",2942.00,E,N,A,-,N,,,,,,,,,,Y,2,0,3,1,A,-,05,21650,,N,E,I,A,A,H,-,D,D,0,,,,,Y,Y,A,07,1,2,0,0,0,0,0,0,0,"- ","- ",38.555309295654297,-121.56334686279297,YOLO,"WEST SACRAMENTO",-121.55320739746094,38.555858612060547
82602056,2024,2024-07-25,5704,2024-06-11,1704,06243,,2,5,4,5704,0,0,0,,0,002,"INDUSTRIAL BLVD","TERMINAL ST",0.00,,Y,A,-,N,,,,,,,,,,N,4,0,2,2,A,-,03,22350,,N,C,C,A,A,H,-,A,A,0,,,,,Y,,A,01,0,0,2,0,0,0,0,0,0,"- ","- ",38.565238952636719,-121.54319763183594,YOLO,"WEST SACRAMENTO",-121.54322052001953,38.565288543701172
82602065,2024,2024-07-25,5704,2024-06-13,1250,06257,,4,5,4,5704,0,0,0,,0,002,"SOUTH RIVER RD","SOUTH RIVER RD US 50 EB ON",128.00,S,N,A,-,N,,,,,,,,,,Y,3,0,1,2,A,-,09,21801,A,N,D,C,A,A,H,-,A,D,0,,,,,Y,,A,01,0,1,0,0,0,0,0,0,0,"- ","- ",38.573749542236328,-121.51924133300781,YOLO,"WEST SACRAMENTO",-121.00946044921875,37.624248504638672
82602068,2024,2024-07-25,5704,2024-06-14,1150,06700,,5,5,4,5704,0,0,0,,0,001,"KEGLE DR","SACRAMENTO AVE",68.00,N,N,A,-,N,,,,,,,,,,N,4,0,2,3,A,-,03,22350,,N,C,D,A,A,A,-,A,A,0,,,,,Y,,A,01,0,0,2,0,0,0,0,0,0,"- ","- ",38.589550018310547,-121.52681732177734,YOLO,"WEST SACRAMENTO",-121.52677154541016,38.589694976806641
82602079,2024,2024-07-25,5704,2024-06-21,1729,06241,,5,5,4,5704,0,0,0,,0,003,"JEFFERSON BLVD","GREGORY AVE",20.00,N,N,A,-,N,,,,,,,,,,Y,3,0,3,2,A,-,09,21802,A,N,D,C,A,A,H,-,A,A,0,,,,,Y,,A,01,0,1,2,0,0,0,0,0,0,"- ","- ",,,YOLO,"WEST SACRAMENTO",-121.55593109130859,38.532733917236328
82602082,2024,2024-07-25,5704,2024-06-21,"602 ",06506,,5,5,4,5704,0,0,0,,0,002,"WEST CAPITOL AVE","I 80 WB WEST CAPITOL AVE OFF",334.00,E,N,A,-,N,,,,,,,,,,N,4,0,1,2,A,-,08,22107,,F,D,C,A,A,H,-,A,D,0,,,,,Y,,D,22,0,0,1,0,0,0,0,0,0,"- ","- ",38.575580596923828,-121.57530212402344,YOLO,"WEST SACRAMENTO",-121.55985260009766,38.578601837158203
82602087,2024,2024-07-25,5704,2024-06-27,"752 ",06259,,4,5,4,5704,0,0,0,,0,003,"JEFFERSON BLVD","DAVIS RD",0.00,,Y,A,-,N,,,,,,,,,,N,3,0,1,2,A,-,09,21802,A,N,D,G,A,A,H,-,A,D,0,,Y,,,Y,,L,04,0,1,0,0,0,0,1,0,0,"- ","- ",38.5323486328125,-121.55635833740234,YOLO,"WEST SACRAMENTO",-121.55637359619141,38.532257080078125
82602111,2024,2024-07-25,5704,2024-07-10,1518,06626,,3,5,4,5704,0,0,0,,0,002,"HARBOR BLVD","BEACON BLVD",140.00,N,N,A,-,N,,,,,,,,,,N,4,0,1,2,A,-,07,21658,A,N,B,C,A,A,H,-,A,A,0,,,,,Y,,A,01,0,0,1,0,0,0,0,0,0,"- ","- ",38.571979522705078,-121.54881286621094,YOLO,"WEST SACRAMENTO",-121.54864501953125,38.572303771972656
82700049,2024,2024-07-26,5703,2024-07-14,"731 ",2874,,7,5,4,5703,0,0,0,,0,003,"OAK AVE","SECOND ST",0.00,,Y,A,-,N,,,,,,,,,,Y,3,0,1,2,A,-,12,22450,A,N,D,C,A,A,H,-,A,A,0,,,,,Y,,A,01,0,1,0,0,0,0,0,0,0,"- ","- ",38.674060821533203,-121.77191925048828,YOLO,WOODLAND,-121.77194976806641,38.674072265625
82800605,2024,2024-07-29,5703,2024-07-12,"817 ",2865,,5,5,4,5703,0,0,0,,0,003,"W CROSS ST","COTTONWOOD ST",0.00,,Y,A,-,N,,,,,,,,,,N,4,0,1,2,A,-,12,21453,A,N,D,G,A,A,H,-,A,A,0,,Y,,,Y,,L,04,0,0,1,0,0,0,1,0,0,"- ","- ",,,YOLO,WOODLAND,-121.79332733154297,38.672161102294922
8281750,2016,2017-03-30,5703,2016-12-30,1335,2863,51,5,5,4,5703,0,0,0,,0,001,"EAST MAIN ST","PIONEER AV",60.00,E,N,A,-,Y,YOL,3,5,-,-,6.234,R,4,S,N,4,0,3,3,A,-,03,22350,,N,C,C,A,A,H,-,A,A,0,,,,,Y,,A,01,0,0,3,0,0,0,0,0,0,"- ","- ",,,YOLO,WOODLAND,-121.74128165,38.674385540000003
8281862,2016,2017-01-19,5703,2016-12-30,1704,2059,11,5,5,4,5703,0,0,0,,0,001,"EAST MAIN ST","THOMAS ST",300.00,E,N,A,-,N,,,,,,,,,,Y,4,0,2,2,A,-,03,22350,,N,C,C,A,A,H,-,C,A,0,,,,,Y,,A,01,0,0,2,0,0,0,0,0,0,"- ","- ",,,YOLO,WOODLAND,-121.75963917,38.677349999999997
8282822,2017,2017-02-02,5704,2017-01-10,0651,00173,,2,5,4,5704,0,0,0,,0,002,"DEL MONTE ST","TERMINAL ST",0.00,,Y,B,C,N,,,,,,,,,,Y,4,0,1,2,A,-,12,22450,A,N,D,C,A,B,H,-,C,A,0,,,,,Y,,D,22,0,0,1,0,0,0,0,0,0,"- ","- ",,,YOLO,"WEST SACRAMENTO",-121.54134995,38.569819940000002
8283158,2016,2017-01-19,5704,2016-12-29,0701,00173,,4,5,4,5704,0,0,0,,0,002,"ENTERPRISE BL","INDUSTRIAL BL",123.00,N,N,A,E,N,,,,,,,,,,Y,4,0,1,4,A,-,03,22350,,N,C,C,A,A,H,-,A,A,0,,,,,Y,,A,01,0,0,1,0,0,0,0,0,0,"- ","- ",,,YOLO,"WEST SACRAMENTO",-121.57845,38.570537799999997
8283846,2017,2017-01-24,5704,2017-01-15,2215,06062,,7,5,4,5704,0,0,0,,0,001,"TODHUNTER AV","ANNA ST",239.00,S,N,A,-,N,,,,,,,,,,Y,4,0,1,1,A,-,01,23152,A,N,E,I,A,A,H,-,C,D,0,,,,,Y,Y,D,22,0,0,1,0,0,0,0,0,0,"- ","- ",,,YOLO,"WEST SACRAMENTO",-121.53333515,38.594657699999999
8287276,2017,2017-01-25,5703,2017-01-09,1748,832,14,1,5,4,5703,0,0,0,,0,,"EAST ST","GIBSON RD",40.00,N,N,B,C,N,,,,,,,,,,N,4,0,1,2,A,-,03,22350,,N,C,C,A,B,H,-,C,A,0,,,,,Y,,A,07,0,0,1,0,0,0,0,0,0,"- ","- ",,,YOLO,WOODLAND,-121.76568,38.662949859999998
8291875,2016,2017-02-06,5701,2016-12-30,1502,118,8,5,5,5,5701,0,0,0,,0,004,"POLE LINE RD","COWELL BL",10.00,S,N,A,-,N,,,,,,,,,,N,4,0,1,2,A,-,03,22350,,N,C,C,A,A,H,-,A,A,0,,,,,Y,,A,01,0,0,1,0,0,0,0,0,0,"- ","- ",38.541440000000001,-121.72279,YOLO,DAVIS,-121.72299,38.541350000000001
8294212,2017,2017-02-01,5704,2017-01-14,1509,00163,,6,5,4,5704,0,0,0,,0,003,"JEFFERSON BL","HIGGINS RD",0.00,,Y,A,-,N,,,,,,,,,,N,4,0,1,3,A,-,03,22350,,N,C,C,A,A,H,-,A,A,0,,,,,Y,,A,07,0,0,1,0,0,0,0,0,0,"- ","- ",,,YOLO,"WEST SACRAMENTO",-121.54301993,38.546689909999998
8294224,2017,2017-02-01,5704,2017-01-15,2054,00131,,7,5,4,5704,0,0,0,,0,002,"WEST CAPITOL AV","HARBOR BL",360.00,W,N,B,-,N,,,,,,,,,,N,2,0,1,2,A,-,11,21950,B,N,G,B,D,A,H,-,D,D,0,Y,,,,Y,,N,60,1,0,0,0,1,0,0,0,0,"- ","- ",,,YOLO,"WEST SACRAMENTO",-121.5502934,38.579153900000001
8298693,2017,2017-02-15,5701,2017-01-28,0715,11,7,6,5,5,5701,0,0,0,,0,003,"COWELL BL","LA VIDA WY",0.00,,Y,A,-,N,,,,,,,,,,N,4,0,1,2,-,-,"- ",,,N,H,G,A,A,H,-,A,A,0,,Y,,,Y,,-,"- ",0,0,1,0,0,0,1,0,0,"- ","- ",38.551270000000002,-121.71906,YOLO,DAVIS,-121.70323985,38.548049970000001
8298697,2017,2017-02-15,5701,2017-01-25,0635,100,8,3,5,5,5701,0,0,0,,0,004,"LILLARD DR","DANBURY ST",0.00,,Y,A,-,N,,,,,,,,,,Y,3,0,1,1,D,-,00,,,F,E,I,A,A,H,-,C,A,0,,,,,Y,,-,"- ",0,1,0,0,0,0,0,0,0,"- ","- ",38.542540000000002,-121.71641,YOLO,DAVIS,-121.71639991000001,38.54250991
8300092,2017,2017-02-03,5703,2017-01-18,1138,2858,97,3,5,4,5703,0,0,0,,0,004,"COUNTY ROAD 102","FARMERS CENTRAL RD",0.00,,Y,C,-,N,,,,,,,,,,Y,4,0,1,1,A,-,03,22350,,N,E,I,A,B,H,-,A,A,0,,,,,Y,,A,01,0,0,1,0,0,0,0,0,0,"- ","- ",,,YOLO,WOODLAND,-121.72878994,38.65479989
8300324,2017,2017-02-07,5701,2017-01-11,0900,91,3,3,5,5,5701,0,0,0,,0,001,"COVELL BL","F ST",30.00,E,N,A,-,N,,,,,,,,,,N,4,0,1,3,A,-,03,22350,,N,C,C,A,A,H,-,A,A,0,,,,,Y,,A,01,0,0,1,0,0,0,0,0,0,"- ","- ",38.544910000000002,-121.74052,YOLO,DAVIS,-121.74484,38.560789999999997
8301686,2017,2017-02-09,5704,2017-01-31,0840,06088,,2,5,4,5704,0,0,0,,0,002,"WESTACRE RD","MEADOW RD",0.00,,Y,A,-,N,,,,,,,,,,Y,4,0,1,2,A,-,09,21800,C,N,D,C,A,A,H,-,A,A,0,,,,,Y,,A,01,0,0,1,0,0,0,0,0,0,"- ","- ",,,YOLO,"WEST SACRAMENTO",-121.53061988,38.573159939999996
8301714,2017,2017-02-09,5704,2017-01-26,1320,B0126,,4,5,4,5704,0,0,0,,0,003,"LINDEN RD","MOJAVE DR",0.00,,Y,B,-,N,,,,,,,,,,N,4,0,1,2,A,-,08,22101,D,N,D,C,A,A,H,-,A,A,0,,,Y,,Y,,C,03,0,0,1,0,0,0,0,0,1,"- ","- ",,,YOLO,"WEST SACRAMENTO",-121.53202991000001,38.546659990000002
8303067,2017,2017-02-06,5704,2017-01-21,1740,06087,5704,6,5,4,5704,0,0,0,,0,001,"SACRAMENTO AV","BRYTE AV",0.00,,Y,C,G,N,,,,,,,,,,Y,4,0,1,2,A,-,12,21453,A,N,D,C,A,B,H,-,C,A,0,,,,,Y,,A,01,0,0,1,0,0,0,0,0,0,"- ","- ",,,YOLO,"WEST SACRAMENTO",-121.53666986,38.590559949999999
8308571,2017,2017-02-17,5703,2017-01-13,1841,2012,121,5,5,4,5703,0,0,0,,0,004,"EAST MAIN ST","QUALITY CIR",243.00,E,N,A,-,N,,,,,,,,,,Y,4,0,2,2,A,-,04,21703,,N,C,C,A,A,H,-,C,D,0,,,,,Y,,A,01,0,0,2,0,0,0,0,0,0,"- ","- ",,,YOLO,WOODLAND,-121.7182387,38.67707317
8316711,2017,2017-03-06,5703,2017-02-21,1158,2863,52,2,5,4,5703,0,0,0,,0,003,"CALIFORNIA ST","W MAIN ST",45.00,S,N,B,-,N,,,,,,,,,,Y,4,0,3,3,A,-,03,22350,,N,C,C,A,A,H,-,A,A,0,,,,,Y,,A,01,0,0,3,0,0,0,0,0,0,"- ","- ",,,YOLO,WOODLAND,-121.78863169,38.677436419999999
8316817,2017,2017-02-28,5703,2017-02-02,1739,2811,12,4,5,4,5703,0,0,0,,0,001,"COLLEGE ST","MAIN ST",0.00,,Y,C,-,N,,,,,,,,,,N,4,0,1,2,A,-,10,21950,A,M,G,B,B,B,H,-,A,A,0,Y,,,,Y,,-,,0,0,1,0,1,0,0,0,0,"- ","- ",,,YOLO,WOODLAND,-121.77470996,38.677479900000002
8317675,2017,2017-03-06,5701,2017-02-10,1253,116,4,5,5,5,5701,0,0,0,,0,002,"B ST","7TH ST",100.00,S,N,A,-,N,,,,,,,,,,N,3,0,1,2,A,-,11,21954,A,N,H,B,E,A,H,-,A,A,0,Y,Y,,,Y,,N,60,0,1,0,0,1,0,0,0,0,"- ","- ",38.548850000000002,-121.74628,YOLO,DAVIS,-121.74606317999999,38.549069000000003
8318925,2017,2017-02-28,5703,2017-01-26,1903,2012,71,4,5,4,5703,0,0,0,,0,004,"COUNTY ROAD 102","ANDREW STEVENS DR",300.00,N,N,A,-,N,,,,,,,,,,N,4,0,1,2,A,-,11,21953,,N,G,B,D,A,H,-,C,D,0,Y,,,,Y,Y,N,60,0,0,1,0,1,0,0,0,0,"- ","- ",38.670059999999999,-121.72866999999999,YOLO,WOODLAND,-121.72857,38.670853919999999
8323523,2017,2017-03-16,5701,2017-02-21,0002,38,7,2,5,5,5701,0,0,0,,0,003,"MACE CURVE","ALHAMBRA DR",528.00,E,N,A,-,N,,,,,,,,,,N,4,0,1,1,A,-,03,22350,,N,A,I,A,D,H,-,C,A,0,,,,,Y,,A,01,0,0,1,0,0,0,0,0,0,"- ","- ",,,YOLO,DAVIS,-121.6942,38.558950000000003
8323967,2017,2018-03-17,5701,2017-02-17,0632,100,1,5,5,5,5701,0,0,0,,0,001,"WEST COVELL BL","RT 113",10.00,W,N,B,C,Y,YOL,3,113,-,R,1.896,R,4,N,Y,4,0,1,2,A,-,00,22152,A,N,C,C,A,B,H,-,C,A,0,,,,,Y,Y,A,01,0,0,1,0,0,0,0,0,0,"- ",NF,,,YOLO,DAVIS,-121.76771035,38.558194149999999
8324030,2017,2017-03-23,5701,2017-01-19,1850,119,4,4,5,5,5701,0,0,0,,0,002,"5TH ST","D ST",0.00,,Y,B,-,N,,,,,,,,,,N,3,0,1,2,A,-,08,22107,,N,H,G,A,A,H,-,C,D,0,,Y,,,Y,,A,07,0,1,0,0,0,0,1,0,0,"- ","- ",38.54692,-121.74325,YOLO,DAVIS,-121.74323991999999,38.546949959999999
8324034,2017,2017-03-27,5701,2017-01-18,1736,112,4,3,5,5,5701,0,0,0,,0,002,"B ST","2ND ST",0.00,,Y,B,C,N,,,,,,,,,,N,3,0,1,2,A,-,10,21950,A,N,G,B,B,B,H,-,C,D,0,Y,,,,Y,,A,01,0,1,0,0,1,0,0,0,0,"- ","- ",38.542659999999998,-121.74435,YOLO,DAVIS,-121.74434986,38.54268999
8325732,2017,2017-03-23,5703,2017-02-28,2101,2832,52,2,5,4,5703,0,0,0,,0,003,"COMMUNITY LN","WEST LINCOLN AV",700.00,S,N,A,-,N,,,,,,,,,,N,3,0,2,3,A,-,08,22107,,N,G,B,E,A,H,-,C,D,0,Y,,,,Y,,D,22,0,1,1,0,2,0,0,0,0,"- ","- ",38.675820000000002,-121.79178,YOLO,WOODLAND,-121.79175112999999,38.673867559999998