CASE_ID,ACCIDENT_YEAR,PROC_DATE,JURIS,COLLISION_DATE,COLLISION_TIME,OFFICER_ID,REPORTING_DISTRICT,DAY_OF_WEEK,CHP_SHIFT,POPULATION,CNTY_CITY_LOC,SPECIAL_COND,BEAT_TYPE,CHP_BEAT_TYPE,CITY_DIVISION_LAPD,CHP_BEAT_CLASS,BEAT_NUMBER,PRIMARY_RD,SECONDARY_RD,DISTANCE,DIRECTION,INTERSECTION,WEATHER_1,WEATHER_2,STATE_HWY_IND,CALTRANS_COUNTY,CALTRANS_DISTRICT,STATE_ROUTE,ROUTE_SUFFIX,POSTMILE_PREFIX,POSTMILE,LOCATION_TYPE,RAMP_INTERSECTION,SIDE_OF_HWY,TOW_AWAY,COLLISION_SEVERITY,NUMBER_KILLED,NUMBER_INJURED,PARTY_COUNT,PRIMARY_COLL_FACTOR,PCF_CODE_OF_VIOL,PCF_VIOL_CATEGORY,PCF_VIOLATION,PCF_VIOL_SUBSECTION,HIT_AND_RUN,TYPE_OF_COLLISION,MVIW,PED_ACTION,ROAD_SURFACE,ROAD_COND_1,ROAD_COND_2,LIGHTING,CONTROL_DEVICE,CHP_ROAD_TYPE,PEDESTRIAN_ACCIDENT,BICYCLE_ACCIDENT,MOTORCYCLE_ACCIDENT,TRUCK_ACCIDENT,NOT_PRIVATE_PROPERTY,ALCOHOL_INVOLVED,STWD_VEHTYPE_AT_FAULT,CHP_VEHTYPE_AT_FAULT,COUNT_SEVERE_INJ,COUNT_VISIBLE_INJ,COUNT_COMPLAINT_PAIN,COUNT_PED_KILLED,COUNT_PED_INJURED,COUNT_BICYCLIST_KILLED,COUNT_BICYCLIST_INJURED,COUNT_MC_KILLED,COUNT_MC_INJURED,PRIMARY_RAMP,SECONDARY_RAMP,LATITUDE,LONGITUDE,COUNTY,CITY,POINT_X,POINT_Y
8539187,2018,2018-01-31,5703,2018-01-11,1315,2849,12,4,5,4,5703,0,0,0,,0,001,"LINCOLN AV","2ND ST",0.00,,Y,B,-,N,,,,,,,,,,Y,4,0,1,3,A,-,08,22107,,N,A,C,A,A,H,-,A,D,0,,,,,Y,,A,01,0,0,1,0,0,0,0,0,0,"- ","- ",38.675590515136719,-121.77189636230469,YOLO,WOODLAND,-121.77191925048828,38.675579071044922
8541243,2017,2018-02-27,5701,2017-01-12,1816,121,3,4,5,5,5701,0,0,0,,0,001,"COVELL BL","SYCAMORE LN",150.00,W,N,A,-,N,,,,,,,,,,N,2,0,2,2,A,-,11,21954,A,N,G,B,D,B,H,-,C,D,0,Y,,,,Y,,N,60,1,1,0,0,1,0,0,0,0,"- ","- ",38.56091,-121.76382,YOLO,DAVIS,-121.76435452,38.56092039
8547111,2018,2018-03-24,5704,2018-01-29,0155,06090,,1,5,4,5704,0,0,0,,0,,"PARKWAY BL","PARKWAY PL",130.00,S,N,A,-,N,,,,,,,,,,N,4,0,1,2,A,-,03,22350,,N,D,C,A,A,H,-,D,D,0,,,,,Y,,A,01,0,0,1,0,0,0,0,0,0,"- ","- ",,,YOLO,"WEST SACRAMENTO",-121.56491088867188,38.570980072021484
8547115,2018,2018-02-15,5704,2018-01-27,1829,00107,5704,6,5,4,5704,0,0,0,,0,001,"SACRAMENTO AV","BRYTE AV",30.00,W,N,A,-,N,,,,,,,,,,N,4,0,1,2,A,-,17,21451,A,N,G,B,B,A,H,-,C,A,0,Y,,,,Y,,D,22,0,0,1,0,1,0,0,0,0,"- ","- ",,,YOLO,"WEST SACRAMENTO",-121.53677368164062,38.590572357177734
8547119,2018,2018-02-14,5704,2018-01-20,1250,06088,BEAT,6,5,4,5704,0,0,0,,0,003,"JEFFERSON BL","DAVIS RD",0.00,,Y,A,-,N,,,,,,,,,,Y,4,0,1,3,A,-,09,21800,A,N,D,C,A,A,H,-,A,D,0,,,,Y,Y,,A,01,0,0,1,0,0,0,0,0,0,"- ","- ",,,YOLO,"WEST SACRAMENTO",-121.55637359619141,38.532260894775391
8547989,2017,2018-02-08,5701,2017-11-16,2308,126,8,4,5,5,5701,0,0,0,,0,004,"POLE LINE RD","COWELL BL",200.00,N,N,A,-,N,,,,,,,,,,Y,3,0,1,1,A,-,01,23152,A,N,E,I,A,B,H,-,C,B,0,,,,,Y,Y,A,01,0,1,0,0,0,0,0,0,0,"- ","- ",38.541159999999998,-121.72508000000001,YOLO,DAVIS,-121.72363194,38.541564520000001
8548990,2018,2018-02-20,5704,2018-02-02,1955,06062,,5,5,4,5704,0,0,0,,0,002,"JEFFERSON BL","WEST CAPITOL AV",5.00,S,N,A,-,N,,,,,,,,,,N,4,0,1,2,A,-,11,21456,B,N,G,B,B,A,H,-,C,A,0,Y,,,,Y,,N,60,0,0,1,0,1,0,0,0,0,"- ","- ",,,YOLO,"WEST SACRAMENTO",-121.52664947509766,38.580707550048828
8549096,2018,2018-02-16,5704,2018-01-29,0754,00165,,1,5,4,5704,0,0,0,,0,003,"JEFFERSON BL","SOUTHPORT PKWY",0.00,,Y,E,-,N,,,,,,,,,,Y,3,0,4,2,A,-,09,21802,A,N,D,C,A,A,H,-,A,A,0,,,,,Y,,A,01,0,2,2,0,0,0,0,0,0,"- ","- ",,,YOLO,"WEST SACRAMENTO",-121.56809997558594,38.519668579101562
8549104,2018,2018-02-16,5704,2018-01-30,0800,00165,,2,5,4,5704,0,0,0,,0,002,"INDUSTRIAL BL","BOATMAN AV",100.00,E,N,E,-,N,,,,,,,,,,N,4,0,1,3,A,-,03,22350,,N,C,C,A,A,H,-,A,D,0,,,,,Y,,A,07,0,0,1,0,0,0,0,0,0,"- ","- ",,,YOLO,"WEST SACRAMENTO",-121.54502868652344,38.566509246826172
8550995,2018,2018-02-14,5703,2018-01-22,1502,2854,71,1,5,4,5703,0,0,0,,0,004,"EAST MAIN ST","DOUGLAS LN",616.00,W,N,A,-,N,,,,,,,,,,Y,3,0,1,3,A,-,03,22350,,N,E,I,A,B,H,-,A,D,0,,,,,Y,,A,01,0,1,0,0,0,0,0,0,0,"- ","- ",38.677181243896484,-121.73101043701172,YOLO,WOODLAND,-121.73309326171875,38.677268981933594
8551045,2018,2018-02-12,5703,2018-01-25,1636,2891,77,4,5,4,5703,0,0,0,,0,004,"FARMERS CENTRAL RD","CAMPOS AV",201.00,W,N,A,-,N,,,,,,,,,,Y,4,0,1,1,A,-,08,22107,,N,E,I,A,A,H,-,B,D,0,,,,,Y,,A,07,0,0,1,0,0,0,0,0,0,"- ","- ",38.654861450195312,-121.73119354248047,YOLO,WOODLAND,-121.73189544677734,38.654842376708984
8552587,2018,2018-02-16,5703,2018-01-20,1930,2927,33,6,5,4,5703,0,0,0,,0,004,"E GUM AV","BOURN DR",0.00,,Y,A,-,N,,,,,,,,,,N,4,0,3,2,A,-,12,22450,A,N,D,C,A,A,H,-,C,A,0,,,,,Y,,A,07,0,0,3,0,0,0,0,0,0,"- ","- ",38.668190002441406,-121.7470703125,YOLO,WOODLAND,-121.74704742431641,38.668220520019531
8554332,2018,2018-07-31,5703,2018-02-18,1055,2806,51,7,5,4,5703,0,0,0,,0,001,"EAST MAIN ST","PIONEER AV",282.00,W,N,A,-,Y,YOL,3,5,-,R,6.593,H,-,S,N,4,0,1,2,A,-,03,22350,,N,C,C,A,A,H,-,A,A,0,,,,,Y,,A,07,0,0,1,0,0,0,0,0,0,"- ","- ",38.677158355712891,-121.74691772460938,YOLO,WOODLAND,-121.74639892578125,38.678009033203125
8554410,2018,2018-07-03,5703,2018-01-22,1635,2807,31,1,5,4,5703,0,0,0,,0,001,"EAST MAIN ST","RT 113",455.00,,N,A,-,N,,,,,,,,,,N,4,0,1,3,A,-,03,22350,,N,C,C,A,A,H,-,A,D,0,,,,,Y,,A,07,0,0,1,0,0,0,0,0,0,"- ",NF,38.677268981933594,-121.74941253662109,YOLO,WOODLAND,-121.75116729736328,38.677280426025391
8557221,2018,2018-02-16,5703,2018-02-09,0816,2854,55,5,5,4,5703,0,0,0,,0,004,"PIONEER AV","PATRIOT WAY",116.00,N,N,A,-,N,,,,,,,,,,Y,4,0,1,2,A,-,03,22350,,N,C,C,A,A,H,-,A,D,0,,,,,Y,,A,01,0,0,1,0,0,0,0,0,0,"- ","- ",38.659248352050781,-121.7423095703125,YOLO,WOODLAND,,
8559376,2018,2018-02-26,5703,2018-02-11,1900,2012,52,7,5,4,5703,0,0,0,,0,003,"WEST ST","MAIN ST",40.00,S,N,A,-,N,,,,,,,,,,N,4,0,1,2,A,-,11,21954,A,N,G,B,D,A,H,-,C,A,0,Y,,,,Y,Y,N,60,0,0,1,0,1,0,0,0,0,"- ","- ",38.67755126953125,-121.7840576171875,YOLO,WOODLAND,-121.78404235839844,38.677410125732422
8562452,2018,2018-03-01,5703,2018-02-21,1621,2891,16,3,5,4,5703,0,0,0,,0,003,"GIBSON RD","EAST ST",235.00,W,N,A,-,N,,,,,,,,,,N,4,0,1,3,A,-,21,22106,,N,C,C,A,A,H,-,A,A,0,,,,,Y,,A,01,0,0,1,0,0,0,0,0,0,"- ","- ",38.662849426269531,-121.76566314697266,YOLO,WOODLAND,-121.76650238037109,38.662853240966797
8562456,2018,2018-03-01,5703,2018-02-14,1853,3893,62,3,5,4,5703,0,0,0,,0,002,"CLOVER ST","WEST ST",24.00,W,N,A,-,N,,,,,,,,,,N,3,0,1,2,A,-,03,22350,,N,G,B,E,A,H,-,C,D,0,Y,,,,Y,,A,01,0,1,0,0,1,0,0,0,0,"- ","- ",38.682640075683594,-121.78394317626953,YOLO,WOODLAND,-121.78399658203125,38.682598114013672
8563558,2018,2018-03-05,5701,2018-02-03,1726,103,7,6,5,5,5701,0,0,0,,0,003,"MACE BL","COUNTY ROAD 104A",125.00,S,N,A,-,N,,,,,,,,,,N,3,0,1,2,A,-,01,23152,F,N,A,C,A,A,H,-,B,D,0,,,,,Y,,A,01,0,1,0,0,0,0,0,0,0,"- ","- ",38.549808502197266,-121.69596862792969,YOLO,DAVIS,-121.69448852539062,38.562355041503906
8563562,2018,2018-03-05,5701,2018-02-06,1711,91,4,2,5,5,5701,0,0,0,,0,002,"2ND ST","G ST",5.00,W,N,A,-,N,,,,,,,,,,N,3,0,1,2,A,-,10,21950,A,N,G,B,-,A,H,-,A,A,0,Y,,,,Y,,A,01,0,1,0,0,1,0,0,0,0,"- ","- ",38.543628692626953,-121.7388916015625,YOLO,DAVIS,-121.73890686035156,38.543636322021484
8566047,2018,2018-03-08,5703,2018-02-18,1632,2110,11,7,5,4,5703,0,0,0,,0,001,"EAST MAIN ST","THOMAS ST",650.00,E,N,A,-,N,,,,,,,,,,N,2,0,1,1,A,-,08,22107,,N,H,A,A,A,H,-,A,D,0,,,Y,,Y,,-,"- ",1,0,0,0,0,0,0,0,1,"- ","- ",38.677349090576172,-121.76068878173828,YOLO,WOODLAND,-121.75841522216797,38.677341461181641
8566051,2018,2018-03-05,5703,2018-02-15,2310,2893,22,4,5,4,5703,0,0,0,,0,001,"EAST ST","MAIN ST",30.00,N,N,A,-,N,,,,,,,,,,Y,3,0,1,2,A,-,01,23152,B,N,C,C,A,A,H,-,C,A,0,,,,,Y,Y,A,07,0,1,0,0,0,0,0,0,0,"- ","- ",38.67742919921875,-121.76540374755859,YOLO,WOODLAND,-121.76541900634766,38.677520751953125
8574251,2018,2018-03-20,5701,2018-02-07,1806,120,4,3,5,5,5701,0,0,0,,0,002,"3RD ST","G ST",0.00,,Y,A,-,N,,,,,,,,,,N,3,0,1,2,A,-,09,21801,A,N,H,G,A,A,H,-,C,A,0,,Y,,,Y,,A,01,0,1,0,0,0,0,1,0,0,"- ","- ",38.544929504394531,-121.73925018310547,YOLO,DAVIS,-121.73928070068359,38.544929504394531
8577763,2018,2018-03-27,5701,2018-03-08,1348,1014,UCDAV,4,5,5,5701,0,0,0,,0,UCD,"ORCHARD PARK DR","RUSSELL BL",83.00,S,N,A,-,N,,,,,,,,,,N,3,0,1,2,A,-,09,21803,A,N,D,G,A,A,H,-,A,D,0,,Y,,,Y,,L,04,0,1,0,0,0,0,1,0,0,"- ","- ",,,YOLO,DAVIS,-121.7640380859375,38.54620361328125
8577767,2018,2018-03-27,5701,2018-03-02,1350,1032,UCDAV,5,5,5,5701,0,0,0,,0,CAMPUS,"KLEIBER HALL DR","BIKE PATH",0.00,,Y,B,-,N,,,,,,,,,,N,4,0,1,2,A,-,09,21802,A,F,D,G,A,B,H,-,A,A,0,,Y,,,Y,,-,,0,0,1,0,0,0,1,0,0,"- ","- ",,,YOLO,DAVIS,,
8579915,2018,2018-03-21,5703,2018-03-05,1207,2110,12,1,5,4,5703,0,0,0,,0,001,"1ST ST","BUSH ST",71.00,N,N,A,-,N,,,,,,,,,,N,3,0,1,2,A,-,11,21954,A,N,G,B,D,A,H,-,A,D,0,Y,,,,Y,,N,60,0,1,0,0,1,0,0,0,0,"- ","- ",38.676479339599609,-121.77313995361328,YOLO,WOODLAND,-121.77313995361328,38.676685333251953
8580066,2018,2018-03-21,5704,2018-02-27,0845,00165,,2,5,4,5704,0,0,0,,0,003,"JEFFERSON BL","HIGGINS RD",50.00,N,N,A,-,N,,,,,,,,,,N,4,0,1,3,A,-,04,21703,,N,C,C,A,A,H,-,A,D,0,,,,,Y,,A,07,0,0,1,0,0,0,0,0,0,"- ","- ",,,YOLO,"WEST SACRAMENTO",-121.54291534423828,38.546798706054688
8580074,2018,2018-03-21,5704,2018-02-20,1535,06604,,2,5,4,5704,0,0,0,,0,002,"PARK BL","FALLBROOK ST",0.00,,Y,A,-,N,,,,,,,,,,Y,4,0,1,2,A,-,09,21803,A,N,D,C,A,A,H,-,A,D,0,,,,,Y,,A,01,0,0,1,0,0,0,0,0,0,"- ","- ",,,YOLO,"WEST SACRAMENTO",-121.53163146972656,38.569561004638672
8586287,2018,2018-04-18,5704,2018-03-30,1218,06170,,5,5,4,5704,0,0,0,,0,002,"5TH ST","WEST CAPITOL AV",30.00,S,N,A,-,N,,,,,,,,,,Y,4,0,1,1,A,-,05,21651,A,N,E,I,A,A,H,-,A,A,0,,,,,Y,,A,01,0,0,1,0,0,0,0,0,0,"- ","- ",,,YOLO,"WEST SACRAMENTO",-121.51407623291016,38.582344055175781
8592707,2018,2018-04-06,5701,2018-03-01,0813,94,3,4,5,5,5701,0,0,0,,0,001,"ALVARADO AV","ANDERSON RD",0.00,,Y,C,-,N,,,,,,,,,,N,3,0,1,2,A,-,09,21803,A,N,H,G,A,B,H,-,A,A,0,,Y,,,Y,,A,01,0,1,0,0,0,0,1,0,0,"- ","- ",38.562679290771484,-121.75858306884766,YOLO,DAVIS,-121.75861,38.56203
8592788,2018,2018-07-30,5701,2018-02-08,1920,108,3,4,5,5,5701,0,0,0,,0,001,"WEST COVELL BL","RT 113",380.00,E,N,A,-,N,,,,,,,,,,N,3,0,1,3,A,-,03,22350,,N,C,C,A,A,H,-,C,A,0,,,,,Y,,A,01,0,1,0,0,0,0,0,0,0,"- ","- ",38.562469482421875,-121.76521301269531,YOLO,DAVIS,-121.76766204833984,38.560958862304688
8597455,2018,2018-05-08,5704,2018-04-03,1346,06170,,2,5,4,5704,0,0,0,,0,002,"ENTERPRISE BL","WEST CAPITOL AV",0.00,,Y,A,-,N,,,,,,,,,,N,4,0,1,2,A,-,07,21658,A,N,B,C,A,A,H,-,A,D,0,,,,Y,Y,,A,01,0,0,1,0,0,0,0,0,0,"- ","- ",,,YOLO,"WEST SACRAMENTO",-121.57684326171875,38.575119018554688
8597736,2018,2018-04-23,5701,2018-04-05,2100,1030,,4,5,5,5701,0,0,0,,0,UCD,"LA RUE RD","RUSSELL BL",38.00,S,N,A,-,N,,,,,,,,,,N,4,0,1,2,A,-,09,21803,A,N,D,G,A,A,H,-,C,A,0,,Y,,,Y,,A,01,0,0,1,0,0,0,1,0,0,"- ","- ",,,YOLO,DAVIS,-121.75889587402344,38.546138763427734
8597760,2018,2018-04-23,5704,2018-04-03,2031,06054,5704,2,5,4,5704,0,0,0,,0,002,"EVERGREEN AV","HARBOR BL",840.00,E,N,A,-,N,,,,,,,,,,N,4,0,1,2,A,-,09,21804,A,N,D,C,A,A,H,-,C,D,0,,,,,Y,,A,01,0,0,1,0,0,0,0,0,0,"- ","- ",,,YOLO,"WEST SACRAMENTO",-121.5457763671875,38.577003479003906
8599688,2018,2018-04-26,5703,2018-03-27,1332,2807,42,2,5,4,5703,0,0,0,,0,002,"GRAND AV","BEAMER ST",324.00,S,N,A,-,N,,,,,,,,,,N,4,0,1,2,A,-,21,22106,,N,D,C,A,A,H,-,A,D,0,,,,,Y,,A,01,0,0,1,0,0,0,0,0,0,"- ","- ",38.684799194335938,-121.7828369140625,YOLO,WOODLAND,-121.78276062011719,38.683879852294922
8606174,2018,2018-05-17,5704,2018-04-30,1420,00165,,1,5,4,5704,0,0,0,,0,003,"JEFFERSON BL","GATEWAY DR",0.00,,Y,A,-,N,,,,,,,,,,Y,3,0,1,2,A,-,12,21453,A,N,D,C,A,A,H,-,A,A,0,,,,,Y,,A,01,0,1,0,0,0,0,0,0,0,"- ","- ",,,YOLO,"WEST SACRAMENTO",-121.53309299999999,38.556353999999999
8607767,2018,2018-05-18,5701,2018-04-23,1304,1043,UCD,1,5,5,5701,0,0,0,,0,,"NORTH KLEIBER HALL DR","SPROCKET BIKE WY",0.00,,-,A,-,N,,,,,,,,,,N,4,0,1,2,A,-,09,21804,A,N,D,G,A,A,H,-,A,D,0,,Y,,,Y,,L,04,0,0,1,0,0,0,1,0,0,"- ","- ",,,YOLO,DAVIS,,
8613833,2018,2018-08-20,5701,2018-04-02,1226,94,1,1,5,5,5701,0,0,0,,0,001,"WEST COVELL BL","RT 113",0.00,,Y,A,-,Y,YOL,3,113,-,R,2.299,R,4,S,Y,3,0,2,2,A,-,12,21453,A,N,D,C,A,A,H,-,A,A,0,,,,,Y,,A,01,0,2,0,0,0,0,0,0,0,"- ","- ",38.561470031738281,-121.74051666259766,YOLO,DAVIS,-121.76798248291016,38.564052581787109
8614730,2018,2018-05-01,5701,2018-04-18,2011,120,4,3,5,5,5701,0,0,0,,0,002,"WEST COVELL BL","OAK AV",95.00,E,N,A,-,N,,,,,,,,,,N,4,0,1,2,A,-,05,21650,1,N,H,G,A,A,H,-,C,A,0,,Y,,,Y,,L,04,0,0,1,0,0,0,1,0,0,"- ","- ",38.560848236083984,-121.75222015380859,YOLO,DAVIS,-121.75190734863281,38.560840606689453
8615547,2018,2018-05-10,5701,2018-04-21,2059,123,4,6,5,5,5701,0,0,0,,0,002,"B ST","7TH ST",200.00,S,N,A,-,N,,,,,,,,,,N,3,0,1,2,A,-,08,22107,,F,H,G,A,A,H,-,C,D,0,,Y,,,Y,Y,-,,0,1,0,0,0,0,1,0,0,"- ","- ",38.548919677734375,-121.74629974365234,YOLO,DAVIS,-121.74600982666016,38.548797607421875
8618871,2018,2018-05-23,5701,2018-05-04,1830,109,7,5,5,5,5701,0,0,0,,0,003,"2ND ST","CANTRILL DR",5.00,W,N,A,-,N,,,,,,,,,,N,4,0,1,2,A,-,08,22107,,F,H,G,A,A,H,-,A,A,0,,Y,,,Y,,L,04,0,0,1,0,0,0,1,0,0,"- ","- ",38.547950744628906,-121.72004699707031,YOLO,DAVIS,-121.72011566162109,38.547946929931641
8621874,2018,2018-05-29,5703,2018-04-27,2009,2824,14,5,5,4,5703,0,0,0,,0,004,"GIBSON RD","EAST ST",38.00,E,N,A,-,N,,,,,,,,,,Y,4,0,1,2,A,-,01,23153,A,F,D,C,A,A,H,-,C,A,0,,,,,Y,Y,A,08,0,0,1,0,0,0,0,0,0,"- ","- ",38.662849426269531,-121.76566314697266,YOLO,WOODLAND,-121.76567840576172,38.662841796875
8622254,2018,2018-05-30,5704,2018-05-15,1805,06062,,2,5,4,5704,0,0,0,,0,003,"GOLDEN GATE DR","OAKLAND BAY DR W",125.00,S,N,A,-,N,,,,,,,,,,N,3,0,1,2,A,-,08,22107,,N,B,G,A,A,H,-,A,D,0,,Y,,,Y,,L,04,0,1,0,0,0,0,1,0,0,"- ","- ",,,YOLO,"WEST SACRAMENTO",-121.57299041748047,38.538471221923828
8622266,2018,2018-05-30,5704,2018-05-18,1754,00107,5704,5,5,4,5704,0,0,0,,0,002,"WEST CAPITOL AV","PINE ST",0.00,,Y,A,-,N,,,,,,,,,,N,4,0,1,2,A,-,08,22107,,N,D,G,A,A,H,-,A,D,0,,Y,,,Y,,A,08,0,0,1,0,0,0,1,0,0,"- ","- ",,,YOLO,"WEST SACRAMENTO",-121.55558013916016,38.578880310058594
8622296,2018,2018-06-08,5704,2018-05-17,1742,00107,5704,4,5,4,5704,0,0,0,,0,002,"INDUSTRIAL BL","HALYARD DR",0.00,,Y,A,-,N,,,,,,,,,,Y,4,0,1,2,A,-,08,22107,,N,D,C,A,A,H,-,A,D,0,,,,,Y,,A,01,0,0,1,0,0,0,0,0,0,"- ","- ",,,YOLO,"WEST SACRAMENTO",-121.55066680908203,38.570220947265625
8622304,2018,2018-06-08,5704,2018-05-12,1631,06072,,6,5,4,5704,0,0,0,,0,001,"REED AV","HARBOR BL",0.00,,Y,A,-,N,,,,,,,,,,Y,4,0,2,3,A,-,12,21453,A,N,D,C,A,A,H,-,A,A,0,,,,,Y,,A,01,0,0,2,0,0,0,0,0,0,"- ","- ",,,YOLO,"WEST SACRAMENTO",-121.54531097412109,38.591510772705078
8626530,2018,2018-06-04,5704,2018-04-20,2046,00171,,5,5,4,5704,0,0,0,,0,001,"3RD ST","C ST",144.00,S,N,A,-,N,,,,,,,,,,N,3,0,1,2,A,-,05,21650,A,N,D,G,A,A,H,-,C,D,0,,Y,,,Y,,L,04,0,1,0,0,0,0,1,0,0,"- ","- ",,,YOLO,"WEST SACRAMENTO",-121.51010131835938,38.588058471679688
8626617,2018,2018-06-06,5704,2018-05-17,1436,06072,,4,5,4,5704,0,0,0,,0,001,"5TH ST","F ST",0.00,,Y,A,-,N,,,,,,,,,,Y,2,0,5,3,A,-,09,21801,A,N,A,C,A,A,H,-,A,A,0,,,,,Y,,A,01,1,3,1,0,0,0,0,0,0,"- ","- ",,,YOLO,"WEST SACRAMENTO",-121.5135498046875,38.584880828857422
8626625,2018,2018-06-06,5704,2018-05-03,2109,06018,,4,5,4,5704,0,0,0,,0,003,"JEFFERSON BL","MARSHALL RD",725.00,N,N,A,-,N,,,,,,,,,,Y,2,0,1,2,A,-,09,21801,A,N,D,C,A,A,H,-,C,D,0,,,Y,,Y,,A,01,1,0,0,0,0,0,0,0,1,"- ","- ",,,YOLO,"WEST SACRAMENTO",-121.55228424072266,38.536655426025391
8627296,2018,2018-06-05,5703,2018-05-02,1557,2927,91,3,5,4,5703,0,0,0,,0,004,"COUNTY ROAD 102","BRONZE STAR DR",0.00,,Y,A,-,N,,,,,,,,,,N,3,0,1,2,A,-,03,22350,,N,H,G,A,A,H,-,A,D,0,,Y,,,Y,,L,04,0,1,0,0,0,0,1,0,0,"- ","- ",38.670059204101562,-121.72866821289062,YOLO,WOODLAND,-121.72856903076172,38.670028686523438
8629782,2018,2018-06-06,5701,2018-04-29,0430,35,8,7,5,5,5701,0,0,0,,0,004,"OLIVE DR","RICHARDS BL",94.00,E,N,A,-,N,,,,,,,,,,N,2,0,1,2,A,-,06,21760,B,F,H,G,A,A,H,-,C,D,0,,Y,,,Y,,A,01,1,0,0,0,0,0,1,0,0,"- ","- ",38.540809631347656,-121.73863220214844,YOLO,DAVIS,-121.73834991455078,38.540985107421875
8629838,2018,2018-06-07,5701,2018-05-18,1319,11,8,5,5,5,5701,0,0,0,,0,004,"RICHARDS BL","OLIVE DR",3.00,S,N,A,-,N,,,,,,,,,,N,3,0,1,2,A,-,10,21950,A,N,G,B,B,A,H,-,A,A,0,Y,,,,Y,,A,07,0,1,0,0,1,0,0,0,0,"- ","- ",38.540809631347656,-121.73863220214844,YOLO,DAVIS,-121.73857879638672,38.540805816650391
8633662,2018,2018-06-18,5701,2018-05-30,0855,91,9,3,5,5,5701,0,0,0,,0,004,"COWELL BL","EL CEMONTE AV",0.00,,Y,A,-,N,,,,,,,,,,N,4,0,1,2,A,-,10,21950,A,N,G,B,B,A,H,-,A,A,0,Y,,,,Y,,A,01,0,0,1,0,1,0,0,0,0,"- ","- ",38.549160003662109,-121.68946075439453,YOLO,DAVIS,-121.68946838378906,38.549160003662109
8633854,2018,2018-06-19,5704,2018-05-31,1359,00173,,4,5,4,5704,0,0,0,,0,002,"HARBOR BL","WEST CAPITOL AV",20.00,N,N,A,-,N,,,,,,,,,,N,4,0,1,2,A,-,03,22350,,N,C,C,A,A,H,-,A,A,0,,,,,Y,,A,01,0,0,1,0,0,0,0,0,0,"- ","- ",,,YOLO,"WEST SACRAMENTO",-121.54902648925781,38.579303741455078
8636148,2018,2018-06-21,5703,2018-06-04,1455,2824,21,1,5,4,5703,0,0,0,,0,001,"EAST ST","COURT ST",47.00,S,N,A,-,N,,,,,,,,,,N,2,0,1,2,A,-,09,21802,A,N,H,G,A,A,H,-,A,A,0,,Y,,,Y,,L,04,1,0,0,0,0,0,1,0,0,"- ","- ",,,YOLO,WOODLAND,-121.76543426513672,38.678581237792969
8636564,2018,2018-06-22,5703,2018-05-16,1725,2012,32,3,5,4,5703,0,0,0,,0,003,"LINCOLN AV","SAUNDERS WY",0.00,,Y,A,-,N,,,,,,,,,,N,3,0,1,2,A,-,03,22350,,N,H,G,A,A,H,-,A,A,0,,Y,,,Y,,L,04,0,1,0,0,0,0,1,0,0,"- ","- ",38.67572021484375,-121.78006744384766,YOLO,WOODLAND,-121.77999877929688,38.675670623779297
8636720,2018,2018-06-20,5703,2018-05-29,1626,2012,41,2,5,4,5703,0,0,0,,0,001,"EAST MAIN ST","RT 113",45.00,E,N,A,-,N,,,,,,,,,,Y,4,0,1,3,A,-,03,22350,,N,C,C,A,A,H,-,A,A,0,,,,,Y,,A,08,0,0,1,0,0,0,0,0,0,"- ","- ",38.677330017089844,-121.7528076171875,YOLO,WOODLAND,-121.75101470947266,38.677272796630859
8637119,2018,2018-07-02,5704,2018-06-18,1025,00165,,1,5,4,5704,0,0,0,,0,001,"REED AV","RT 80",500.00,W,N,A,-,N,,,,,,,,,,N,4,0,1,2,A,-,03,22350,,N,C,C,A,A,H,-,A,D,0,,,,Y,Y,,G,25,0,0,1,0,0,0,0,0,0,"- ",EO,,,YOLO,"WEST SACRAMENTO",-121.55416870117188,38.592041015625
8637344,2018,2018-06-26,5701,2018-05-26,1404,100,5,6,5,5,5701,0,0,0,,0,002,"COLGATE DR","M ST",100.00,W,N,A,-,N,,,,,,,,,,Y,4,0,1,2,A,-,01,23152,A,N,C,C,A,A,H,-,A,D,0,,,,,Y,Y,A,01,0,0,1,0,0,0,0,0,0,"- ","- ",38.550979614257812,-121.73458099365234,YOLO,DAVIS,-121.73216247558594,38.550918579101562
8640545,2018,2018-06-27,5704,2018-06-18,1901,06067,,1,5,4,5704,0,0,0,,0,001,"SACRAMENTO AV","8TH ST",513.00,E,N,A,-,N,,,,,,,,,,Y,3,0,1,2,A,-,05,21651,A,N,A,C,A,A,H,-,A,D,0,,,Y,,Y,,C,02,0,1,0,0,0,0,0,0,1,"- ","- ",,,YOLO,"WEST SACRAMENTO",-121.51529693603516,38.587821960449219
8640553,2018,2018-06-27,5704,2018-06-08,1717,06091,,5,5,4,5704,0,0,0,,0,002,"JEFFERSON BL","WEST CAPITOL AV",0.00,,Y,A,-,N,,,,,,,,,,Y,2,0,1,2,A,-,12,21453,A,N,D,C,A,A,H,-,A,A,0,,,,,Y,,A,07,1,0,0,0,0,0,0,0,0,"- ","- ",,,YOLO,"WEST SACRAMENTO",-121.52664947509766,38.580718994140625
8640557,2018,2018-06-27,5704,2018-06-08,2334,06062,,5,5,4,5704,0,0,0,,0,001,"NORTH HARBOR BL","SUNSET AV",82.00,N,N,A,-,N,,,,,,,,,,Y,3,0,1,1,A,-,01,23152,A,N,E,J,A,A,H,-,C,D,0,,,,,Y,Y,A,01,0,1,0,0,0,0,0,0,0,"- ","- ",,,YOLO,"WEST SACRAMENTO",-121.54639434814453,38.594593048095703
8641647,2018,2018-06-22,5701,2018-06-03,1433,106,2,7,5,5,5701,0,0,0,,0,001,"WEST COVELL BL","ANDERSON RD",200.00,E,N,A,-,N,,,,,,,,,,N,4,0,1,2,A,-,05,21650,,N,H,G,A,A,H,-,A,D,0,,Y,,,Y,,L,04,0,0,1,0,0,0,1,0,0,"- ","- ",38.55963134765625,-121.75776672363281,YOLO,DAVIS,-121.75782012939453,38.560882568359375