CASE_ID,ACCIDENT_YEAR,PROC_DATE,JURIS,COLLISION_DATE,COLLISION_TIME,OFFICER_ID,REPORTING_DISTRICT,DAY_OF_WEEK,CHP_SHIFT,POPULATION,CNTY_CITY_LOC,SPECIAL_COND,BEAT_TYPE,CHP_BEAT_TYPE,CITY_DIVISION_LAPD,CHP_BEAT_CLASS,BEAT_NUMBER,PRIMARY_RD,SECONDARY_RD,DISTANCE,DIRECTION,INTERSECTION,WEATHER_1,WEATHER_2,STATE_HWY_IND,CALTRANS_COUNTY,CALTRANS_DISTRICT,STATE_ROUTE,ROUTE_SUFFIX,POSTMILE_PREFIX,POSTMILE,LOCATION_TYPE,RAMP_INTERSECTION,SIDE_OF_HWY,TOW_AWAY,COLLISION_SEVERITY,NUMBER_KILLED,NUMBER_INJURED,PARTY_COUNT,PRIMARY_COLL_FACTOR,PCF_CODE_OF_VIOL,PCF_VIOL_CATEGORY,PCF_VIOLATION,PCF_VIOL_SUBSECTION,HIT_AND_RUN,TYPE_OF_COLLISION,MVIW,PED_ACTION,ROAD_SURFACE,ROAD_COND_1,ROAD_COND_2,LIGHTING,CONTROL_DEVICE,CHP_ROAD_TYPE,PEDESTRIAN_ACCIDENT,BICYCLE_ACCIDENT,MOTORCYCLE_ACCIDENT,TRUCK_ACCIDENT,NOT_PRIVATE_PROPERTY,ALCOHOL_INVOLVED,STWD_VEHTYPE_AT_FAULT,CHP_VEHTYPE_AT_FAULT,COUNT_SEVERE_INJ,COUNT_VISIBLE_INJ,COUNT_COMPLAINT_PAIN,COUNT_PED_KILLED,COUNT_PED_INJURED,COUNT_BICYCLIST_KILLED,COUNT_BICYCLIST_INJURED,COUNT_MC_KILLED,COUNT_MC_INJURED,PRIMARY_RAMP,SECONDARY_RAMP,LATITUDE,LONGITUDE,COUNTY,CITY,POINT_X,POINT_Y
8721637,2018,2018-11-05,5703,2018-10-12,1717,2807,31,5,5,4,5703,0,0,0,,0,001,"MATMOR RD","DODDS DR",0.00,,Y,A,-,N,,,,,,,,,,Y,4,0,2,2,A,-,03,22350,,N,C,C,A,A,H,-,A,D,0,,,,,Y,,A,07,0,0,2,0,0,0,0,0,0,"- ","- ",38.673000335693359,-121.75621795654297,YOLO,WOODLAND,-121.75618743896484,38.672981262207031
8721641,2018,2018-11-05,5703,2018-10-12,1723,2891,52,5,5,4,5703,0,0,0,,0,003,"WEST LINCOLN AV","CALIFORNIA ST",0.00,,Y,A,-,N,,,,,,,,,,N,4,0,1,2,A,-,09,21801,A,N,H,G,A,A,H,-,A,A,0,,Y,,,Y,,A,01,0,0,1,0,0,0,1,0,0,"- ","- ",38.676139831542969,-121.7886962890625,YOLO,WOODLAND,-121.78865051269531,38.676101684570312
8721813,2018,2018-10-30,5701,2018-10-15,0838,116,4,1,5,5,5701,0,0,0,,0,002,"OAK AV","8TH ST",0.00,,Y,A,-,N,,,,,,,,,,Y,3,0,2,2,A,-,12,21453,,M,D,C,A,A,H,-,A,A,0,,,,,Y,,D,22,0,1,1,0,0,0,0,0,0,"- ","- ",38.55072021484375,-121.75273132324219,YOLO,DAVIS,-121.75270080566406,38.550739288330078
8721896,2018,2018-10-30,5704,2018-09-19,1806,06052,,3,5,4,5704,0,0,0,,0,002,"SOUTH RIVER RD","15TH ST",215.00,N,N,A,-,N,,,,,,,,,,N,3,0,1,2,A,-,06,21760,B,F,B,G,A,A,H,-,A,D,0,,Y,,,Y,,A,01,0,1,0,0,0,0,1,0,0,"- ","- ",,,YOLO,"WEST SACRAMENTO",-121.51999664306641,38.572116851806641
8723217,2018,2018-11-15,5703,2018-10-31,0830,2807,64,3,5,4,5703,0,0,0,,0,002,"WEST ST","BEAMER ST",216.00,N,N,A,-,N,,,,,,,,,,Y,4,0,2,2,A,-,03,22350,,N,C,C,A,A,H,-,A,A,0,,,,,Y,,A,07,0,0,2,0,0,0,0,0,0,"- ","- ",38.684810638427734,-121.78392028808594,YOLO,WOODLAND,-121.78395080566406,38.684791564941406
8723395,2018,2018-11-19,5703,2018-10-10,2006,2812,22,3,5,4,5703,0,0,0,,0,001,"COURT ST","1ST ST",0.00,,Y,A,-,N,,,,,,,,,,N,4,0,1,2,A,-,09,21801,A,N,G,G,A,A,H,-,A,A,0,,Y,,,Y,,L,04,0,0,1,0,0,0,1,0,0,"- ","- ",38.678768157958984,-121.77313232421875,YOLO,WOODLAND,-121.77311706542969,38.678760528564453
8726110,2018,2018-11-08,5701,2018-10-23,0929,94,8,2,5,5,5701,0,0,0,,0,004,"COWELL BL","POLE LINE RD",70.00,S,N,A,-,N,,,,,,,,,,N,3,0,1,2,A,-,09,21803,A,N,H,G,A,A,H,-,A,A,0,,Y,,,Y,,A,01,0,1,0,0,0,0,1,0,0,"- ","- ",38.541370391845703,-121.72299194335938,YOLO,DAVIS,-121.72310638427734,38.541183471679688
8726443,2018,2018-11-06,5704,2018-09-21,2140,06701,,5,5,4,5704,0,0,0,,0,001,"LISBON AV","SUNSET AV",70.00,E,N,A,-,N,,,,,,,,,,N,4,0,1,3,A,-,21,22106,,F,C,B,F,A,H,-,C,A,0,Y,,,,Y,,-,99,0,0,1,0,1,0,0,0,0,"- ","- ",,,YOLO,"WEST SACRAMENTO",-121.54537200927734,38.593845367431641
8731003,2018,2018-11-05,5703,2018-10-06,1055,2012,22,6,5,4,5703,0,0,0,,0,001,"LEMEN AV","EAST ST",0.00,,Y,A,-,N,,,,,,,,,,Y,4,0,1,2,A,-,12,21453,A,N,D,C,A,A,H,-,A,A,0,,,,,Y,,A,07,0,0,1,0,0,0,0,0,0,"- ","- ",38.679889678955078,-121.76538848876953,YOLO,WOODLAND,-121.76541137695312,38.680080413818359
8735071,2018,2018-11-13,5704,2018-08-25,2223,06090,5704,6,5,4,5704,0,0,0,,0,002,"WEST CAPITOL AV","JEFFERSON BL",38.00,W,N,A,-,N,,,,,,,,,,N,4,0,3,2,A,-,03,22350,,F,C,C,A,A,H,-,C,A,0,,,,,Y,,-,99,0,0,3,0,0,0,0,0,0,"- ","- ",,,YOLO,"WEST SACRAMENTO",-121.52677917480469,38.580703735351562
8735239,2018,2018-11-07,5704,2018-10-24,0741,00138,,3,5,4,5704,0,0,0,,0,003,"HENSHAW RD","COLLINS ST",0.00,,N,A,-,N,,,,,,,,,,N,4,0,1,2,A,-,09,21802,A,N,D,G,A,A,H,-,A,A,0,,Y,,,Y,,L,04,0,0,1,0,0,0,1,0,0,"- ","- ",,,YOLO,"WEST SACRAMENTO",-121.57685089111328,38.526931762695312
8735501,2018,2018-11-15,5701,2018-10-15,1730,226,4,1,5,5,5701,0,0,0,,0,002,"3RD ST","H ST",0.00,,Y,A,-,N,,,,,,,,,,N,3,0,1,2,A,-,09,21801,A,N,H,G,A,A,H,-,A,D,0,,Y,,,Y,,A,01,0,1,0,0,0,0,1,0,0,"- ","- ",38.545070648193359,-121.73828887939453,YOLO,DAVIS,-121.73831176757812,38.545089721679688
8735509,2018,2018-11-15,5701,2018-10-30,1505,35,9,2,5,5,5701,0,0,0,,0,004,"ANGELA ST","MARDEN ST",34.00,S,N,A,-,N,,,,,,,,,,N,3,0,1,2,A,-,05,21650,,N,B,C,A,A,H,-,A,D,0,,,,,Y,,A,01,0,1,0,0,0,0,0,0,0,"- ","- ",38.552230834960938,-121.68171691894531,YOLO,DAVIS,-121.68170928955078,38.552135467529297
8735517,2018,2018-11-15,5701,2018-10-18,2023,221,4,4,5,5,5701,0,0,0,,0,002,"B ST","2ND ST",0.00,,Y,A,-,N,,,,,,,,,,N,3,0,1,2,A,-,12,22450,A,N,H,G,A,A,H,-,C,A,0,,Y,,,Y,,L,04,0,1,0,0,0,0,1,0,0,"- ","- ",38.542659759521484,-121.74434661865234,YOLO,DAVIS,-121.74434661865234,38.542690277099609
8735602,2018,2018-11-07,5703,2018-09-20,1323,2807,,4,5,4,5703,0,0,0,,0,,"COUNTY ROAD 99","KENTUCKY AV",127.00,N,N,A,-,N,,,,,,,,,,N,4,0,1,2,A,-,03,22350,,N,C,C,A,A,H,-,A,D,0,,,,,Y,,A,01,0,0,1,0,0,0,0,0,0,"- ","- ",,,YOLO,WOODLAND,-121.78385162353516,38.692390441894531
8735913,2018,2019-02-20,5703,2018-12-27,0335,2876,51,4,5,4,5703,0,0,0,,0,001,"PIONEER AV","EAST MAIN ST",0.00,,Y,A,-,N,,,,,,,,,,N,4,0,1,2,A,-,12,21453,A,N,H,G,A,A,H,-,C,A,0,,Y,,,Y,,-,"- ",0,0,1,0,0,0,1,0,0,"- ","- ",38.677158355712891,-121.74691772460938,YOLO,WOODLAND,-121.74691772460938,38.677261352539062
8737016,2018,2018-11-21,5701,2018-10-21,1725,60,7,7,5,5,5701,0,0,0,,0,003,"2ND ST","PENA DR",0.00,,Y,A,-,N,,,,,,,,,,Y,3,0,2,2,A,-,09,21801,A,N,A,C,A,A,H,-,A,D,0,,,,,Y,,A,01,0,2,0,0,0,0,0,0,0,"- ","- ",38.548969268798828,-121.71563720703125,YOLO,DAVIS,-121.71559143066406,38.548969268798828
8737541,2018,2018-11-28,5703,2018-11-07,1443,2891,62,3,5,4,5703,0,0,0,,0,002,"COURT ST","WEST ST",0.00,,Y,A,-,N,,,,,,,,,,N,4,0,1,2,A,-,10,21950,A,N,G,B,B,A,H,-,A,A,0,Y,,,,Y,,D,22,0,0,1,0,1,0,0,0,0,"- ","- ",38.678001403808594,-121.78399658203125,YOLO,WOODLAND,-121.78404235839844,38.678859710693359
8737573,2018,2019-01-11,5704,2018-10-19,1813,6091,,5,5,4,5704,0,0,0,,0,002,"INDUSTRIAL BL","ENTERPRISE BL",112.00,E,N,A,-,N,,,,,,,,,,N,2,0,1,2,A,-,08,22100,A,N,B,G,A,A,H,-,B,D,0,,Y,,Y,Y,,F,26,1,0,0,0,0,0,1,0,0,"- ","- ",,,YOLO,"WEST SACRAMENTO",-121.57805633544922,38.570209503173828
8737735,2018,2018-11-27,5704,2018-11-06,0803,06701,,2,5,4,5704,0,0,0,,0,002,"BEACON BL","HALYARD DR",335.00,W,N,A,-,N,,,,,,,,,,Y,4,0,1,1,A,-,08,22107,,N,E,I,A,A,H,-,A,D,0,,,,,Y,,A,01,0,0,1,0,0,0,0,0,0,"- ","- ",,,YOLO,"WEST SACRAMENTO",-121.55123138427734,38.572147369384766
8737739,2018,2018-11-27,5704,2018-11-06,0732,06701,,2,5,4,5704,0,0,0,,0,001,"5TH ST","F ST",0.00,,Y,A,-,N,,,,,,,,,,Y,4,0,1,2,A,-,01,23152,F,N,D,C,A,A,H,-,A,A,0,,,,,Y,,A,01,0,0,1,0,0,0,0,0,0,"- ","- ",,,YOLO,"WEST SACRAMENTO",-121.5135498046875,38.584880828857422
8741006,2018,2018-11-19,5704,2018-10-31,1330,00165,,3,5,4,5704,0,0,0,,0,001,"F ST","5TH ST",0.00,,Y,A,-,N,,,,,,,,,,Y,4,0,1,2,A,-,09,21802,A,N,D,C,A,A,H,-,A,A,0,,,,,Y,,A,01,0,0,1,0,0,0,0,0,0,"- ","- ",,,YOLO,"WEST SACRAMENTO",-121.5135498046875,38.584880828857422
8741010,2018,2018-11-19,5704,2018-10-26,1644,06072,,5,5,4,5704,0,0,0,,0,001,"SACRAMENTO AV","REUTER DR",44.00,W,N,A,-,N,,,,,,,,,,Y,4,0,1,2,A,-,03,22350,,F,C,C,A,A,H,-,A,A,0,,,,,Y,,A,01,0,0,1,0,0,0,0,0,0,"- ","- ",,,YOLO,"WEST SACRAMENTO",-121.51821136474609,38.588405609130859
8741166,2018,2018-11-28,5701,2018-11-10,1832,120,1,6,5,5,5701,0,0,0,,0,001,"CALAVERAS AV","ARLINGTON BL",0.00,,Y,A,-,N,,,,,,,,,,Y,3,0,1,2,A,-,09,21801,A,N,D,C,A,A,H,-,C,A,0,,,,,Y,,A,01,0,1,0,0,0,0,0,0,0,"- ","- ",38.550540924072266,-121.77911376953125,YOLO,DAVIS,-121.77910614013672,38.550559997558594
8741763,2018,2018-11-30,5701,2018-11-12,1318,227,3,1,5,5,5701,0,0,0,,0,001,"ALVARADO AV","ANDERSON RD",430.00,W,N,A,-,N,,,,,,,,,,Y,3,0,2,2,A,-,08,22107,,N,D,C,A,A,H,-,A,D,0,,,,,Y,,A,01,0,1,1,0,0,0,0,0,0,"- ","- ",38.562908172607422,-121.75965118408203,YOLO,DAVIS,-121.76002502441406,38.5621337890625
8744353,2018,2019-01-18,5703,2018-11-09,2102,2073,41,5,5,4,5703,0,0,0,,0,001,"RT 113","EAST MAIN ST",0.00,,Y,A,-,Y,YOL,3,113,-,R,9.851,R,1,N,N,3,0,1,2,A,-,08,22107,,N,H,G,A,A,H,-,C,A,0,,Y,,,Y,,-,"- ",0,1,0,0,0,0,1,0,0,NO,"- ",38.677268981933594,-121.74952697753906,YOLO,WOODLAND,-121.75103759765625,38.671669006347656
8749922,2018,2019-01-07,5703,2018-11-23,1226,2115,73,5,5,4,5703,0,0,0,,0,004,"COUNTY ROAD 102","MAXWELL AV",124.00,N,N,C,-,N,,,,,,,,,,Y,4,0,1,2,A,-,08,22107,,N,A,C,A,B,H,-,A,A,0,,,,,Y,,D,22,0,0,1,0,0,0,0,0,0,"- ","- ",38.668731689453125,-121.72866821289062,YOLO,WOODLAND,-121.72861480712891,38.669052124023438
8751138,2018,2018-12-12,5703,2018-11-07,1323,2807,16,3,5,4,5703,0,0,0,,0,003,"6TH ST","SHERMAN ST",0.00,,Y,A,-,N,,,,,,,,,,Y,4,0,2,2,A,-,09,21801,A,N,D,C,A,A,H,-,A,D,0,,,,,Y,,D,22,0,0,2,0,0,0,0,0,0,"- ","- ",38.660530090332031,-121.76746368408203,YOLO,WOODLAND,-121.76748657226562,38.660530090332031
8752147,2018,2019-01-25,5701,2018-11-26,0841,94,4,1,5,5,5701,0,0,0,,0,002,"W 8TH ST","DOUGLAS AV",0.00,,Y,A,-,N,,,,,,,,,,N,3,0,1,2,A,-,09,21801,A,N,H,G,A,A,H,-,A,A,0,,Y,,,Y,,A,01,0,1,0,0,0,0,1,0,0,"- ","- ",38.550701141357422,-121.75144958496094,YOLO,DAVIS,-121.75135040283203,38.55072021484375
8752151,2018,2019-01-25,5701,2018-11-25,1151,118,2,7,5,5,5701,0,0,0,,0,001,"W 8TH ST","OESTE DR",0.00,,Y,A,-,N,,,,,,,,,,Y,3,0,1,2,A,-,09,21801,,N,D,C,A,A,H,-,A,D,0,,,,,Y,,A,01,0,1,0,0,0,0,0,0,0,"- ","- ",38.550968170166016,-121.75621032714844,YOLO,DAVIS,-121.75652313232422,38.55078125
8757102,2018,2018-12-14,5704,2018-11-27,1302,06701,,2,5,4,5704,0,0,0,,0,002,"INDUSTRIAL BL","BEACON BL",0.00,,Y,C,-,N,,,,,,,,,,Y,3,0,1,3,A,-,03,22350,,N,C,C,A,B,H,-,A,D,0,,,,,Y,,A,01,0,1,0,0,0,0,0,0,0,"- ","- ",,,YOLO,"WEST SACRAMENTO",-121.55454254150391,38.572708129882812
8757331,2018,2018-12-19,5704,2018-11-24,0400,06054,,6,5,4,5704,0,0,0,,0,002,"INDUSTRIAL BL","PARKWAY BL",0.00,,Y,B,-,N,,,,,,,,,,Y,3,0,1,2,A,-,09,21802,B,N,D,C,A,B,H,-,C,D,0,,,,,Y,,A,01,0,1,0,0,0,0,0,0,0,"- ","- ",,,YOLO,"WEST SACRAMENTO",-121.56555938720703,38.573421478271484
8757359,2018,2018-12-19,5704,2018-11-14,1615,00165,,3,5,4,5704,0,0,0,,0,002,"WEST CAPITOL AV","POPLAR AV",0.00,,Y,A,-,N,,,,,,,,,,N,3,0,2,2,A,-,08,22107,,N,D,C,A,A,H,-,A,A,0,,,,,Y,,A,07,0,1,1,0,0,0,0,0,0,"- ","- ",,,YOLO,"WEST SACRAMENTO",-121.53398132324219,38.580230712890625
8758459,2018,2019-01-24,5701,2018-11-26,1519,94,1,1,5,5,5701,0,0,0,,0,001,"SHASTA DR","EL CAPITAN ST",25.00,W,N,A,-,N,,,,,,,,,,N,3,0,1,2,A,-,03,22350,,N,H,G,A,A,H,-,A,A,0,,Y,,,Y,,A,01,0,1,0,0,0,0,1,0,0,"- ","- ",38.55548095703125,-121.77529907226562,YOLO,DAVIS,-121.77539825439453,38.555423736572266
8759296,2018,2018-12-19,5703,2018-11-26,1719,2891,35,1,5,4,5703,0,0,0,,0,004,"EAST GIBSON RD","HARRY LORENZO AV",110.00,E,N,A,-,N,,,,,,,,,,Y,4,0,2,2,A,-,03,22350,,N,C,C,A,A,H,-,C,D,0,,,,,Y,,A,01,0,0,2,0,0,0,0,0,0,"- ","- ",38.661998748779297,-121.74700164794922,YOLO,WOODLAND,-121.74674987792969,38.662662506103516
8762347,2018,2019-01-08,5704,2018-12-13,1800,06072,,4,5,4,5704,0,0,0,,0,003,"MARSHALL RD","ALLAN AV",0.00,,Y,A,-,N,,,,,,,,,,Y,4,0,1,2,A,-,09,21801,A,N,A,C,A,A,H,-,D,A,0,,,,,Y,,A,07,0,0,1,0,0,0,0,0,0,"- ","- ",,,YOLO,"WEST SACRAMENTO",-121.55683898925781,38.535060882568359
8762355,2018,2019-01-08,5704,2018-12-03,2135,06664,,1,5,4,5704,0,0,0,,0,002,"HARBOR BL","EVERGREEN AV",0.00,,Y,A,-,N,,,,,,,,,,N,4,0,2,2,A,-,03,22350,,N,C,C,A,A,H,-,C,A,0,,,,,Y,,A,01,0,0,2,0,0,0,0,0,0,"- ","- ",,,YOLO,"WEST SACRAMENTO",-121.54871368408203,38.576919555664062
8762359,2018,2019-01-08,5704,2018-12-09,2101,06090,5704,7,5,4,5704,0,0,0,,0,002,"PROCTOR AV","SYCAMORE AV",88.00,E,N,A,-,N,,,,,,,,,,N,3,0,1,2,A,-,08,22107,,F,C,G,A,A,H,-,D,D,0,,Y,,,Y,,A,01,0,1,0,0,0,0,1,0,0,"- ","- ",,,YOLO,"WEST SACRAMENTO",-121.53665924072266,38.577606201171875
8769253,2018,2019-01-26,5704,2018-12-30,1600,00165,,7,5,4,5704,0,0,0,,0,001,"IKEA CT","REED AV",850.00,S,N,A,-,N,,,,,,,,,,N,4,0,3,2,A,-,09,21801,A,N,D,C,A,A,H,-,A,A,0,,,,,Y,,A,01,0,0,3,0,0,0,0,0,0,"- ","- ",,,YOLO,"WEST SACRAMENTO",-121.55037689208984,38.590129852294922
8769257,2018,2019-01-26,5704,2018-12-26,1804,06699,,3,5,4,5704,0,0,0,,0,001,"5TH ST","F ST",0.00,,Y,A,-,N,,,,,,,,,,Y,4,0,1,2,A,-,01,23153,A,N,D,C,A,A,H,-,C,D,0,,,,,Y,Y,A,01,0,0,1,0,0,0,0,0,0,"- ","- ",,,YOLO,"WEST SACRAMENTO",-121.5135498046875,38.584880828857422
8769516,2018,2019-01-28,5703,2018-12-17,1746,2891,32,1,5,4,5703,0,0,0,,0,003,"MAIN ST","COLLEGE ST",0.00,,Y,A,-,N,,,,,,,,,,N,4,0,1,2,A,-,06,21755,A,N,H,G,A,A,H,-,C,A,0,,Y,,,Y,,L,04,0,0,1,0,0,0,1,0,0,"- ","- ",38.677459716796875,-121.77471923828125,YOLO,WOODLAND,-121.77471160888672,38.677478790283203
8769520,2018,2019-01-28,5703,2018-12-13,0804,2891,14,4,5,4,5703,0,0,0,,0,001,"EAST ST","GUM AV",25.00,N,N,A,-,N,,,,,,,,,,N,4,0,1,2,A,-,03,22350,,N,C,C,A,A,H,-,A,A,0,,,,,Y,,A,01,0,0,1,0,0,0,0,0,0,"- ","- ",38.668319702148438,-121.76557922363281,YOLO,WOODLAND,-121.76559448242188,38.668399810791016
8771696,2018,2019-01-29,5704,2018-12-23,0008,06090,5704,7,5,4,5704,0,0,0,,0,003,"JEFFERSON BL","LAKE WASHINGTON BL",0.00,,Y,A,-,N,,,,,,,,,,Y,3,0,1,1,A,-,01,23152,A,N,E,I,A,A,H,-,C,A,0,,,,,Y,Y,A,01,0,1,0,0,0,0,0,0,0,"- ","- ",,,YOLO,"WEST SACRAMENTO",-121.537353515625,38.552719116210938
8772766,2018,2019-01-18,5701,2018-12-18,1318,222,9,2,5,5,5701,0,0,0,,0,004,"COWELL BL","CHILES RD",1200.00,W,N,A,-,N,,,,,,,,,,Y,3,0,1,1,A,-,01,23152,A,N,E,I,A,A,H,-,C,D,0,,,,,Y,Y,A,07,0,1,0,0,0,0,0,0,0,"- ","- ",38.547080993652344,-121.71676635742188,YOLO,DAVIS,-121.71701812744141,38.547435760498047
8774155,2019,2019-02-05,5704,2019-01-08,2346,06664,,2,5,4,5704,0,0,0,,0,003,"JEFFERSON BL","DEVON AV",140.00,N,N,C,-,N,,,,,,,,,,Y,4,0,1,1,A,-,05,21650,,N,E,I,A,B,H,-,C,D,0,,,,,Y,,A,01,0,0,1,0,0,0,0,0,0,"- ","- ",,,YOLO,"WEST SACRAMENTO",-121.53289031982422,38.556747436523438
8774159,2019,2019-02-05,5704,2019-01-08,0753,06033,,2,5,4,5704,0,0,0,,0,003,"JEFFERSON BL","LINDEN RD",500.00,N,N,B,-,N,,,,,,,,,,N,4,0,1,2,A,-,03,22350,,N,C,C,A,A,H,-,A,D,0,,,,,Y,,A,01,0,0,1,0,0,0,0,0,0,"- ","- ",,,YOLO,"WEST SACRAMENTO",-121.54866027832031,38.540534973144531
8774377,2018,2019-01-25,5704,2018-12-19,1836,06699,,3,5,4,5704,0,0,0,,0,001,"KEGLE DR","HOBSON AV",0.00,,Y,A,-,N,,,,,,,,,,N,3,0,1,2,A,-,08,22107,,N,B,G,A,A,H,-,B,D,0,,Y,,,Y,,A,01,0,1,0,0,0,0,1,0,0,"- ","- ",,,YOLO,"WEST SACRAMENTO",-121.52622985839844,38.592498779296875
8775858,2018,2019-01-28,5701,2018-12-05,1658,223,2,3,5,5,5701,0,0,0,,0,001,"RUSSELL BL","ANDERSON RD",0.00,,Y,A,-,N,,,,,,,,,,N,3,0,1,2,A,-,17,21451,A,N,H,G,A,A,H,-,A,A,0,,Y,,,Y,,A,01,0,1,0,0,0,0,1,0,0,"- ","- ",38.546379089355469,-121.75882720947266,YOLO,DAVIS,-121.75875854492188,38.546409606933594
8775881,2018,2019-01-25,5701,2018-12-03,1420,127,5,1,5,5,5701,0,0,0,,0,002,"3RD ST","H ST",83.00,E,N,A,-,N,,,,,,,,,,N,3,0,1,2,A,-,21,22106,,N,H,B,C,A,H,-,A,D,0,Y,,,,Y,,A,01,0,1,0,0,1,0,0,0,0,"- ","- ",38.545299530029297,-121.73699188232422,YOLO,DAVIS,-121.73802185058594,38.545131683349609
8777580,2019,2019-02-13,5704,2019-01-07,1909,06089,,1,5,4,5704,0,0,0,,0,001,"5TH ST","F ST",0.00,,Y,C,-,N,,,,,,,,,,N,3,0,1,2,A,-,09,21802,A,N,C,C,A,B,H,-,C,A,0,,,,,Y,,A,01,0,1,0,0,0,0,0,0,0,"- ","- ",,,YOLO,"WEST SACRAMENTO",-121.5135498046875,38.584880828857422
8781518,2019,2019-02-02,5703,2019-01-01,1116,2891,25,2,5,4,5703,0,0,0,,0,001,"N EAST ST","CHURCHILL DOWNS AV",0.00,,Y,A,-,N,,,,,,,,,,N,4,0,1,2,A,-,09,21802,A,N,D,C,A,A,H,-,A,A,0,,,,,Y,,A,01,0,0,1,0,0,0,0,0,0,"- ","- ",38.698818206787109,-121.76526641845703,YOLO,WOODLAND,-121.76522827148438,38.698799133300781
8784323,2019,2019-02-14,5704,2019-01-30,0839,00173,,3,5,4,5704,0,0,0,,0,001,"3RD ST","E ST",100.00,N,N,B,-,N,,,,,,,,,,Y,3,0,1,2,A,-,08,22107,,N,C,E,A,A,H,-,A,A,0,,,,,Y,,D,22,0,1,0,0,0,0,0,0,0,"- ","- ",,,YOLO,"WEST SACRAMENTO",-121.510498046875,38.586101531982422
8784335,2019,2019-02-15,5704,2019-01-30,0822,00166,,3,5,4,5704,0,0,0,,0,002,"5TH ST","E ST",0.00,,Y,A,-,N,,,,,,,,,,Y,3,0,2,2,A,-,09,21802,,N,D,C,A,A,H,-,A,A,0,,,,,Y,,A,01,0,1,1,0,0,0,0,0,0,"- ","- ",,,YOLO,"WEST SACRAMENTO",-121.51329040527344,38.586181640625
8786209,2019,2019-02-12,5703,2019-01-23,0640,2070,83,3,5,4,5703,0,0,0,,0,001,"EAST KENTUCKY AV","COUNTY ROAD 102",2640.00,W,N,A,-,N,,,,,,,,,,N,4,0,1,3,A,-,09,21804,A,N,B,C,A,A,H,-,B,D,0,,,,Y,Y,,A,01,0,0,1,0,0,0,0,0,0,"- ","- ",,,YOLO,WOODLAND,-121.737548828125,38.691719055175781
8786496,2019,2019-02-07,5704,2019-01-25,0843,00173,,5,5,4,5704,0,0,0,,0,003,"JEFFERSON BL","LINDEN RD N",6.00,N,N,E,-,N,,,,,,,,,,N,3,0,1,2,A,-,05,21650,1,N,D,G,A,A,H,-,A,A,0,,Y,,,Y,,L,04,0,1,0,0,0,0,1,0,0,"- ","- ",,,YOLO,"WEST SACRAMENTO",-121.54969024658203,38.539443969726562
8787355,2019,2019-02-21,5703,2019-01-14,1735,2105,26,1,5,4,5703,0,0,0,,0,001,"KENTUCKY AV","N COLLEGE ST",6.00,E,N,C,-,N,,,,,,,,,,Y,4,0,1,1,A,-,07,21658,A,N,E,I,A,B,D,-,D,A,0,,,,,Y,,A,07,0,0,1,0,0,0,0,0,0,"- ","- ",38.691879272460938,-121.77458190917969,YOLO,WOODLAND,-121.77452850341797,38.691928863525391
8789408,2019,2019-02-04,5701,2019-01-16,2058,1083,,3,5,5,5701,0,0,0,,0,CAMPUS,"HUTCHISON DR","LA RUE RD",0.00,,Y,C,-,N,,,,,,,,,,N,4,0,1,2,A,-,05,21650,1,N,D,G,A,B,H,-,C,A,0,,Y,,,Y,,L,04,0,0,1,0,0,0,1,0,0,"- ","- ",,,YOLO,DAVIS,-121.76087951660156,38.539108276367188
8794716,2019,2019-04-22,5704,2019-02-14,0948,166,,4,5,4,5704,0,0,0,,0,002,"TOWER BRIDGE GATEWAY","IRONWORKS AV",0.00,,Y,B,-,N,,,,,,,,,,N,4,0,1,3,A,-,09,21802,A,N,D,C,A,A,H,-,A,A,0,,,,,Y,,A,01,0,0,1,0,0,0,0,0,0,"- ","- ",,,YOLO,"WEST SACRAMENTO",-121.51982879638672,38.580230712890625
8800562,2019,2019-02-20,5701,2019-01-22,1730,0276,UCD,2,5,5,5701,0,0,0,,0,,"HUTCHISON DR","HOPKINS RD",0.00,,Y,A,-,N,,,,,,,,,,N,4,0,1,2,A,-,09,21802,A,N,B,G,A,A,H,-,B,A,0,,Y,,,Y,,A,01,0,0,1,0,0,0,1,0,0,"- ","- ",,,YOLO,DAVIS,-121.79046630859375,38.539588928222656
8800954,2019,2019-02-27,5704,2019-02-04,1450,00165,,1,5,4,5704,0,0,0,,0,002,"WEST CAPITOL AV","SUTTER ST",130.00,E,N,B,-,N,,,,,,,,,,Y,3,0,1,2,A,-,01,23152,B,M,C,C,A,A,H,-,A,D,0,,,,,Y,Y,A,01,0,1,0,0,0,0,0,0,0,"- ","- ",,,YOLO,"WEST SACRAMENTO",-121.55425262451172,38.578941345214844
8800958,2019,2019-02-27,5704,2019-02-06,1232,00137,,3,5,4,5704,0,0,0,,0,001,"HOBSON AV","KEGLE DR",0.00,,Y,A,-,N,,,,,,,,,,Y,4,0,1,1,A,-,03,22350,,N,F,I,A,A,H,-,A,A,0,,,,,Y,,A,01,0,0,1,0,0,0,0,0,0,"- ","- ",,,YOLO,"WEST SACRAMENTO",-121.52622985839844,38.592498779296875
8801118,2019,2019-02-22,5701,2019-02-13,1239,118,5,3,5,5,5701,0,0,0,,0,002,"L ST","5TH ST",10.00,S,N,C,-,N,,,,,,,,,,N,3,0,1,2,A,-,03,22350,,F,C,C,A,B,H,-,A,A,0,,,,,Y,,A,01,0,1,0,0,0,0,0,0,0,"- ","- ",38.548000335693359,-121.73439788818359,YOLO,DAVIS,-121.73447418212891,38.548423767089844