CASE_ID,ACCIDENT_YEAR,PROC_DATE,JURIS,COLLISION_DATE,COLLISION_TIME,OFFICER_ID,REPORTING_DISTRICT,DAY_OF_WEEK,CHP_SHIFT,POPULATION,CNTY_CITY_LOC,SPECIAL_COND,BEAT_TYPE,CHP_BEAT_TYPE,CITY_DIVISION_LAPD,CHP_BEAT_CLASS,BEAT_NUMBER,PRIMARY_RD,SECONDARY_RD,DISTANCE,DIRECTION,INTERSECTION,WEATHER_1,WEATHER_2,STATE_HWY_IND,CALTRANS_COUNTY,CALTRANS_DISTRICT,STATE_ROUTE,ROUTE_SUFFIX,POSTMILE_PREFIX,POSTMILE,LOCATION_TYPE,RAMP_INTERSECTION,SIDE_OF_HWY,TOW_AWAY,COLLISION_SEVERITY,NUMBER_KILLED,NUMBER_INJURED,PARTY_COUNT,PRIMARY_COLL_FACTOR,PCF_CODE_OF_VIOL,PCF_VIOL_CATEGORY,PCF_VIOLATION,PCF_VIOL_SUBSECTION,HIT_AND_RUN,TYPE_OF_COLLISION,MVIW,PED_ACTION,ROAD_SURFACE,ROAD_COND_1,ROAD_COND_2,LIGHTING,CONTROL_DEVICE,CHP_ROAD_TYPE,PEDESTRIAN_ACCIDENT,BICYCLE_ACCIDENT,MOTORCYCLE_ACCIDENT,TRUCK_ACCIDENT,NOT_PRIVATE_PROPERTY,ALCOHOL_INVOLVED,STWD_VEHTYPE_AT_FAULT,CHP_VEHTYPE_AT_FAULT,COUNT_SEVERE_INJ,COUNT_VISIBLE_INJ,COUNT_COMPLAINT_PAIN,COUNT_PED_KILLED,COUNT_PED_INJURED,COUNT_BICYCLIST_KILLED,COUNT_BICYCLIST_INJURED,COUNT_MC_KILLED,COUNT_MC_INJURED,PRIMARY_RAMP,SECONDARY_RAMP,LATITUDE,LONGITUDE,COUNTY,CITY,POINT_X,POINT_Y
90915858,2019,2019-01-30,9280,2019-01-22,0625,019621,,2,1,4,5704,0,1,1,,2,010,"I-80 W/B (TRANSITION TO I-80 W/B)","W CAPITOL AVENUE",1056.00,W,N,A,-,Y,,,80,,,,R,,W,Y,4,0,1,2,A,-,03,22350,,N,C,C,A,A,H,-,D,D,0,,,,,Y,,A,01,0,0,1,0,0,0,0,0,0,"- ","- ",38.576259613037109,-121.56336975097656,YOLO,"WEST SACRAMENTO",-121.56336975097656,38.576259613037109
90916013,2019,2019-02-25,9280,2019-01-23,0640,017963,,3,1,4,5704,0,1,1,,2,010,"I-80 E/B","REED AVE",2112.00,E,N,A,B,Y,,,80,,,,,,E,Y,4,0,1,2,A,-,07,21658,A,N,B,C,A,A,H,-,C,D,0,,,,,Y,,A,01,0,0,1,0,0,0,0,0,0,"- ","- ",38.597930908203125,-121.54788208007812,YOLO,"WEST SACRAMENTO",-121.5479736328125,38.597991943359375
90918783,2019,2019-02-04,9280,2019-01-17,1320,015128,,4,1,5,5701,0,2,S,,2,901,"OLIVE DR","RICHARDS BLVD",528.00,S,N,A,-,N,,,,,,,,,,N,3,0,1,2,A,-,09,21804,A,N,D,G,A,A,H,-,A,D,0,,Y,,,Y,,L,04,0,1,0,0,0,0,1,0,0,"- ","- ",38.539798736572266,-121.73919677734375,YOLO,DAVIS,-121.73908233642578,38.539649963378906
90918829,2018,2019-02-04,9280,2018-10-19,0420,017964,,5,3,9,5700,0,1,1,,2,020,"I-5 N/B","COUNTY ROAD 17",690.00,S,N,A,-,Y,,,5,,,,,,N,Y,2,0,3,2,A,-,01,23152,F,N,A,C,A,A,H,-,D,A,0,,,,,Y,,A,01,3,0,0,0,0,0,0,0,0,"- ","- ",38.733638763427734,-121.81678009033203,YOLO,UNINCORPORATED,-121.81668853759766,38.733737945556641
90921767,2019,2019-02-07,9280,2019-01-30,0825,015079,,3,1,9,5700,0,3,5,,2,002,"COUNTY ROAD 102","COUNTY ROAD 28H",0.00,,Y,E,-,N,,,,,,,,,,Y,3,0,1,2,A,-,01,23152,A,N,D,C,A,B,H,-,B,D,0,,,,,Y,Y,A,01,0,1,0,0,0,0,0,0,0,"- ","- ",38.353000640869141,-121.43489837646484,YOLO,UNINCORPORATED,-121.73026275634766,38.591621398925781
90923481,2019,2019-02-11,9280,2019-02-08,2218,019986,,5,3,9,5700,0,1,1,,2,031,"I-505 S/B",CR-29A,900.00,S,N,B,C,Y,,,505,,,,,,S,Y,4,0,3,2,A,-,03,22350,,N,C,C,A,B,H,-,D,D,0,,,,,Y,,A,01,0,0,3,0,0,0,0,0,0,"- ","- ",38.582298278808594,-121.9534912109375,YOLO,UNINCORPORATED,-121.95336151123047,38.582298278808594
90925403,2019,2019-02-13,9280,2019-02-09,1000,016289,,6,1,4,5704,0,1,2,,2,011,"US-50 W/B","JEFFERSON BOULEVARD",300.00,E,N,B,-,Y,,,50,,,,,,W,Y,3,0,1,1,A,-,08,22107,,N,E,I,A,A,H,-,A,D,0,,,,,Y,,A,01,0,1,0,0,0,0,0,0,0,"- ","- ",38.576408386230469,-121.52162933349609,YOLO,"WEST SACRAMENTO",-121.52166748046875,38.576332092285156
90926847,2019,2019-02-14,9280,2019-02-10,2042,018866,,7,2,9,5700,0,3,5,,2,003,"COUNTY ROAD 12A","COUNTY ROAD 92",0.00,,Y,B,-,N,,,,,,,,,,Y,3,0,1,1,A,-,01,23152,A,N,E,I,A,A,H,-,D,D,0,,,,,Y,Y,A,01,0,1,0,0,0,0,0,0,0,"- ","- ",38.816349029541016,-121.91455078125,YOLO,UNINCORPORATED,-121.91458129882812,38.816188812255859
90927109,2019,2019-02-15,9280,2019-02-10,0400,019377,,7,3,5,5701,0,1,1,,2,010,"I-80 E/B","MACE BLVD",2640.00,W,N,A,-,Y,,,80,,,,,,E,Y,3,0,2,1,A,-,08,22107,,N,F,I,A,B,H,-,C,D,0,,,,,Y,,A,01,0,2,0,0,0,0,0,0,0,"- ","- ",38.551528930664062,-121.69978332519531,YOLO,DAVIS,-121.69979858398438,38.551639556884766
90930389,2019,2019-02-20,9280,2019-02-15,1610,017883,,5,2,4,5703,0,1,1,,2,020,"I-5 S/B","COUNTY ROAD 102",2037.00,N,N,A,-,Y,,,5,,,,,,S,Y,4,0,1,2,A,-,03,22350,,N,C,C,A,A,H,-,A,D,0,,,,,Y,,A,01,0,0,1,0,0,0,0,0,0,"- ","- ",38.673740386962891,-121.73580169677734,YOLO,WOODLAND,-121.73580169677734,38.673683166503906
90937737,2019,2019-03-01,9280,2019-02-21,0755,021265,,4,1,9,5700,0,1,1,,2,020,"I-5 N/B","COUNTY ROAD 102",2640.00,S,N,A,-,Y,,,5,,,,,,N,Y,4,0,1,2,A,-,03,22350,,N,C,C,A,A,H,-,A,D,0,,,,,Y,,A,01,0,0,1,0,0,0,0,0,0,"- ","- ",38.673698425292969,-121.70159912109375,YOLO,UNINCORPORATED,-121.70159912109375,38.673789978027344
90937830,2019,2019-03-01,9280,2019-02-21,0730,017883,,4,1,9,5700,0,3,5,,2,002,"COUNTY ROAD 98","W EL DORADO DR",528.00,N,N,A,-,N,,,,,,,,,,Y,4,0,1,1,A,-,08,22107,,N,E,I,A,A,H,-,A,D,0,,,,,Y,,A,07,0,0,1,0,0,0,0,0,0,"- ","- ",38.661201477050781,-121.80277252197266,YOLO,UNINCORPORATED,-121.80269622802734,38.659900665283203
90940613,2019,2019-03-06,9280,2019-02-24,1920,016214,,7,2,4,5704,0,1,1,,2,010,"I-80 W/B","REED AVE",3696.00,W,N,B,-,Y,,,,,,,,,,Y,3,0,1,3,A,-,03,22350,,N,C,C,A,A,H,-,D,D,0,,,,,Y,,A,07,0,1,0,0,0,0,0,0,0,"- ","- ",38.345901489257812,-121.33300018310547,YOLO,"WEST SACRAMENTO",-121.55845642089844,38.582962036132812
90942536,2019,2019-03-08,9280,2019-03-01,1930,018205,,5,2,5,5701,0,1,1,,2,010,"INTERSTATE 80 E/B","RICHARDS BLVD",150.00,W,N,B,-,Y,,,,,,,,,,Y,4,0,1,4,A,-,03,22350,,N,C,C,A,A,H,-,C,D,0,,,,,Y,,A,07,0,0,1,0,0,0,0,0,0,"- ","- ",38.322399139404297,-121.44149780273438,YOLO,DAVIS,-121.73583984375,38.539745330810547
90946181,2019,2019-03-14,9280,2019-03-06,0650,017964,,3,1,4,5704,0,1,2,,2,011,"US-50 W/B","DREVER ST",10.00,W,N,B,C,Y,,,50,,,,,,W,Y,2,0,2,2,A,-,08,22107,,N,E,I,A,B,H,-,A,A,0,,,,,Y,,A,01,1,0,1,0,0,0,0,0,0,"- ","- ",38.576541900634766,-121.52194213867188,YOLO,"WEST SACRAMENTO",-121.52197265625,38.576469421386719
90946652,2019,2019-03-15,9280,2019-03-08,1910,016245,,5,2,9,5700,0,1,1,,2,020,"I-5 S/B","OLD RIVER RD.",13200.00,N,N,A,-,Y,,,5,,,,,,S,Y,4,0,1,3,A,-,03,22350,,N,C,C,A,A,H,-,D,D,0,,,,,Y,,A,01,0,0,1,0,0,0,0,0,0,"- ","- ",38.673500061035156,-121.67759704589844,YOLO,UNINCORPORATED,-121.67759704589844,38.673397064208984
90946689,2019,2019-03-15,9280,2019-03-08,1805,018352,,5,2,5,5701,0,1,1,,2,010,"I-80 E/B","MACE BLVD",3140.00,E,N,A,-,Y,,,80,,,,,,E,Y,4,0,2,4,A,-,07,21658,A,N,B,C,A,A,H,-,D,D,0,,,Y,,Y,,A,01,0,0,2,0,0,0,0,0,2,"- ","- ",38.555080413818359,-121.68383026123047,YOLO,DAVIS,-121.68386840820312,38.555244445800781
90946794,2019,2019-03-15,9280,2019-03-10,0657,019621,,7,1,4,5704,0,1,1,,2,010,"I-80 E/B","ENTERPRISE BLVD",1584.00,W,N,B,-,Y,,,80,,,,,,E,Y,4,0,2,2,A,-,03,22350,,N,C,C,A,B,H,-,D,D,0,,,,,Y,,A,07,0,0,2,0,0,0,0,0,0,"- ","- ",38.573261260986328,-121.58236694335938,YOLO,"WEST SACRAMENTO",-121.5823974609375,38.57342529296875
90947064,2019,2019-03-15,9280,2019-03-11,0754,019621,,1,1,4,5703,0,1,1,,2,020,"I-5 S/B","EAST ST",1584.00,S,N,A,-,Y,,,5,,,,,,S,Y,3,0,1,1,A,-,08,22107,,N,E,I,A,A,H,-,A,D,0,,,,,Y,,A,01,0,1,0,0,0,0,0,0,0,"- ","- ",38.694259643554688,-121.76036834716797,YOLO,WOODLAND,-121.76025390625,38.694465637207031
90947903,2019,2019-03-18,9280,2019-03-12,0653,017964,,2,1,9,5700,0,3,5,,2,002,"COUNTY ROAD 29","COUNTY ROAD 95",0.00,,Y,A,-,N,,,,,,,,,,Y,4,0,3,2,A,-,12,22450,A,N,D,C,A,A,H,-,A,A,0,,,,,Y,,A,01,0,0,3,0,0,0,0,0,0,"- ","- ",38.590648651123047,-121.85865020751953,YOLO,UNINCORPORATED,-121.85865020751953,38.590671539306641
90948818,2019,2020-01-31,9280,2019-03-16,0718,015128,,6,1,9,5700,0,3,5,,2,003,CR-95,CR-31,0.00,,Y,A,-,Y,,,,,,,,,,Y,3,0,2,2,A,-,09,21802,A,N,D,C,A,A,H,-,A,A,0,,,,,Y,,A,01,0,1,1,0,0,0,0,0,0,"- ","- ",38.561500549316406,-121.85880279541016,YOLO,UNINCORPORATED,-121.85884094238281,38.561580657958984
90949174,2019,2019-03-19,9280,2019-03-14,1805,019986,,4,2,4,5704,0,1,2,,2,011,"US-50 E/B","HARBOR BLVD",700.00,W,N,A,-,Y,,,50,,,,,,E,Y,4,0,1,3,A,-,03,22350,,N,C,C,A,A,H,-,A,D,0,,,,,Y,,A,01,0,0,1,0,0,0,0,0,0,"- ","- ",38.575141906738281,-121.55280303955078,YOLO,"WEST SACRAMENTO",-121.55280303955078,38.574943542480469
90949217,2019,2019-03-19,9280,2019-03-18,0700,017964,,1,1,4,5704,0,1,1,,2,010,"I-80 W/B",US-50,120.00,W,N,A,-,Y,,,80,,,,,,W,N,4,0,1,2,A,-,03,22350,,N,C,C,A,A,H,-,A,A,0,,,,Y,Y,,G,25,0,0,1,0,0,0,0,0,0,"- ","- ",38.575649261474609,-121.56815338134766,YOLO,"WEST SACRAMENTO",-121.56816864013672,38.575794219970703
90949826,2018,2019-06-17,9280,2018-09-07,1438,015128,,5,2,9,5700,0,2,4,,2,025,CR-98,CR-25A,2640.00,N,N,A,-,N,,,,,,,,,,Y,1,1,1,3,A,-,01,23152,F,N,A,C,A,A,H,-,A,D,0,,,,Y,Y,,A,01,0,1,0,0,0,0,0,0,0,"- ","- ",38.648178100585938,-121.80261993408203,YOLO,UNINCORPORATED,-121.80266571044922,38.648658752441406
90950381,2019,2019-03-21,9280,2019-03-14,0650,021265,,4,1,9,5700,0,1,1,,2,020,"I-5 S/B","WEST ST",1320.00,N,N,B,-,Y,,,5,,,,,,S,Y,4,0,2,2,A,-,17,22109,,N,C,C,A,A,H,-,B,D,0,,,,,Y,,A,01,0,0,2,0,0,0,0,0,0,"- ","- ",38.707748413085938,-121.78880310058594,YOLO,UNINCORPORATED,-121.78893280029297,38.707614898681641
90952342,2019,2019-03-25,9280,2019-03-16,2020,018205,,6,2,9,5700,0,1,1,,2,020,"INTERSTATE 5 S/B","COUNTY ROAD 103",17952.00,S,N,B,-,Y,,,,,,,,,,Y,3,0,2,3,A,-,01,23152,A,N,G,C,A,A,H,-,D,D,0,,,,,Y,Y,A,01,0,1,1,0,0,0,0,0,0,"- ","- ",38.402301788330078,-121.38430023193359,YOLO,UNINCORPORATED,,
90952871,2019,2019-03-25,9280,2019-03-21,1550,018352,,4,2,4,5703,0,1,1,,2,020,"I-5 S/B","E MAIN STREET",350.00,S,N,A,-,Y,,,5,,,,,,S,Y,4,0,1,4,A,-,07,21658,A,N,B,C,A,A,H,-,A,D,0,,,,Y,Y,,G,27,0,0,1,0,0,0,0,0,0,"- ","- ",38.676338195800781,-121.744873046875,YOLO,WOODLAND,-121.74485778808594,38.676353454589844
90953575,2019,2019-03-26,9280,2019-03-22,1630,018352,,5,2,5,5701,0,1,1,,2,010,"I-80 WB FROM RICHARDS BLVD SB ON-RAMP","RICHARDS BLVD",280.00,W,N,C,-,Y,,,80,,,,R,,W,Y,4,0,1,1,A,-,08,22107,,N,E,I,A,B,H,-,A,D,0,,,,,Y,,A,01,0,0,1,0,0,0,0,0,0,"- ","- ",38.539558410644531,-121.73741912841797,YOLO,DAVIS,-121.73741912841797,38.539558410644531
9095725,2020,2020-07-30,5704,2020-04-21,1438,06210,,2,5,4,5704,0,0,0,,0,003,"JEFFERSON BL","MARSHALL RD",400.00,N,N,A,-,N,,,,,,,,,,Y,2,0,1,1,A,-,03,22350,,N,F,A,A,A,H,-,A,D,0,,,,,Y,,A,01,1,0,0,0,0,0,0,0,0,"- ","- ",38.535091400146484,-121.55368804931641,YOLO,"WEST SACRAMENTO",-121.55295562744141,38.535934448242188
90958115,2019,2019-04-01,9280,2019-03-21,1530,016144,,4,2,9,5700,0,1,2,,2,011,"US-50 E/B","HARBOR BLVD.",1056.00,W,N,A,-,Y,,,,,,,,,,Y,4,0,1,3,A,-,03,22350,,N,E,C,A,A,H,-,A,D,0,,,,,Y,,A,01,0,0,1,0,0,0,0,0,0,"- ","- ",38.574970245361328,-121.55294036865234,YOLO,UNINCORPORATED,-121.55234527587891,38.574928283691406
90962704,2019,2019-04-08,9280,2019-03-27,1341,016144,,3,1,9,5700,0,1,3,,2,034,SR-16,"COUNTY ROAD 68",1644.00,W,N,A,-,Y,,,16,,,,,,,Y,2,0,3,2,A,-,08,22107,,N,C,C,A,A,H,-,A,D,0,,,,,Y,,A,01,1,0,2,0,0,0,0,0,0,"- ","- ",38.790851593017578,-122.17893218994141,YOLO,UNINCORPORATED,-122.17894744873047,38.790843963623047
90962799,2019,2019-04-08,9280,2019-03-28,0300,015492,,4,3,4,5704,0,1,1,,2,010,"I-80 E/B","REED AVE",2112.00,W,N,B,-,Y,,,80,,,,,,E,N,4,0,1,2,A,-,03,22350,,N,C,C,A,A,H,-,D,D,0,,,,,Y,,A,01,0,0,1,0,0,0,0,0,0,"- ","- ",38.586780548095703,-121.55551147460938,YOLO,"WEST SACRAMENTO",-121.55552673339844,38.5867919921875
90963091,2019,2019-04-08,9280,2019-03-30,1115,021265,,6,1,4,5704,0,1,2,,2,011,"US-50 (W/B)","HARBOR BLVD",500.00,E,N,A,-,Y,,,50,,,,,,,Y,4,0,1,2,A,-,03,22350,,N,C,C,A,A,H,-,A,D,0,,,,,Y,,A,01,0,0,1,0,0,0,0,0,0,"- ","- ",38.575199127197266,-121.54799652099609,YOLO,"WEST SACRAMENTO",-121.54799652099609,38.575157165527344
90963189,2019,2019-04-08,9280,2019-03-31,0220,019919,,7,3,9,5700,0,1,1,,2,031,"I-505 N/B","COUNTRY ROAD 31",4752.00,N,N,A,-,Y,,,505,,,,,,N,Y,3,0,1,1,A,-,01,23152,A,N,E,I,A,A,H,-,D,D,0,,,,,Y,Y,A,01,0,1,0,0,0,0,0,0,0,"- ","- ",38.575668334960938,-121.95323944091797,YOLO,UNINCORPORATED,-121.95304107666016,38.575672149658203
90963408,2019,2019-04-08,9280,2019-04-01,1610,015128,,1,2,9,5700,0,3,5,,2,002,CR-101A,CR-29,60.00,S,N,A,-,N,,,,,,,,,,Y,4,0,2,3,A,-,01,23152,F,N,C,C,A,A,H,-,A,A,0,,,,,Y,,A,01,0,0,2,0,0,0,0,0,0,"- ","- ",38.589698791503906,-121.75240325927734,YOLO,UNINCORPORATED,-121.75248718261719,38.589927673339844
90963492,2019,2019-04-08,9280,2019-04-02,1955,018205,,2,2,9,5700,0,1,1,,2,010,"INTERSTATE 80 E/B","COUNTY ROAD 32A",10560.00,E,N,A,-,Y,,,,,,,,,,Y,4,0,2,2,A,-,03,22350,,N,C,C,A,A,H,-,D,D,0,,,,,Y,,A,01,0,0,2,0,0,0,0,0,0,"- ","- ",38.341499328613281,-121.35449981689453,YOLO,UNINCORPORATED,-121.60259246826172,38.569957733154297
90964081,2019,2019-04-09,9280,2019-03-30,1240,021265,,6,1,4,5704,0,1,1,,2,010,"I-80 W/B","REED AVE",528.00,W,N,A,-,Y,,,80,,,,,,W,Y,4,0,2,2,A,-,03,22350,,N,C,C,A,A,H,-,A,D,0,,,,,Y,,A,01,0,0,2,0,0,0,0,0,0,"- ","- ",38.589900970458984,-121.55380249023438,YOLO,"WEST SACRAMENTO",-121.55379486083984,38.589893341064453
90964412,2019,2019-04-09,9280,2019-04-03,1255,017963,,3,1,9,5700,0,3,5,,2,003,"COUNTY ROAD 85","COUNTY ROAD 12",2112.00,N,N,B,-,N,,,,,,,,,,Y,4,0,1,1,A,-,08,22107,,N,F,I,A,A,H,-,A,D,0,,,,,Y,,A,01,0,0,1,0,0,0,0,0,0,"- ","- ",38.815738677978516,-122.04335784912109,YOLO,UNINCORPORATED,-122.04334259033203,38.815719604492188
90965671,2019,2019-04-11,9280,2019-04-06,1646,018866,,6,2,5,5701,0,1,1,,2,010,"I-80 E/B","RICHARDS BLVD",1056.00,E,N,B,-,Y,,,80,,,,,,E,Y,4,0,1,2,A,-,03,22350,,N,C,C,A,A,H,-,A,D,0,,,,,Y,,D,22,0,0,1,0,0,0,0,0,0,"- ","- ",38.540279388427734,-121.73523712158203,YOLO,DAVIS,-121.73521423339844,38.540248870849609
90967835,2019,2019-04-15,9280,2019-04-09,0618,015079,,2,1,5,5701,0,1,3,,2,022,"SR-113 N/B","RUSSELL BLVD",200.00,S,N,A,-,Y,,,113,,,,,,N,Y,3,0,1,2,A,-,03,22350,,N,C,C,A,A,H,-,B,D,0,,,,,Y,,A,01,0,1,0,0,0,0,0,0,0,"- ","- ",38.545700073242188,-121.76789855957031,YOLO,DAVIS,-121.76796722412109,38.545703887939453
9096895,2020,2020-08-03,5704,2020-05-09,0743,6208,,6,5,4,5704,0,0,0,,0,002,"LAKE RD","ENTERPRISE BL",0.00,,Y,A,-,N,,,,,,,,,,Y,3,0,2,2,A,-,12,21453,A,N,D,C,A,A,H,-,A,A,0,,,,,Y,,A,01,0,2,0,0,0,0,0,0,0,"- ","- ",38.572158813476562,-121.57830047607422,YOLO,"WEST SACRAMENTO",-121.57833099365234,38.572208404541016
90969172,2019,2019-04-17,9280,2019-04-12,1715,018352,,5,2,4,5703,0,1,1,,2,020,"I-5 S/B","SR-113 N/B",900.00,S,N,A,-,Y,,,5,,,,,,S,Y,2,0,1,2,A,-,03,22350,,N,C,C,A,A,H,-,A,D,0,,,,Y,Y,,A,01,1,0,0,0,0,0,0,0,0,"- ","- ",38.681781768798828,-121.74925231933594,YOLO,WOODLAND,-121.74921417236328,38.681808471679688
90969978,2019,2019-04-18,9280,2019-04-12,1446,021276,,5,2,5,5701,0,1,1,,2,010,"I-80 E/B","RICHARDS BLVD",500.00,W,N,A,-,Y,,,80,,,,,,E,Y,4,0,4,3,A,-,03,22350,,N,C,C,A,A,H,-,A,D,0,,,,,Y,,A,07,0,0,4,0,0,0,0,0,0,"- ","- ",38.538410186767578,-121.737548828125,YOLO,DAVIS,-121.73750305175781,38.538352966308594
90970177,2019,2019-04-18,9280,2019-04-13,1615,021276,,6,2,4,5704,0,1,1,,2,010,"I-80 W/B","REED AVE",5280.00,W,N,A,-,Y,,,80,,,,,,W,Y,4,0,2,3,A,-,03,22350,,N,C,C,A,A,H,-,A,D,0,,,,,Y,,A,01,0,0,2,0,0,0,0,0,0,"- ","- ",38.580360412597656,-121.5601806640625,YOLO,"WEST SACRAMENTO",-121.56022644042969,38.580390930175781
90972152,2019,2019-04-22,9280,2019-04-12,1828,018866,,5,2,9,5700,0,1,1,,2,020,"I-5 N/B","OLD RIVER RD",5280.00,N,N,A,-,Y,,,5,,,,,,N,Y,3,0,1,5,A,-,03,22350,,F,C,C,A,A,H,-,A,D,0,,,,,Y,,A,07,0,1,0,0,0,0,0,0,0,"- ","- ",38.673530578613281,-121.64652252197266,YOLO,UNINCORPORATED,-121.64652252197266,38.673507690429688
90973673,2018,2019-06-26,9280,2018-10-08,0530,015353,,1,3,9,5700,0,3,5,,2,003,"COUNTY ROAD 24","COUNTY ROAD 93",3781.00,W,N,A,-,N,,,,,,,,,,Y,1,1,0,2,A,-,08,22107,,N,D,C,A,A,H,-,D,D,0,,,,Y,Y,,F,26,0,0,0,0,0,0,0,0,0,"- ","- ",38.663681030273438,-121.90442657470703,YOLO,UNINCORPORATED,-121.90835571289062,38.663619995117188
90973966,2019,2019-04-24,9280,2019-04-18,0805,019621,,4,1,4,5704,0,1,1,,2,010,"I-80 W/B","REED AVE",1584.00,W,N,A,-,Y,,,80,,,,,,W,Y,4,0,1,3,A,-,03,22350,,N,C,C,A,A,H,-,A,D,0,,,,,Y,,A,01,0,0,1,0,0,0,0,0,0,"- ","- ",38.588260650634766,-121.55436706542969,YOLO,"WEST SACRAMENTO",-121.55473327636719,38.588508605957031
90974073,2019,2019-04-24,9280,2019-04-18,0825,016289,,4,1,4,5704,0,1,1,,2,020,"I-5 N/B","COUNTY ROAD 22",300.00,N,N,A,-,Y,,,,,,,,,,N,3,0,2,2,A,-,03,22350,,N,C,C,A,A,H,-,A,D,0,,,,,Y,,D,22,0,1,1,0,0,0,0,0,0,"- ","- ",38.673419952392578,-121.63642883300781,YOLO,"WEST SACRAMENTO",,
90976545,2019,2019-04-26,9280,2019-04-19,1653,016144,,5,2,9,5700,0,3,5,,2,003,"COUNTY ROAD 93A","COUNTY ROAD 31",1584.00,S,N,A,-,N,,,,,,,,,,Y,2,0,2,2,A,-,08,22107,,N,D,D,A,A,H,-,A,D,0,,,Y,,Y,,A,01,1,0,1,0,0,0,0,0,1,"- ","- ",38.55712890625,-121.90154266357422,YOLO,UNINCORPORATED,-121.90130615234375,38.558059692382812
90977781,2019,2020-01-31,9280,2019-04-18,0724,021265,,4,1,9,5700,0,2,4,,2,025,"COUNTY ROAD 98","COUNTY RD 25A",0.00,,Y,A,-,N,,,,,,,,,,Y,4,0,1,2,A,-,09,21802,A,N,D,C,A,A,H,-,A,A,0,,,,,Y,,A,01,0,0,1,0,0,0,0,0,0,"- ","- ",38.641498565673828,-121.80259704589844,YOLO,UNINCORPORATED,-121.80269622802734,38.641410827636719
90977975,2019,2019-04-29,9280,2019-04-23,1710,019720,,2,2,9,5700,0,1,2,,2,011,"US E/B 50","HARBOR BLVD",528.00,W,N,A,-,Y,,,,,,,,,,Y,4,0,1,3,A,-,03,22350,,N,C,C,A,A,H,-,A,D,0,,,,,Y,,A,01,0,0,1,0,0,0,0,0,0,"- ","- ",38.574859619140625,-121.55020904541016,YOLO,UNINCORPORATED,-121.55049896240234,38.574924468994141
90980333,2019,2019-05-02,9280,2019-05-01,1730,021277,,3,2,5,5701,0,1,1,,2,010,"I-80 E/B","RICHARDS BLVD",55.00,W,N,A,-,Y,,,80,,,,,,E,N,4,0,2,2,A,-,03,22350,,N,C,C,A,A,H,-,A,D,0,,,,,Y,,A,01,0,0,2,0,0,0,0,0,0,"- ","- ",38.539829254150391,-121.73580932617188,YOLO,DAVIS,-121.73578643798828,38.539798736572266
9098056,2020,2020-11-04,5704,2020-05-08,1939,06087,,5,5,4,5704,0,0,0,,0,002,"JEFFERSON BL","PARK BL",0.00,,Y,A,-,N,,,,,,,,,,Y,4,0,2,2,A,-,09,21804,A,N,D,C,A,A,H,-,B,D,0,,,,,Y,,A,01,0,0,2,0,0,0,0,0,0,"- ","- ",38.576229095458984,-121.52481079101562,YOLO,"WEST SACRAMENTO",-121.52484130859375,38.576240539550781
9098098,2020,2020-07-17,5703,2020-03-13,0817,2865,64,5,5,4,5703,0,0,0,,0,002,"WEST ST","BEAMER ST",28.00,S,N,A,-,N,,,,,,,,,,,4,0,1,2,A,-,03,22350,,N,C,C,A,A,H,-,A,A,0,,,,,Y,,A,01,0,0,1,0,0,0,0,0,0,"- ","- ",38.684131622314453,-121.78392028808594,YOLO,WOODLAND,-121.78395080566406,38.684711456298828
90983835,2018,2019-05-07,9280,2018-12-18,1229,016245,,2,1,9,5700,0,1,1,,2,030,"I-5 S/B","COUNTY ROAD 8",528.00,S,N,A,-,Y,,,5,,,,,,S,Y,3,0,1,1,C,-,18,,,N,E,I,A,A,H,-,A,D,0,,,,,Y,,-,"- ",0,1,0,0,0,0,0,0,0,"- ","- ",38.858669281005859,-121.95133972167969,YOLO,UNINCORPORATED,-121.95127868652344,38.858734130859375
90988164,2019,2019-05-14,9280,2019-05-01,0535,013927,,3,3,9,5700,0,1,3,,1,024,"SR-16 E/B","COUNTY ROAD 97",1056.00,W,N,A,-,Y,,,16,,,,,,E,Y,3,0,1,1,A,-,08,22107,,N,E,I,A,A,H,-,D,D,0,,,,,Y,,A,07,0,1,0,0,0,0,0,0,0,"- ","- ",38.677600860595703,-121.82510375976562,YOLO,UNINCORPORATED,-121.82509613037109,38.677822113037109
90988625,2019,2019-05-14,9280,2019-05-13,0725,019986,,1,1,9,5700,0,1,1,,2,010,"I-80 W/B","ENTERPRISE BLVD",300.00,W,N,A,-,Y,,,,,,,,,,N,4,0,1,2,A,-,03,22350,,N,C,C,A,A,H,-,A,D,0,,,,,Y,,D,22,0,0,1,0,0,0,0,0,0,"- ","- ",38.574378967285156,-121.57819366455078,YOLO,UNINCORPORATED,-121.57835388183594,38.574298858642578
90988634,2019,2019-05-14,9280,2019-05-12,2100,019377,,7,2,4,5704,0,1,2,,2,011,"US-50 E/B","JEFFERSON BLVD",30.00,W,N,A,-,Y,,,50,,,,,,E,Y,3,0,1,3,A,-,03,22350,,N,C,C,A,A,H,-,C,D,0,,,,,Y,,A,08,0,1,0,0,0,0,0,0,0,"- ","- ",38.577018737792969,-121.52554321289062,YOLO,"WEST SACRAMENTO",-121.52553558349609,38.577053070068359