CASE_ID,ACCIDENT_YEAR,PROC_DATE,JURIS,COLLISION_DATE,COLLISION_TIME,OFFICER_ID,REPORTING_DISTRICT,DAY_OF_WEEK,CHP_SHIFT,POPULATION,CNTY_CITY_LOC,SPECIAL_COND,BEAT_TYPE,CHP_BEAT_TYPE,CITY_DIVISION_LAPD,CHP_BEAT_CLASS,BEAT_NUMBER,PRIMARY_RD,SECONDARY_RD,DISTANCE,DIRECTION,INTERSECTION,WEATHER_1,WEATHER_2,STATE_HWY_IND,CALTRANS_COUNTY,CALTRANS_DISTRICT,STATE_ROUTE,ROUTE_SUFFIX,POSTMILE_PREFIX,POSTMILE,LOCATION_TYPE,RAMP_INTERSECTION,SIDE_OF_HWY,TOW_AWAY,COLLISION_SEVERITY,NUMBER_KILLED,NUMBER_INJURED,PARTY_COUNT,PRIMARY_COLL_FACTOR,PCF_CODE_OF_VIOL,PCF_VIOL_CATEGORY,PCF_VIOLATION,PCF_VIOL_SUBSECTION,HIT_AND_RUN,TYPE_OF_COLLISION,MVIW,PED_ACTION,ROAD_SURFACE,ROAD_COND_1,ROAD_COND_2,LIGHTING,CONTROL_DEVICE,CHP_ROAD_TYPE,PEDESTRIAN_ACCIDENT,BICYCLE_ACCIDENT,MOTORCYCLE_ACCIDENT,TRUCK_ACCIDENT,NOT_PRIVATE_PROPERTY,ALCOHOL_INVOLVED,STWD_VEHTYPE_AT_FAULT,CHP_VEHTYPE_AT_FAULT,COUNT_SEVERE_INJ,COUNT_VISIBLE_INJ,COUNT_COMPLAINT_PAIN,COUNT_PED_KILLED,COUNT_PED_INJURED,COUNT_BICYCLIST_KILLED,COUNT_BICYCLIST_INJURED,COUNT_MC_KILLED,COUNT_MC_INJURED,PRIMARY_RAMP,SECONDARY_RAMP,LATITUDE,LONGITUDE,COUNTY,CITY,POINT_X,POINT_Y
9111172,2020,2020-11-03,5704,2020-05-30,1940,06653,,6,5,4,5704,0,0,0,,0,002,"HARBOR BL","WEST CAPITOL AV",0.00,,Y,A,-,N,,,,,,,,,,N,4,0,1,2,A,-,10,21950,A,N,G,B,B,A,H,-,A,A,0,Y,,,,Y,,A,01,0,0,1,0,1,0,0,0,0,"- ","- ",38.579261779785156,-121.54868316650391,YOLO,"WEST SACRAMENTO",-121.54904174804688,38.579250335693359
91112537,2019,2019-11-04,9280,2019-10-25,1215,015492,,5,1,5,5701,0,1,1,,2,010,"I-80 E/B","RICHARDS BLVD",440.00,E,N,A,-,Y,,,,,,,,,,Y,3,0,1,2,A,-,03,22350,,N,C,C,A,A,H,-,A,D,0,,,,,Y,,D,22,0,1,0,0,0,0,0,0,0,"- ","- ",38.541088104248047,-121.34304046630859,YOLO,DAVIS,-121.73442840576172,38.540927886962891
91113109,2019,2019-11-04,9280,2019-10-23,2135,019644,,3,2,9,5700,0,1,1,,2,020,"I-5 N/B TO OLD RIVER ROAD","OLD RIVER ROAD",18.00,W,N,A,-,Y,,,,,,,,,,Y,3,0,1,1,A,-,08,22107,,N,E,J,A,A,H,-,C,D,0,,,,,Y,,A,01,0,1,0,0,0,0,0,0,0,"- ","- ",38.676628112792969,-121.63748931884766,YOLO,UNINCORPORATED,-121.62935638427734,38.673419952392578
91114717,2019,2019-11-06,9280,2019-10-26,1304,015492,,6,1,9,5700,0,1,1,,2,020,"I-5 S/B","COUNTY ROAD 124",480.00,S,N,A,-,Y,,,5,,,,,,S,Y,3,0,2,2,A,-,05,21651,B,N,A,C,A,A,H,-,A,D,0,,,,Y,Y,,A,01,0,1,1,0,0,0,0,0,0,"- ","- ",38.673210144042969,-121.64054107666016,YOLO,UNINCORPORATED,-121.64054107666016,38.673225402832031
91115596,2019,2019-11-07,9280,2019-10-03,2255,018157,,4,3,9,5700,0,1,1,,2,030,"I-5 N/B TO COUNTY ROAD 8","COUNTY RD. 8",200.00,S,N,A,-,Y,,,5,,,,R,,N,Y,4,0,1,1,A,-,01,23152,A,N,F,A,A,A,H,-,C,D,0,,,,,Y,Y,A,01,0,0,1,0,0,0,0,0,0,"- ","- ",38.885158538818359,-121.97560882568359,YOLO,UNINCORPORATED,-121.97560882568359,38.885158538818359
91115990,2019,2019-11-07,9280,2019-10-28,0940,017964,,1,1,4,5704,0,1,1,,2,010,"I-80 W/B","W. CAPTITOL AVE.",3168.00,W,N,A,-,Y,,,80,,,,,,W,N,4,0,2,2,A,-,03,22350,,N,C,C,A,A,H,-,A,A,0,,,,,Y,,D,22,0,0,2,0,0,0,0,0,0,"- ","- ",38.577030181884766,-121.56297302246094,YOLO,"WEST SACRAMENTO",-121.56298828125,38.577053070068359
91116112,2019,2019-11-08,9280,2019-10-30,2240,019720,,3,3,5,5701,0,1,1,,2,010,"I-80 E/B","WEBSTER UNDERCROSSING",5280.00,W,N,A,-,Y,,,,,,,,,,Y,3,0,1,1,A,-,01,23152,A,N,E,I,A,A,H,-,D,D,0,,,,,Y,Y,A,01,0,1,0,0,0,0,0,0,0,"- ","- ",38.559379577636719,-121.66236877441406,YOLO,DAVIS,,
91116562,2019,2019-11-08,9280,2019-11-02,1500,021265,,6,2,5,5701,0,1,1,,2,010,"I-80 E/B","MACE BLVD",528.00,W,N,A,-,Y,,,80,,,,,,E,N,4,0,1,2,A,-,03,22350,,N,C,C,A,A,H,-,A,D,0,,,,,Y,,A,07,0,0,1,0,0,0,0,0,0,"- ","- ",38.551200866699219,-121.70130157470703,YOLO,DAVIS,-121.70132446289062,38.551288604736328
91116648,2019,2019-11-08,9280,2019-11-02,0120,018205,,6,3,9,5700,0,1,3,,2,026,"STATE ROUTE 45","COLUSA COUNTY LINE",11088.00,S,N,A,-,Y,,,45,,,,,,,Y,4,0,1,2,A,-,21,22106,,F,D,C,A,A,H,-,D,D,0,,,,,Y,,A,07,0,0,1,0,0,0,0,0,0,"- ","- ",38.893741607666016,-121.84387969970703,YOLO,UNINCORPORATED,-121.84371948242188,38.89373779296875
91118181,2019,2019-11-12,9280,2019-11-02,1115,015492,,6,1,9,5700,0,1,3,,2,032,SR-128,"COUNTY ROAD 86",12144.00,W,N,A,-,Y,,,128,,,,,,,Y,2,0,1,1,A,-,08,22107,,N,E,I,A,A,H,-,A,A,0,,,Y,,Y,,C,02,1,0,0,0,0,0,0,0,1,"- ","- ",38.517719268798828,-122.05702972412109,YOLO,UNINCORPORATED,-122.05702972412109,38.517711639404297
91123496,2019,2019-11-19,9280,2019-11-09,1812,018874,,6,2,4,5704,0,1,1,,2,010,"I-80 W/B","ENTERPRISE BLVD",528.00,W,N,A,-,Y,,,80,,,,,,W,Y,4,0,1,4,A,-,03,22350,,N,C,C,A,A,H,-,C,D,0,,,,,Y,,D,22,0,0,1,0,0,0,0,0,0,"- ","- ",38.574001312255859,-121.58000946044922,YOLO,"WEST SACRAMENTO",-121.58000946044922,38.574020385742188
91123623,2019,2019-11-19,9280,2019-11-10,0050,018205,,7,3,5,5701,0,1,1,,2,010,"INTERSTATE 80 W/B","MACE BLVD",4300.00,W,N,A,-,Y,,,80,,,,,,W,Y,2,0,1,2,A,-,03,22350,,N,C,C,A,A,H,-,C,D,0,,,,,Y,Y,A,01,1,0,0,0,0,0,0,0,0,"- ","- ",38.549770355224609,-121.70942687988281,YOLO,DAVIS,-121.70940399169922,38.549644470214844
91125655,2019,2019-11-21,9280,2019-11-11,1207,013927,,1,1,9,5700,0,3,5,,2,003,"COUNTY ROAD 27",I-505,231.00,E,N,A,-,Y,,,,,,,,,,Y,3,0,1,2,A,-,09,21802,A,N,D,C,A,A,H,-,A,A,0,,,,,Y,,A,01,0,1,0,0,0,0,0,0,0,"- ","- ",38.62030029296875,-121.95240020751953,YOLO,UNINCORPORATED,-121.95323181152344,38.620380401611328
91127390,2019,2019-11-22,9280,2019-11-12,2305,019094,,2,3,4,5704,0,1,2,,2,011,"US-50 E/B","HARBOR BLVD.",686.00,E,N,A,-,Y,,,50,,,,,,E,Y,3,0,1,1,A,-,03,22350,,N,E,I,A,A,H,-,C,D,0,,,,,Y,,A,01,0,1,0,0,0,0,0,0,0,"- ","- ",38.574989318847656,-121.5460205078125,YOLO,"WEST SACRAMENTO",-121.5460205078125,38.574970245361328
91127450,2019,2019-11-22,9280,2019-11-13,1445,016144,,3,2,9,5700,0,2,4,,2,025,"COUNTY ROAD 98","RUSSELL BLVD.",1056.00,N,N,A,-,N,,,,,,,,,,Y,3,0,1,2,A,-,03,22350,,N,C,C,A,A,H,-,A,D,0,,,,Y,Y,,A,01,0,1,0,0,0,0,0,0,0,"- ","- ",38.550540924072266,-121.80332183837891,YOLO,UNINCORPORATED,-121.80326080322266,38.549839019775391
91130034,2019,2019-11-26,9280,2019-10-09,2225,019644,,3,3,9,5700,0,1,1,,2,010,"I-80 E/B","ENTERPRISE BLVD U/C",5280.00,W,N,A,-,Y,,,80,,,,,,E,Y,4,0,1,3,A,-,07,21658,A,N,B,C,A,A,H,-,C,D,0,,,,Y,Y,,A,01,0,0,1,0,0,0,0,0,0,"- ","- ",38.572940826416016,-121.58484649658203,YOLO,UNINCORPORATED,-121.58486175537109,38.572998046875
91130440,2019,2019-11-27,9280,2019-11-14,1942,015128,,4,2,9,5700,0,1,3,,2,034,SR-16,CR-89,0.00,,Y,A,-,Y,,,16,,,,,,,Y,3,0,1,1,A,-,08,22107,,N,E,I,A,A,H,-,C,A,0,,,,,Y,,A,01,0,1,0,0,0,0,0,0,0,"- ","- ",38.68170166015625,-121.96710205078125,YOLO,UNINCORPORATED,-121.96709442138672,38.681724548339844
91130861,2019,2019-11-27,9280,2019-11-19,0845,016289,,2,1,4,5704,0,1,1,,2,010,"I-80 W/B","ENTREPRISE BOULEVARD",1056.00,W,N,A,-,Y,,,80,,,,,,W,Y,4,0,1,2,D,-,00,,,N,B,C,A,A,H,-,A,D,0,,,Y,,Y,,-,"- ",0,0,1,0,0,0,0,0,1,"- ","- ",38.576549530029297,-121.56397247314453,YOLO,"WEST SACRAMENTO",-121.56395721435547,38.576522827148438
91130976,2019,2019-11-27,9280,2019-11-19,0035,018205,,2,3,9,5700,0,3,5,,2,003,"COUNTY ROAD 14","COUNTY ROAD 89",1325.00,W,N,A,-,N,,,,,,,,,,Y,3,0,1,1,A,-,08,22107,,N,E,I,A,A,H,-,D,D,0,,,,,Y,,A,01,0,1,0,0,0,0,0,0,0,"- ","- ",38.779090881347656,-121.97374725341797,YOLO,UNINCORPORATED,-121.97413635253906,38.778896331787109
91134325,2019,2019-12-03,9280,2019-11-23,1330,017964,,6,1,5,5701,0,1,1,,2,010,"I-80 E/B","RICHARDS BLVD.",1584.00,E,N,A,-,Y,,,80,,,,,,E,N,4,0,1,2,A,-,01,23152,A,M,C,C,A,A,H,-,A,A,0,,,,,Y,Y,A,07,0,0,1,0,0,0,0,0,0,"- ","- ",38.543010711669922,-121.73179626464844,YOLO,DAVIS,-121.73178863525391,38.542995452880859
91135647,2019,2019-12-04,9280,2019-11-25,0740,017964,,1,1,4,5704,0,1,1,,2,010,"I-80 W/B","W. CAPITOL AVE.",370.00,E,N,A,-,Y,,,80,,,,,,W,Y,4,0,1,2,A,-,03,22350,,N,C,C,A,A,H,-,A,A,0,,,,,Y,,A,01,0,0,1,0,0,0,0,0,0,"- ","- ",38.574668884277344,-121.57598876953125,YOLO,"WEST SACRAMENTO",-121.57598114013672,38.574615478515625
91137349,2019,2019-12-06,9280,2019-11-27,1733,019919,,3,2,9,5700,0,1,2,,2,011,"US-50 W/B","SOUTH RIVER RD",1056.00,E,N,B,-,Y,,,,,,,,,,Y,4,0,1,2,A,-,03,22350,,F,C,C,A,A,H,-,C,D,0,,,,,Y,,-,99,0,0,1,0,0,0,0,0,0,"- ","- ",38.341789245605469,-121.30577850341797,YOLO,UNINCORPORATED,-121.51620483398438,38.571804046630859
91137636,2019,2019-12-06,9280,2019-11-28,2045,016144,,4,2,9,5700,0,3,5,,2,003,"COUNTY ROAD 87","COUNTY ROAD 19",528.00,N,N,A,-,N,,,,,,,,,,Y,2,0,1,1,A,-,01,23152,A,N,E,I,A,A,H,-,D,D,0,,,,,Y,Y,A,01,1,0,0,0,0,0,0,0,0,"- ","- ",38.734851837158203,-122.00592041015625,YOLO,UNINCORPORATED,-122.00590515136719,38.735069274902344
9114022,2020,2020-08-27,5703,2020-06-18,0624,2110,84,4,5,4,5703,0,0,0,,0,002,"W BEAMER ST","KERN AV",36.00,E,N,A,-,N,,,,,,,,,,Y,4,0,1,2,A,-,05,21651,B,N,B,C,A,A,H,-,A,D,0,,,,Y,Y,,A,01,0,0,1,0,0,0,0,0,0,"- ","- ",38.684909820556641,-121.80055236816406,YOLO,WOODLAND,-121.8004150390625,38.684898376464844
91141244,2019,2019-12-11,9280,2019-12-04,1800,016929,,3,2,9,5700,0,1,1,,2,020,"I-5 S/B","OLD RIVER ROAD",4752.00,N,N,C,-,Y,,,5,,,,,,S,Y,4,0,3,3,A,-,03,22350,,N,C,C,A,B,H,-,D,D,0,,,,,Y,,A,01,0,0,3,0,0,0,0,0,0,"- ","- ",38.673271179199219,-121.64536285400391,YOLO,UNINCORPORATED,-121.64536285400391,38.673252105712891
91141336,2019,2019-12-11,9280,2019-11-29,1510,018866,,5,2,9,5700,0,3,5,,2,002,"COUNTY ROAD 99D","COUNTY ROAD 29",25.00,S,N,B,-,N,,,,,,,,,,Y,2,0,1,1,A,-,01,23152,A,N,E,I,A,A,H,-,A,D,0,,,,,Y,Y,A,01,1,0,0,0,0,0,0,0,0,"- ","- ",38.590099334716797,-121.77043914794922,YOLO,UNINCORPORATED,-121.77052307128906,38.590190887451172
9114150,2020,2020-08-21,5704,2020-06-03,1625,00165,,3,5,4,5704,0,0,0,,0,001,"F ST","5TH ST",0.00,,Y,A,-,N,,,,,,,,,,Y,3,0,2,2,A,-,09,21802,A,N,D,C,A,A,H,-,A,A,0,,,,,Y,,A,08,0,1,1,0,0,0,0,0,0,"- ","- ",38.584911346435547,-121.51344299316406,YOLO,"WEST SACRAMENTO",-121.5135498046875,38.584880828857422
91143909,2019,2019-12-16,9280,2019-12-06,1645,021265,,5,2,4,5704,0,1,1,,2,010,"I-80 E/B","REED AVE",1056.00,W,N,C,-,Y,,,80,,,,,,E,Y,4,0,1,2,A,-,03,22350,,N,C,C,A,B,H,-,B,D,0,,,,,Y,,A,01,0,0,1,0,0,0,0,0,0,"- ","- ",38.584701538085938,-121.55680084228516,YOLO,"WEST SACRAMENTO",-121.556884765625,38.584754943847656
91145895,2019,2019-12-18,9280,2019-12-08,0015,018205,,7,3,5,5701,0,1,1,,2,010,"INTERSTATE 80 E/B","POLE LINE RD",2500.00,E,N,B,-,Y,,,80,,,,,,E,Y,3,0,5,2,A,-,01,23152,A,N,C,C,A,B,H,-,C,D,0,,,,,Y,Y,A,01,0,1,4,0,0,0,0,0,0,"- ","- ",38.5477294921875,-121.71694946289062,YOLO,DAVIS,-121.71694946289062,38.547744750976562
9114961,2020,2020-09-02,5701,2020-05-24,2146,222,5,7,5,5,5701,0,0,0,,0,002,"K ST","3RD ST",105.00,S,N,A,-,N,,,,,,,,,,Y,3,0,1,2,A,-,01,23152,A,N,B,E,A,A,H,-,D,A,0,,,,,Y,Y,A,01,0,1,0,0,0,0,0,0,0,"- ","- ",38.545700073242188,-121.73478698730469,YOLO,DAVIS,-121.73472595214844,38.545429229736328
91150256,2019,2019-12-23,9280,2019-12-16,0715,016289,,1,1,4,5704,0,1,1,,2,010,"I-80 W/B","ENTERPRISE BOULEVARD",1056.00,W,N,A,-,Y,,,,,,,,,,Y,4,0,2,2,A,-,03,22350,,N,C,C,A,A,H,-,A,D,0,,,,,Y,,D,22,0,0,2,0,0,0,0,0,0,"- ","- ",38.574211120605469,-121.57083129882812,YOLO,"WEST SACRAMENTO",-121.5809326171875,38.573844909667969
91150490,2019,2019-12-23,9280,2019-12-16,1510,019986,,1,2,9,5700,0,3,5,,2,001,"SOUTH RIVER RD.","53750 SOUTH RIVER RD.",1.00,N,N,A,-,N,,,,,,,,,,Y,4,0,1,2,A,-,09,21804,A,N,D,C,A,A,H,-,A,D,0,,,,,Y,,A,01,0,0,1,0,0,0,0,0,0,"- ","- ",38.436618804931641,-121.51228332519531,YOLO,UNINCORPORATED,,
91151516,2019,2019-12-24,9280,2019-12-18,1720,016929,,3,2,4,5704,0,1,2,,2,011,"US-50 E/B","JEFFERSON BLVD U/C",1056.00,W,N,C,-,Y,,,50,,,,,,E,Y,4,0,1,2,A,-,03,22350,,N,C,C,A,B,H,-,C,D,0,,,,,Y,,A,07,0,0,1,0,0,0,0,0,0,"- ","- ",38.576511383056641,-121.52873992919922,YOLO,"WEST SACRAMENTO",-121.52873992919922,38.576522827148438
9115164,2020,2020-09-09,5704,2020-06-01,1600,06698,,1,5,4,5704,0,0,0,,0,,"JEFFERSON BL","15TH ST",420.00,N,N,A,-,N,,,,,,,,,,N,3,0,1,3,A,-,08,22107,,N,B,E,A,A,H,-,A,D,0,,,,,Y,,A,01,0,1,0,0,0,0,0,0,0,"- ","- ",38.57135009765625,-121.52333831787109,YOLO,"WEST SACRAMENTO",-121.5235595703125,38.572441101074219
91154332,2019,2019-12-27,9280,2019-12-19,1335,015437,,4,1,9,5700,0,1,1,,2,030,"I-5 S/B","ROAD 8",2640.00,S,N,B,-,Y,,,5,,,,,,S,Y,3,0,1,2,A,-,03,22350,,N,C,C,A,A,H,-,A,D,0,,,Y,,Y,,C,02,0,1,0,0,0,0,0,0,1,"- ","- ",38.855709075927734,-121.94815063476562,YOLO,UNINCORPORATED,-121.94815826416016,38.855705261230469
91154385,2019,2019-12-27,9280,2019-12-18,2340,019720,,3,3,9,5700,0,3,5,,2,003,"COUNTY ROAD 88","COUNTY ROAD 4",528.00,S,N,B,C,N,,,,,,,,,,N,4,0,1,1,A,-,03,22350,,N,H,H,A,B,H,-,D,D,0,,,,,Y,,A,07,0,0,1,0,0,0,0,0,0,"- ","- ",38.895378112792969,-121.98970031738281,YOLO,UNINCORPORATED,-121.98964691162109,38.894790649414062
91155544,2019,2019-12-30,9280,2019-12-22,1145,017964,,7,1,9,5700,0,3,5,,2,001,"OLD RIVER RD","COUNTY ROAD 126",290.00,N,N,B,C,N,,,,,,,,,,N,4,0,1,1,A,-,03,22350,,N,E,I,A,B,H,-,A,A,0,,,,,Y,,A,01,0,0,1,0,0,0,0,0,0,"- ","- ",38.607639312744141,-121.56025695800781,YOLO,UNINCORPORATED,-121.56027221679688,38.608062744140625
91156352,2019,2019-12-31,9280,2019-12-19,1745,021277,,4,2,4,5704,0,1,2,,2,011,"US-50 E/B","YOLO-SACRAMENTO COUNTY LINE",2.00,W,N,A,-,Y,,,50,,,,,,E,Y,4,0,1,4,A,-,03,22350,,F,C,C,A,A,H,-,D,D,0,,,,,Y,,A,07,0,0,1,0,0,0,0,0,0,"- ","- ",38.571308135986328,-121.51612854003906,YOLO,"WEST SACRAMENTO",-121.51609802246094,38.571346282958984
91156677,2019,2019-12-31,9280,2019-12-23,0140,017351,,1,3,9,5700,0,1,1,,2,031,"I-505 N/B","STATE ROUTE 16",6864.00,N,N,A,-,Y,,,505,,,,,,N,Y,4,0,1,1,A,-,08,22107,,N,F,I,A,B,H,-,D,D,0,,,,,Y,,A,01,0,0,1,0,0,0,0,0,0,"- ","- ",38.698520660400391,-121.95480346679688,YOLO,UNINCORPORATED,-121.95487976074219,38.698505401611328
91156777,2019,2019-12-31,9280,2019-12-23,1825,019621,,1,2,5,5701,0,1,3,,2,022,"SR-113 N/B TO RUSSELL BLVD","RUSSELL BLVD",528.00,S,N,A,-,Y,,,113,,,,R,,N,N,4,0,1,2,A,-,11,21954,A,N,G,B,E,A,H,-,D,A,0,Y,,,,Y,Y,N,60,0,0,1,0,1,0,0,0,0,"- ","- ",38.544639587402344,-121.76779174804688,YOLO,DAVIS,-121.76779174804688,38.544639587402344
91161032,2020,2020-01-07,9280,2020-01-05,1505,018157,,7,2,4,5704,0,1,1,,2,010,"W/B I-80","ENTERPRISE BLVD",528.00,E,N,A,-,Y,,,80,,,,,,,N,4,0,1,2,A,-,03,22350,,N,C,C,A,A,H,-,A,D,0,,,,,Y,,A,07,0,0,1,0,0,0,0,0,0,"- ","- ",38.575260162353516,-121.57132720947266,YOLO,"WEST SACRAMENTO",-121.57134246826172,38.575321197509766
91165996,2020,2020-01-15,9280,2020-01-06,2157,019621,,1,2,9,5700,0,3,5,,2,003,"COUNTY ROAD 89 N/B","COUNTY ROAD 27",2640.00,S,N,A,-,N,,,,,,,,,,Y,3,0,1,1,A,-,01,23152,A,N,E,I,A,A,H,-,D,D,0,,,,,Y,Y,A,01,0,1,0,0,0,0,0,0,0,"- ","- ",38.613330841064453,-121.97154235839844,YOLO,UNINCORPORATED,-121.97144317626953,38.613269805908203
91166891,2020,2020-01-16,9280,2020-01-07,1800,015492,,2,2,9,5700,0,1,3,,2,034,SR-16,"COUNTY ROAD 78A",380.00,W,N,A,-,Y,,,16,,,,,,,Y,2,0,2,2,A,-,21,22106,,N,D,C,A,A,H,-,D,D,0,,,,Y,Y,,F,26,1,1,0,0,0,0,0,0,0,"- ","- ",38.72222900390625,-122.13896179199219,YOLO,UNINCORPORATED,-122.13892364501953,38.722244262695312
91167760,2020,2020-01-17,9280,2020-01-15,1845,016144,,3,2,9,5700,0,3,5,,2,002,"COUNTY ROAD 98","COUNTY ROAD 27",10.00,S,N,A,-,N,,,,,,,,,,Y,4,0,1,2,A,-,03,22350,,N,C,C,A,A,H,-,D,A,0,,,,,Y,,D,22,0,0,1,0,0,0,0,0,0,"- ","- ",38.619869232177734,-121.80284118652344,YOLO,UNINCORPORATED,-121.80288696289062,38.619590759277344
91169217,2020,2020-01-21,9280,2020-01-10,1335,018316,,5,1,9,5700,0,3,5,,2,002,"COUNTY ROAD 22","COUNTY ROAD 103",10560.00,E,N,A,-,N,,,,,,,,,,Y,3,0,1,1,A,-,01,23152,A,N,E,I,A,A,H,-,A,D,0,,,,,Y,Y,D,22,0,1,0,0,0,0,0,0,0,"- ","- ",38.676658630371094,-121.67288208007812,YOLO,UNINCORPORATED,-121.67288970947266,38.676677703857422
91169647,2020,2020-01-21,9365,2020-01-13,1520,017805,,1,2,2,5702,0,3,5,,2,040,"PUTAH CREEK RD.","WINTERS RD.",1584.00,E,N,A,-,N,,,,,,,,,,N,3,0,1,1,A,-,08,22107,,N,F,A,A,A,H,-,A,D,0,,,Y,,Y,,C,02,0,1,0,0,0,0,0,0,1,"- ","- ",38.512741088867188,-121.97283172607422,YOLO,WINTERS,-121.96665191650391,38.520084381103516
91169665,2020,2020-01-21,9280,2020-01-12,2231,019797,,7,3,9,5700,0,1,1,,2,010,"I-80 E/B","ENTERPRISE BLVD U/C",1320.00,W,N,B,-,Y,,,80,,,,,,E,Y,4,0,1,2,A,-,07,21658,A,M,B,C,A,A,H,-,D,D,0,,,,,Y,,A,01,0,0,1,0,0,0,0,0,0,"- ","- ",38.570598602294922,-121.59860229492188,YOLO,UNINCORPORATED,-121.59858703613281,38.570545196533203
91173095,2020,2020-01-24,9280,2020-01-14,1105,015079,,2,1,9,5700,0,1,3,,2,034,SR-16,"COUNTY ROAD 80",32.00,W,N,A,-,Y,,,16,,,,,,,Y,2,0,2,2,A,-,05,21650,,N,A,C,A,A,H,-,A,D,0,,,,,Y,,A,07,2,0,0,0,0,0,0,0,0,"- ","- ",38.709499359130859,-122.12210083007812,YOLO,UNINCORPORATED,-122.12210845947266,38.709491729736328
91173196,2020,2020-01-24,9280,2020-01-22,1410,017351,,3,2,9,5700,0,2,4,,1,021,"COUNTY ROAD 102","COUNTY ROAD 17",0.00,,Y,A,-,N,,,,,,,,,,Y,3,0,1,2,A,-,09,21801,A,N,D,C,A,A,H,-,A,D,0,,,,,Y,,A,01,0,1,0,0,0,0,0,0,0,"- ","- ",38.734600067138672,-121.72959899902344,YOLO,UNINCORPORATED,-121.72959899902344,38.734611511230469
91176131,2020,2020-01-29,9280,2020-01-16,2320,015353,,4,3,9,5700,0,3,5,,2,002,"OLD RIVER RD","COUNTY ROAD 122",106.00,W,N,A,-,N,,,,,,,,,,Y,3,0,1,1,A,-,01,23152,A,N,E,I,A,A,H,-,E,D,0,,,,,Y,Y,A,07,0,1,0,0,0,0,0,0,0,"- ","- ",38.663299560546875,-121.61663055419922,YOLO,UNINCORPORATED,-121.61663055419922,38.663299560546875
91177173,2020,2020-01-30,9280,2020-01-22,1452,018874,,3,2,9,5700,0,1,3,,2,013,SR-84,"CENTRAL AVE",2250.00,S,N,A,-,Y,,,84,,,,,,,Y,4,0,1,1,A,-,01,23152,F,N,E,I,A,A,H,-,A,D,0,,,,,Y,,A,01,0,0,1,0,0,0,0,0,0,"- ","- ",38.385829925537109,-121.58326721191406,YOLO,UNINCORPORATED,-121.58302307128906,38.385826110839844
9117726,2020,2020-09-04,5701,2020-06-06,1859,222,4,6,5,5,5701,0,0,0,,0,002,"RUSSELL BL","B ST",0.00,,Y,A,-,N,,,,,,,,,,Y,3,0,1,2,A,-,12,21453,A,N,A,C,A,A,H,-,A,A,0,,,,,Y,,-,"- ",0,1,0,0,0,0,0,0,0,"- ","- ",38.546421051025391,-121.74540710449219,YOLO,DAVIS,-121.74542236328125,38.546348571777344
91178630,2020,2020-02-03,9280,2020-01-22,1130,015079,,3,1,9,5700,0,3,5,,2,002,"COUNTY ROAD 29","COUNTY ROAD 101A",5.00,E,N,A,-,N,,,,,,,,,,Y,3,0,2,2,A,-,09,21802,A,N,D,C,A,A,H,-,A,A,0,,,,Y,Y,,A,01,0,2,0,0,0,0,0,0,0,"- ","- ",38.590099334716797,-121.75248718261719,YOLO,UNINCORPORATED,-121.75249481201172,38.590091705322266
91179148,2020,2020-02-03,9280,2020-01-24,1335,015534,,5,1,4,5704,1,4,S,,2,901,"JEFFERSON BLVD","HIGGINS RD",70.00,N,N,A,-,N,,,,,,,,,,Y,4,0,2,3,A,-,03,22350,,N,C,C,A,A,H,-,A,A,0,,,,,Y,,A,01,0,0,2,0,0,0,0,0,0,"- ","- ",38.547019958496094,-121.54273223876953,YOLO,"WEST SACRAMENTO",-121.54287719726562,38.546844482421875
91180109,2020,2020-02-11,9280,2020-01-26,1915,015492,,7,2,9,5700,0,1,1,,2,030,"I-5 N/B","ROAD 4",205.00,S,N,A,-,Y,,,5,,,,,,N,Y,2,0,5,4,A,-,01,23152,A,N,B,C,A,A,H,-,D,D,0,,,,,Y,Y,D,22,4,1,0,0,0,0,0,0,0,"- ","- ",38.895801544189453,-121.98049163818359,YOLO,UNINCORPORATED,-121.98049926757812,38.895793914794922
91180683,2020,2020-02-05,9280,2020-01-19,1115,013927,,7,1,9,5700,0,3,5,,2,002,"COUNTY ROAD 97","COUNTY ROAD 20",569.00,S,N,B,-,N,,,,,,,,,,Y,3,0,1,1,A,-,08,22107,,N,E,I,A,A,H,-,A,D,0,,,,,Y,,D,22,0,1,0,0,0,0,0,0,0,"- ","- ",38.690498352050781,-121.82089996337891,YOLO,UNINCORPORATED,-121.82095336914062,38.690769195556641
91181073,2020,2020-02-05,9280,2020-01-27,0954,021265,,1,1,4,5704,0,1,2,,2,011,"US-50 W/B","HARBOR BLVD",1056.00,W,N,A,-,Y,,,50,,,,,,W,Y,4,0,2,2,A,-,03,22350,,N,C,C,A,A,H,-,A,D,0,,,,,Y,,A,01,0,0,2,0,0,0,0,0,0,"- ","- ",38.575099945068359,-121.55269622802734,YOLO,"WEST SACRAMENTO",-121.55270385742188,38.575130462646484