CASE_ID,ACCIDENT_YEAR,PROC_DATE,JURIS,COLLISION_DATE,COLLISION_TIME,OFFICER_ID,REPORTING_DISTRICT,DAY_OF_WEEK,CHP_SHIFT,POPULATION,CNTY_CITY_LOC,SPECIAL_COND,BEAT_TYPE,CHP_BEAT_TYPE,CITY_DIVISION_LAPD,CHP_BEAT_CLASS,BEAT_NUMBER,PRIMARY_RD,SECONDARY_RD,DISTANCE,DIRECTION,INTERSECTION,WEATHER_1,WEATHER_2,STATE_HWY_IND,CALTRANS_COUNTY,CALTRANS_DISTRICT,STATE_ROUTE,ROUTE_SUFFIX,POSTMILE_PREFIX,POSTMILE,LOCATION_TYPE,RAMP_INTERSECTION,SIDE_OF_HWY,TOW_AWAY,COLLISION_SEVERITY,NUMBER_KILLED,NUMBER_INJURED,PARTY_COUNT,PRIMARY_COLL_FACTOR,PCF_CODE_OF_VIOL,PCF_VIOL_CATEGORY,PCF_VIOLATION,PCF_VIOL_SUBSECTION,HIT_AND_RUN,TYPE_OF_COLLISION,MVIW,PED_ACTION,ROAD_SURFACE,ROAD_COND_1,ROAD_COND_2,LIGHTING,CONTROL_DEVICE,CHP_ROAD_TYPE,PEDESTRIAN_ACCIDENT,BICYCLE_ACCIDENT,MOTORCYCLE_ACCIDENT,TRUCK_ACCIDENT,NOT_PRIVATE_PROPERTY,ALCOHOL_INVOLVED,STWD_VEHTYPE_AT_FAULT,CHP_VEHTYPE_AT_FAULT,COUNT_SEVERE_INJ,COUNT_VISIBLE_INJ,COUNT_COMPLAINT_PAIN,COUNT_PED_KILLED,COUNT_PED_INJURED,COUNT_BICYCLIST_KILLED,COUNT_BICYCLIST_INJURED,COUNT_MC_KILLED,COUNT_MC_INJURED,PRIMARY_RAMP,SECONDARY_RAMP,LATITUDE,LONGITUDE,COUNTY,CITY,POINT_X,POINT_Y
91593122,2021,2021-10-11,9280,2021-09-29,1927,018874,,3,2,5,5701,0,1,1,,2,010,"I-80 W/B","DAVE PELZ MEMORIAL BICYCLE BRIDGE",1056.00,E,N,A,-,Y,,,80,,,,,,W,Y,4,0,3,2,A,-,01,23152,G,N,E,8,A,A,H,-,C,D,0,,,,,Y,Y,A,01,0,0,3,0,0,0,0,0,0,"- ","- ",38.550849914550781,-121.70378875732422,YOLO,DAVIS,-121.70381927490234,38.550979614257812
91593154,2021,2021-10-11,9280,2021-10-02,1830,019986,,6,2,9,5700,0,1,1,,2,010,"I-80 W/B",CR-32A,7920.00,E,N,A,-,Y,,,80,,,,,,W,N,4,0,1,2,A,-,03,22350,,N,C,C,A,A,H,-,A,D,0,,,,,Y,,A,01,0,0,1,0,0,0,0,0,0,"- ","- ",38.570220947265625,-121.60095977783203,YOLO,UNINCORPORATED,-121.60096740722656,38.570259094238281
91593428,2021,2021-10-11,9280,2021-10-03,1045,017963,,7,1,9,5700,0,1,3,,1,024,SR-16,"COUNTY ROAD 97",0.00,,Y,B,-,Y,,,16,,,,,,,N,4,0,2,2,A,-,09,21802,A,N,D,C,A,A,H,-,A,A,0,,,,,Y,,A,01,0,0,2,0,0,0,0,0,0,"- ","- ",38.677761077880859,-121.82097625732422,YOLO,UNINCORPORATED,-121.82097625732422,38.677780151367188
91594237,2021,2021-10-12,9280,2021-09-30,1428,018316,,4,2,9,5700,0,3,5,,2,002,"COUNTY ROAD 99","ASPEN ST.",115.00,N,N,A,-,N,,,,,,,,,,N,4,0,1,2,A,-,09,21801,A,N,D,C,A,A,H,-,A,D,0,,,Y,,Y,,A,07,0,0,1,0,0,0,0,0,1,"- ","- ",38.693401336669922,-121.78391265869141,YOLO,UNINCORPORATED,-121.78385925292969,38.693157196044922
91597786,2021,2021-10-15,9280,2021-10-08,1455,017964,,5,2,4,5704,0,1,2,,2,011,"US-50 E/B","HARBOR BLVD",2400.00,E,N,A,-,Y,,,50,,,,,,E,N,4,0,1,3,A,-,08,22107,,F,B,2,A,A,H,-,A,A,0,,,,,Y,,-,99,0,0,1,0,0,0,0,0,0,"- ","- ",38.574790954589844,-121.54017639160156,YOLO,"WEST SACRAMENTO",-121.54017639160156,38.574939727783203
91597831,2021,2021-10-15,9280,2021-10-08,1540,018352,,5,2,9,5700,0,3,5,,2,001,"OLD RIVER ROAD","I-5 N/B TO COUNTY ROAD 22 OFFRAMP",0.00,,Y,A,-,Y,,,,,,,,,,Y,3,0,3,3,A,-,09,21801,A,N,D,C,A,A,H,-,A,D,0,,,,,Y,,A,01,0,2,1,0,0,0,0,0,0,"- ","- ",38.676639556884766,-121.63764190673828,YOLO,UNINCORPORATED,,
91597868,2021,2021-10-15,9280,2021-10-08,1545,019986,,5,2,9,5700,0,3,5,,2,002,CR-27,CR-101,1108.00,E,N,A,-,N,,,,,,,,,,Y,4,0,1,3,A,-,03,22350,,N,C,C,A,A,H,-,A,D,0,,,,,Y,,D,22,0,0,1,0,0,0,0,0,0,"- ","- ",38.619068145751953,-121.74411010742188,YOLO,UNINCORPORATED,-121.74427032470703,38.619087219238281
91597988,2021,2021-10-15,9280,2021-10-08,1605,017964,,5,2,4,5704,0,1,2,,2,011,"US-50 E/B","HARBOR BLVD",2000.00,E,N,A,-,Y,,,50,,,,,,E,Y,3,0,3,3,A,-,03,22350,,N,C,2,A,A,H,-,A,A,0,,,,,Y,,A,07,0,3,0,0,0,0,0,0,0,"- ","- ",38.574790954589844,-121.54017639160156,YOLO,"WEST SACRAMENTO",-121.54017639160156,38.574939727783203
91598010,2021,2021-10-15,9280,2021-10-07,1515,019986,,4,2,4,5704,0,1,2,,2,011,"US-50 E/B","WESTACRE RD.",112.00,W,N,A,-,Y,,,50,,,,,,E,Y,4,0,1,2,A,-,03,22350,,N,C,C,A,A,H,-,A,D,0,,,,Y,Y,,G,25,0,0,1,0,0,0,0,0,0,"- ","- ",38.575889587402344,-121.53022003173828,YOLO,"WEST SACRAMENTO",-121.53028106689453,38.576118469238281
91599195,2021,2021-10-18,9365,2021-10-09,1820,020566,,6,2,5,5701,0,1,S,,2,904,"I-80 E/B","YOLO COUNTY LINE",30.00,E,N,A,-,Y,,,80,,,,,,E,N,4,0,1,2,A,-,03,22350,,N,C,C,A,A,H,-,A,D,0,,,,,Y,,D,22,0,0,1,0,0,0,0,0,0,"- ","- ",38.539859771728516,-121.73570251464844,YOLO,DAVIS,-121.73570251464844,38.539863586425781
91600480,2021,2021-10-19,9280,2021-10-11,0605,017964,,1,1,4,5704,0,1,1,,2,010,"I-80 W/B","WEST CAPITOL AVE",1350.00,W,N,A,G,Y,,,80,,,,,,W,Y,4,0,1,2,A,-,03,22350,,N,C,C,A,A,H,-,D,A,0,,,,,Y,,A,01,0,0,1,0,0,0,0,0,0,"- ","- ",38.573520660400391,-121.58225250244141,YOLO,"WEST SACRAMENTO",-121.58226776123047,38.573619842529297
91604155,2021,2021-10-22,9280,2021-10-16,1210,019986,,6,1,9,5700,0,3,5,,2,001,"SOUTH RIVER ROAD","FREEPORT BRIDGE",4646.00,S,N,A,-,N,,,,,,,,,,Y,3,0,1,1,A,-,08,22107,,N,F,J,A,A,H,-,A,D,0,,,,,Y,,D,22,0,1,0,0,0,0,0,0,0,"- ","- ",38.442359924316406,-121.50373840332031,YOLO,UNINCORPORATED,-121.50352478027344,38.44281005859375
91605757,2021,2021-10-25,9280,2021-10-18,0630,017963,,1,1,4,5704,0,1,2,,2,011,"US-50 W/B","I-80 W/B TO US-50 E/B TRANSITION",1056.00,E,N,A,-,Y,,,50,,,,,,W,Y,4,0,1,2,A,-,03,22350,,N,C,C,A,A,H,-,D,D,0,,,,,Y,,A,01,0,0,1,0,0,0,0,0,0,"- ","- ",38.575389862060547,-121.56047821044922,YOLO,"WEST SACRAMENTO",-121.56047821044922,38.575424194335938
91608066,2021,2021-10-27,9280,2021-10-10,0140,021276,,7,3,9,5700,0,3,5,,2,002,"COUNTY ROAD 99 (WEST STREET)","BARNARD ST",100.00,S,N,A,-,N,,,,,,,,,,N,4,0,1,2,A,-,03,22350,,M,C,C,A,A,H,-,C,D,0,,,,,Y,,-,99,0,0,1,0,0,0,0,0,0,"- ","- ",38.700038909912109,-121.78389739990234,YOLO,UNINCORPORATED,-121.78391265869141,38.700046539306641
91608576,2021,2021-10-28,9280,2021-10-17,0349,021276,,7,3,9,5700,0,1,1,,2,010,"I-80 E/B","WEBSTER U/C",5280.00,E,N,A,-,Y,,,80,,,,,,E,Y,3,0,1,1,A,-,08,22107,,N,E,I,A,A,H,-,D,D,0,,,,,Y,,A,07,0,1,0,0,0,0,0,0,0,"- ","- ",38.56658935546875,-121.62026977539062,YOLO,UNINCORPORATED,-121.62027740478516,38.566623687744141
91611113,2021,2021-10-29,9280,2021-10-26,1705,018157,,2,2,9,5700,0,3,5,,2,003,"COUNTY ROAD 6","COUNTY ROAD 88",528.00,E,N,B,-,N,,,,,,,,,,N,4,0,1,1,A,-,08,22107,,N,E,I,A,A,H,-,A,D,0,,,,,Y,,A,07,0,0,1,0,0,0,0,0,0,"- ","- ",38.881698608398438,-121.98639678955078,YOLO,UNINCORPORATED,-121.98773193359375,38.881702423095703
91611141,2021,2021-10-29,9280,2021-10-28,0538,016289,,4,3,4,5704,0,1,1,,2,010,"I-80 E/B","REED AVENUE",528.00,E,N,A,-,Y,,,80,,,,,,E,Y,4,0,1,2,A,-,07,21658,A,N,B,C,A,A,H,-,C,D,0,,,,,Y,,-,"- ",0,0,1,0,0,0,0,0,0,"- ","- ",38.596389770507812,-121.54907989501953,YOLO,"WEST SACRAMENTO",-121.54907989501953,38.596389770507812
91611772,2021,2021-11-01,9280,2021-10-22,1420,019478,,5,2,4,5703,0,1,3,,2,022,"SR-113 N/B TO MAIN STREET","MAIN STREET",70.00,S,N,A,-,Y,,,113,,,,R,,N,Y,3,0,2,3,A,-,07,21658,A,N,B,C,A,A,H,-,A,A,0,,,,Y,Y,,A,01,0,1,1,0,0,0,0,0,0,"- ","- ",38.67694091796875,-121.74942779541016,YOLO,WOODLAND,-121.74942779541016,38.67694091796875
91613286,2021,2021-11-02,9280,2021-10-22,1955,016144,,5,2,5,5701,0,1,1,,2,010,"I-80 E/B TO RICHARDS BLVD","RICHARDS BLVD O/C",150.00,E,N,A,-,Y,,,80,,,,R,,E,N,4,0,1,3,A,-,03,22350,,N,C,C,A,A,H,-,C,D,0,,,,,Y,,A,07,0,0,1,0,0,0,0,0,0,"- ","- ",38.540290832519531,-121.73487091064453,YOLO,DAVIS,-121.73487091064453,38.540290832519531
91613476,2021,2021-11-02,9280,2021-10-24,1413,018157,,7,2,9,5700,0,1,1,,2,020,"I-5 S/B","COUNTY ROAD 17 OVERCROSSING",4752.00,S,N,C,-,Y,,,5,,,,,,S,Y,2,0,1,2,A,-,03,22350,,N,A,C,A,B,H,-,A,D,0,,,,Y,Y,,A,01,1,0,0,0,0,0,0,0,0,"- ","- ",38.726211547851562,-121.80599212646484,YOLO,UNINCORPORATED,-121.80623626708984,38.725959777832031
91616120,2021,2021-11-19,9280,2021-10-23,0350,021277,,6,3,9,5700,0,1,1,,2,020,"I-5 N/B","OLD RIVER RD",670.00,N,N,A,-,Y,,,5,,,,,,N,Y,4,0,2,5,A,-,03,22350,,M,C,C,A,A,H,-,D,D,0,,,,,Y,,-,99,0,0,2,0,0,0,0,0,0,"- ","- ",38.673439025878906,-121.63136291503906,YOLO,UNINCORPORATED,-121.63136291503906,38.673431396484375
91617212,2021,2021-11-05,9280,2021-10-29,0140,021277,,5,3,5,5701,0,1,1,,2,010,"I-80 E/B","RICHARDS BLVD",1800.00,E,N,A,-,Y,,,80,,,,,,E,Y,4,0,2,1,A,-,08,22107,,N,B,I,A,A,H,-,D,D,0,,,,,Y,,A,07,0,0,2,0,0,0,0,0,0,"- ","- ",38.543560028076172,-121.73114776611328,YOLO,DAVIS,-121.73109436035156,38.543472290039062
91617534,2021,2021-11-05,9280,2021-10-03,1825,019478,,7,2,9,5700,0,3,5,,2,003,"COUNTY ROAD 20A (GRAFTON ST)","COUNTY ROAD 85B",1375.00,E,N,A,-,N,,,,,,,,,,N,2,0,1,1,A,-,01,23152,A,N,H,A,A,A,H,-,B,D,0,,,Y,,Y,Y,C,06,1,0,0,0,0,0,0,0,1,"- ","- ",38.695838928222656,-122.03694915771484,YOLO,UNINCORPORATED,-122.03343963623047,38.695804595947266
91618893,2021,2021-11-08,9280,2021-10-29,1448,019986,,5,2,9,5700,0,1,1,,2,010,"RUSSELL BOULEVARD","COUNTY ROAD 97",495.00,E,N,A,-,N,,,,,,,,,,N,2,0,1,1,A,-,08,22107,,N,F,A,A,A,H,-,A,D,0,,Y,,,Y,,L,04,1,0,0,0,0,0,1,0,0,"- ","- ",38.546840667724609,-121.82015228271484,YOLO,UNINCORPORATED,-121.81999206542969,38.546970367431641
91618954,2021,2021-11-08,9280,2021-10-31,2217,021265,,7,3,4,5704,0,1,1,,2,010,"I-80 E/B","REED AVE",7920.00,W,N,A,-,Y,,,80,,,,,,E,Y,4,0,1,2,A,-,03,22350,,N,C,C,A,A,H,-,D,D,0,,,,,Y,,A,01,0,0,1,0,0,0,0,0,0,"- ","- ",38.582218170166016,-121.55856323242188,YOLO,"WEST SACRAMENTO",-121.55857086181641,38.582225799560547
91620645,2021,2021-11-09,9280,2021-11-03,1605,017964,,3,2,5,5701,0,1,1,,2,010,"I-80 E/B","DAVE PELZ MEMORIAL BICYCLE BRIDGE",100.00,W,N,A,-,Y,,,80,,,,,,E,N,3,0,1,2,A,-,08,22107,,N,B,C,A,A,H,-,A,A,0,,,Y,,Y,,A,01,0,1,0,0,0,0,0,0,1,"- ","- ",38.549819946289062,-121.70783996582031,YOLO,DAVIS,-121.70783233642578,38.549793243408203
91623310,2021,2021-11-12,9280,2021-11-05,0725,017964,,5,1,9,5700,0,1,3,,2,034,"STATE ROUTE 16","COUNTY ROAD 89",0.00,,Y,A,-,Y,,,16,,,,,,,Y,3,0,1,2,A,-,03,22350,,N,E,8,A,A,H,-,B,A,0,,,,,Y,,A,07,0,1,0,0,0,0,0,0,0,"- ","- ",38.681728363037109,-121.96737670898438,YOLO,UNINCORPORATED,-121.96737670898438,38.681766510009766
91623458,2021,2021-11-12,9280,2021-11-05,1245,018941,,5,1,9,5700,0,3,5,,2,003,"ROAD 31","COUNTY ROAD 95",0.00,,Y,B,-,N,,,,,,,,,,Y,3,0,1,2,A,-,09,21802,A,N,D,C,A,A,H,-,A,A,0,,,,,Y,,A,01,0,1,0,0,0,0,0,0,0,"- ","- ",38.561599731445312,-121.85890960693359,YOLO,UNINCORPORATED,-121.85884094238281,38.561580657958984
9162581,2020,2020-11-06,5704,2020-03-13,1937,06087,,5,5,4,5704,0,0,0,,0,001,"6TH ST","C ST",0.00,,Y,A,-,N,,,,,,,,,,N,4,0,2,3,A,-,10,21950,A,N,G,B,B,A,H,-,D,A,0,Y,,,,Y,Y,D,22,0,0,2,0,2,0,0,0,0,"- ","- ",38.588809967041016,-121.51390838623047,YOLO,"WEST SACRAMENTO",-121.51399230957031,38.588748931884766
91625874,2021,2021-11-16,9280,2021-11-07,2150,018205,,7,2,9,5700,0,3,5,,2,003,"COUNTY ROAD 95","COUNTY ROAD 27",464.00,S,N,A,-,N,,,,,,,,,,Y,4,0,1,1,A,-,08,22107,,N,E,I,A,A,H,-,D,D,0,,,,,Y,,A,01,0,0,1,0,0,0,0,0,0,"- ","- ",38.611309051513672,-121.85851287841797,YOLO,UNINCORPORATED,-121.85841369628906,38.618476867675781
9163137,2020,2020-11-23,5704,2020-09-21,1600,00165,,1,5,4,5704,0,0,0,,0,001,"E ST","5TH ST",0.00,,Y,A,-,N,,,,,,,,,,Y,4,0,2,2,A,-,09,21802,A,N,D,C,A,A,H,-,A,A,0,,,,,Y,,A,01,0,0,2,0,0,0,0,0,0,"- ","- ",38.586208343505859,-121.51325225830078,YOLO,"WEST SACRAMENTO",-121.51329040527344,38.586181640625
9163138,2020,2020-11-23,5704,2020-09-12,0045,06604,,6,5,4,5704,0,0,0,,0,003,"JEFFERSON BL","LAKE WASHINGTON BL",0.00,,Y,A,-,N,,,,,,,,,,N,3,0,2,2,A,-,12,21453,A,N,D,C,A,A,H,-,C,A,0,,,,,Y,Y,A,01,0,1,1,0,0,0,0,0,0,"- ","- ",38.552661895751953,-121.53723907470703,YOLO,"WEST SACRAMENTO",-121.537353515625,38.552719116210938
9163139,2020,2020-11-23,5704,2020-09-20,2255,06699,,7,5,4,5704,0,0,0,,0,001,"HOBSON AV","ARTHUR DR",0.00,,Y,A,-,N,,,,,,,,,,Y,4,0,3,2,A,-,09,21802,A,N,D,C,A,A,H,-,C,D,0,,,,,Y,,A,01,0,0,3,0,0,0,0,0,0,"- ","- ",38.592708587646484,-121.52877807617188,YOLO,"WEST SACRAMENTO",-121.52883148193359,38.592670440673828
9163140,2020,2020-11-23,5704,2020-09-15,1828,06211,,2,5,4,5704,0,0,0,,0,002,"HARBOR BL","EVERGREEN AV",90.00,S,N,A,-,N,,,,,,,,,,Y,3,0,1,2,A,-,07,21658,A,N,B,C,A,A,H,-,A,A,0,,,Y,,Y,,A,01,0,1,0,0,0,0,0,0,1,"- ","- ",38.576950073242188,-121.54872894287109,YOLO,"WEST SACRAMENTO",-121.5487060546875,38.576671600341797
9163141,2020,2020-11-23,5704,2020-09-18,0733,06616,,5,5,4,5704,0,0,0,,0,003,"SOUTHPORT PKWY","LAKE WASHINGTON BL",3168.00,W,N,B,-,N,,,,,,,,,,Y,3,0,1,1,A,-,07,21658,A,N,F,A,A,A,H,-,A,D,0,,,,,Y,,A,01,0,1,0,0,0,0,0,0,0,"- ","- ",38.556301116943359,-121.55188751220703,YOLO,"WEST SACRAMENTO",-121.5516357421875,38.556186676025391
91634403,2021,2021-11-24,9280,2021-11-12,0640,018941,,5,1,9,5700,0,3,5,,2,003,CR-27,CR-94,1842.00,E,N,E,-,N,,,,,,,,,,Y,3,0,1,3,A,-,06,21751,,N,A,D,A,A,H,-,A,D,0,,,,Y,Y,,A,01,0,1,0,0,0,0,0,0,0,"- ","- ",38.619789123535156,-121.87175750732422,YOLO,UNINCORPORATED,-121.87045288085938,38.619777679443359
91637278,2021,2021-11-29,9280,2021-10-15,2220,021277,,5,3,9,5700,0,1,1,,2,020,"I-5 N/B","YOLO-SACRAMENTO COUNTY LINE",2429.00,N,N,A,-,Y,,,5,,,,,,N,Y,2,0,1,1,A,-,01,23152,A,N,F,A,A,A,H,-,D,D,0,,,,,Y,Y,A,01,1,0,0,0,0,0,0,0,0,"- ","- ",38.673641204833984,-121.63638305664062,YOLO,UNINCORPORATED,-121.63638305664062,38.673450469970703
91639746,2021,2021-12-01,9280,2021-11-20,1455,019377,,6,2,9,5700,0,3,5,,2,001,"S. RIVER ROAD","BABEL SLOUGH RD",145.00,N,N,A,-,N,,,,,,,,,,Y,2,0,2,2,A,-,08,22107,,N,F,A,A,A,H,-,A,D,0,,,Y,,Y,,C,02,1,1,0,0,0,0,0,0,2,"- ","- ",38.48052978515625,-121.54949951171875,YOLO,UNINCORPORATED,-121.54953765869141,38.480480194091797
91639815,2021,2021-12-01,9280,2021-11-21,1718,019720,,7,2,9,5700,0,1,1,,2,010,"I-80 W/B","WEBSTER UNDERCROSSING",2640.00,W,N,A,-,Y,,,80,,,,,,W,N,4,0,1,2,A,-,03,22350,,N,C,C,A,A,H,-,D,D,0,,,,,Y,,A,07,0,0,1,0,0,0,0,0,0,"- ","- ",38.560569763183594,-121.65548706054688,YOLO,UNINCORPORATED,-121.65549468994141,38.560619354248047
91640039,2021,2021-12-01,9280,2021-11-22,0515,018205,,1,3,9,5700,0,1,1,,2,030,"INTERSTATE 5 S/B","COUNTY ROAD 2",3500.00,S,N,A,-,Y,,,5,,,,,,S,Y,4,0,1,2,A,-,03,22350,,N,C,C,A,A,H,-,D,D,0,,,,,Y,,D,22,0,0,1,0,0,0,0,0,0,"- ","- ",38.90216064453125,-121.98503112792969,YOLO,UNINCORPORATED,-121.98503875732422,38.902156829833984
91641313,2021,2021-12-02,9280,2021-11-23,1835,016144,,2,2,9,5700,0,1,1,,2,020,"I-5 S/B","I-5 S/B TO COUNTY ROAD 118",2640.00,N,N,A,-,Y,,,5,,,,,,S,Y,4,0,3,2,A,-,03,22350,,N,C,C,A,A,H,-,D,D,0,,,,,Y,,A,08,0,0,3,0,0,0,0,0,0,"- ","- ",38.673358917236328,-121.65563201904297,YOLO,UNINCORPORATED,-121.65563201904297,38.673305511474609
91642452,2021,2021-12-03,9280,2021-11-22,1335,017964,,1,1,9,5700,0,3,5,,2,001,"OLD RIVER RD","COUNTY ROAD 128A",3696.00,N,N,A,-,N,,,,,,,,,,Y,3,0,3,2,A,-,09,21804,A,N,B,C,A,A,H,-,A,A,0,,,,,Y,,D,22,0,2,1,0,0,0,0,0,0,"- ","- ",38.631320953369141,-121.56430053710938,YOLO,UNINCORPORATED,-121.56435394287109,38.631870269775391
91643649,2021,2021-12-06,9280,2021-11-24,2300,015353,,3,3,9,5700,0,3,5,,2,002,"COUNTY ROAD 99W","2ND STREET",1056.00,S,N,A,-,N,,,,,,,,,,Y,2,0,1,1,A,-,08,22107,,N,E,I,A,A,H,-,D,D,0,,,,,Y,,A,01,1,0,0,0,0,0,0,0,0,"- ","- ",38.726799011230469,-121.80638885498047,YOLO,UNINCORPORATED,-121.80628204345703,38.726924896240234
91644406,2021,2021-12-06,9280,2021-11-24,1120,013927,,3,1,9,5700,0,1,1,,2,030,"I-5 S/B","I-505 N/B TO I-5 N/B",16.00,S,N,A,-,Y,,,5,,,,,,S,N,4,0,1,2,A,-,03,22350,,N,C,C,A,A,H,-,A,D,0,,,,,Y,,D,22,0,0,1,0,0,0,0,0,0,"- ","- ",38.847599029541016,-121.939697265625,YOLO,UNINCORPORATED,-121.93972778320312,38.847568511962891
91648931,2021,2021-12-10,9280,2021-12-01,1445,018352,,3,2,4,5704,0,1,2,,2,011,"US-50 W/B","S. RIVER ROAD",325.00,E,N,A,-,Y,,,50,,,,,,W,Y,3,0,1,2,A,-,07,21658,A,N,C,C,A,A,H,-,A,D,0,,,,,Y,,A,01,0,1,0,0,0,0,0,0,0,"- ","- ",38.573291778564453,-121.51783752441406,YOLO,"WEST SACRAMENTO",-121.51786804199219,38.573257446289062
91649096,2021,2021-12-10,9280,2021-12-03,1720,018874,,5,2,9,5700,0,1,1,,2,010,I-80,"WEBSTER U/C",2746.00,E,N,A,-,Y,,,80,,,,,,,Y,4,0,1,2,A,-,03,22350,,N,C,2,A,A,H,-,D,D,0,,,,,Y,,A,07,0,0,1,0,0,0,0,0,0,"- ","- ",38.565071105957031,-121.62904357910156,YOLO,UNINCORPORATED,-121.62903594970703,38.565067291259766
91651794,2021,2021-12-14,9280,2021-12-04,1355,016144,,6,1,9,5700,0,3,5,,2,002,"COUNTY ROAD 18","COUNTY ROAD 99E",800.00,E,N,B,-,N,,,,,,,,,,Y,3,0,1,1,A,-,08,22107,,N,E,I,A,A,H,-,A,D,0,,,,,Y,,D,22,0,1,0,0,0,0,0,0,0,"- ","- ",38.720890045166016,-121.77440643310547,YOLO,UNINCORPORATED,-121.77223205566406,38.720821380615234
91653044,2021,2021-12-15,9280,2021-12-06,1715,016144,,1,2,9,5700,0,3,5,,2,002,"COUNTY ROAD 29","COUNTY ROAD 101A",0.00,,Y,A,-,N,,,,,,,,,,Y,4,0,1,2,A,-,09,21801,A,N,D,C,A,A,H,-,D,D,0,,,,,Y,,A,01,0,0,1,0,0,0,0,0,0,"- ","- ",38.590091705322266,-121.75250244140625,YOLO,UNINCORPORATED,-121.75251007080078,38.590091705322266
91653160,2021,2021-12-15,9280,2021-11-24,1915,018316,,3,2,9,5700,0,3,5,,2,003,"COUNTY ROAD 87","COUNTY ROAD 19",60.00,N,N,A,-,N,,,,,,,,,,N,3,0,2,1,A,-,08,22107,,N,E,I,A,A,H,-,D,A,0,,,,,Y,,D,23,0,1,1,0,0,0,0,0,0,"- ","- ",38.733921051025391,-122.00589752197266,YOLO,UNINCORPORATED,-122.00591278076172,38.733783721923828
91654194,2021,2021-12-16,9280,2021-12-10,1735,018352,,5,2,9,5700,0,3,5,,2,002,"COUNTY ROAD 101A","COUNTY ROAD 29",3716.00,S,N,A,-,N,,,,,,,,,,Y,4,0,3,2,A,-,09,21801,A,N,D,C,A,A,H,-,D,D,0,,,,,Y,,A,01,0,0,3,0,0,0,0,0,0,"- ","- ",38.580150604248047,-121.74938201904297,YOLO,UNINCORPORATED,-121.74939727783203,38.580184936523438
9165463,2020,2020-11-30,5703,2020-09-24,1428,2891,41,4,5,4,5703,0,0,0,,0,001,"EAST MAIN ST","INDUSTRIAL WY",100.00,E,N,A,-,Y,YOL,3,113,-,R,10.150,R,4,S,N,4,0,1,2,A,-,03,22350,,N,C,C,A,A,H,-,A,A,0,,,,,Y,,D,22,0,0,1,0,0,0,0,0,0,"- ","- ",38.677410125732422,-121.75289916992188,YOLO,WOODLAND,-121.75121307373047,38.675971984863281
91657523,2021,2021-12-21,9280,2021-12-14,0730,016289,,2,1,4,5704,0,1,1,,2,010,"I-80 W/B","CHILES ROAD",1584.00,E,N,B,-,Y,,,,,,,,,,Y,4,0,1,2,A,-,03,22350,,F,C,C,A,B,H,-,A,D,0,,,,,Y,Y,-,99,0,0,1,0,0,0,0,0,0,"- ","- ",38.564418792724609,-121.63314056396484,YOLO,"WEST SACRAMENTO",-121.70687866210938,38.550041198730469
91658169,2021,2021-12-21,9280,2021-12-14,1500,016144,,2,2,9,5700,0,1,3,,2,022,"SR-113 S/B","HUTCHISON DR",100.00,S,N,A,-,Y,,,113,,,,,,S,Y,4,0,1,1,A,-,08,22107,,N,F,A,A,A,F,-,A,D,0,,,,,Y,,D,22,0,0,1,0,0,0,0,0,0,"- ","- ",38.53662109375,-121.76869964599609,YOLO,UNINCORPORATED,-121.76859283447266,38.536617279052734
9166110,2020,2020-12-07,5703,2020-09-14,1547,2891,72,1,5,4,5703,0,0,0,,0,003,"ASHLEY AV","FARRELL ST",212.00,S,N,A,-,,,,,,,,,,,Y,4,0,2,2,A,-,03,22350,,N,C,C,A,A,H,-,A,D,0,,,,,Y,,A,07,0,0,2,0,0,0,0,0,0,"- ","- ",38.674510955810547,-121.79795837402344,YOLO,WOODLAND,-121.79790496826172,38.673919677734375
9166111,2020,2020-12-04,5703,2020-09-12,0843,2622,51,6,5,4,5703,0,0,0,,0,004,"FARNHAM AV","LEE DR",0.00,,Y,A,-,,,,,,,,,,,Y,2,0,1,2,A,-,03,22350,,N,B,E,A,A,H,-,A,D,0,,,,,Y,,A,01,1,0,0,0,0,0,0,0,0,"- ","- ",38.673431396484375,-121.74166870117188,YOLO,WOODLAND,-121.74166107177734,38.673439025878906
9166325,2020,2020-10-20,5704,2020-08-30,2331,06195,,7,5,4,5704,0,0,0,,0,003,"SOUTHPORT PKWY","PROMENADE ST",0.00,,Y,A,-,N,,,,,,,,,,Y,3,0,1,2,A,-,12,21453,A,F,D,C,A,A,H,-,C,A,0,,,,,Y,Y,A,07,0,1,0,0,0,0,0,0,0,"- ","- ",38.545589447021484,-121.56858062744141,YOLO,"WEST SACRAMENTO",-121.56862640380859,38.545589447021484
91668795,2021,2022-01-03,9280,2021-12-27,0750,017983,,1,1,9,5700,0,3,5,,2,001,"OLD RIVER ROAD","COUNTY ROAD 128A",10560.00,N,N,B,-,N,,,,,,,,,,Y,3,0,1,1,A,-,01,23152,F,N,F,A,A,A,H,-,A,D,0,,,,,Y,,A,01,0,1,0,0,0,0,0,0,0,"- ","- ",38.647918701171875,-121.57347869873047,YOLO,UNINCORPORATED,-121.57351684570312,38.647964477539062