CASE_ID,ACCIDENT_YEAR,PROC_DATE,JURIS,COLLISION_DATE,COLLISION_TIME,OFFICER_ID,REPORTING_DISTRICT,DAY_OF_WEEK,CHP_SHIFT,POPULATION,CNTY_CITY_LOC,SPECIAL_COND,BEAT_TYPE,CHP_BEAT_TYPE,CITY_DIVISION_LAPD,CHP_BEAT_CLASS,BEAT_NUMBER,PRIMARY_RD,SECONDARY_RD,DISTANCE,DIRECTION,INTERSECTION,WEATHER_1,WEATHER_2,STATE_HWY_IND,CALTRANS_COUNTY,CALTRANS_DISTRICT,STATE_ROUTE,ROUTE_SUFFIX,POSTMILE_PREFIX,POSTMILE,LOCATION_TYPE,RAMP_INTERSECTION,SIDE_OF_HWY,TOW_AWAY,COLLISION_SEVERITY,NUMBER_KILLED,NUMBER_INJURED,PARTY_COUNT,PRIMARY_COLL_FACTOR,PCF_CODE_OF_VIOL,PCF_VIOL_CATEGORY,PCF_VIOLATION,PCF_VIOL_SUBSECTION,HIT_AND_RUN,TYPE_OF_COLLISION,MVIW,PED_ACTION,ROAD_SURFACE,ROAD_COND_1,ROAD_COND_2,LIGHTING,CONTROL_DEVICE,CHP_ROAD_TYPE,PEDESTRIAN_ACCIDENT,BICYCLE_ACCIDENT,MOTORCYCLE_ACCIDENT,TRUCK_ACCIDENT,NOT_PRIVATE_PROPERTY,ALCOHOL_INVOLVED,STWD_VEHTYPE_AT_FAULT,CHP_VEHTYPE_AT_FAULT,COUNT_SEVERE_INJ,COUNT_VISIBLE_INJ,COUNT_COMPLAINT_PAIN,COUNT_PED_KILLED,COUNT_PED_INJURED,COUNT_BICYCLIST_KILLED,COUNT_BICYCLIST_INJURED,COUNT_MC_KILLED,COUNT_MC_INJURED,PRIMARY_RAMP,SECONDARY_RAMP,LATITUDE,LONGITUDE,COUNTY,CITY,POINT_X,POINT_Y
91669711,2021,2022-01-04,9280,2021-12-22,1210,018941,,3,1,9,5700,0,3,5,,2,002,"COUNTY ROAD 20",SR-16,2018.00,W,N,B,-,N,,,,,,,,,,Y,3,0,1,1,A,-,08,22107,,N,F,A,A,B,H,-,A,D,0,,,,,Y,,A,01,0,1,0,0,0,0,0,0,0,"- ","- ",38.692188262939453,-121.80972290039062,YOLO,UNINCORPORATED,-121.80954742431641,38.692222595214844
91670342,2021,2022-01-04,9280,2021-12-28,2018,019094,,2,2,9,5700,0,3,5,,2,001,"MACE BOULEVARD","COUNTY ROAD 35",1056.00,N,N,B,-,N,,,,,,,,,,N,2,0,4,2,A,-,01,23152,A,F,A,C,A,A,H,-,D,D,0,,,,,Y,Y,A,01,3,1,0,0,0,0,0,0,0,"- ","- ",38.505069732666016,-121.69542694091797,YOLO,UNINCORPORATED,-121.69542694091797,38.505031585693359
9167184,2020,2020-11-13,5704,2020-09-24,1710,06653,,4,5,4,5704,0,0,0,,0,002,"JEFFERSON BL","PARK BLVD",0.00,,Y,A,-,N,,,,,,,,,,Y,4,0,2,2,A,-,03,22350,,F,C,C,A,A,H,-,A,A,0,,,,,Y,,D,22,0,0,2,0,0,0,0,0,0,"- ","- ",38.576229095458984,-121.52481079101562,YOLO,"WEST SACRAMENTO",-121.52484130859375,38.576240539550781
91672920,2021,2022-01-06,9280,2021-12-27,1240,017963,,1,1,9,5700,0,1,1,,2,020,"I-5 N/B",SR-16,2534.00,N,N,B,-,Y,,,5,,,,,,N,N,3,0,1,2,A,-,07,21658,A,F,B,C,A,A,H,-,A,D,0,,,,,Y,,D,22,0,1,0,0,0,0,0,0,0,"- ","- ",38.724750518798828,-121.80458068847656,YOLO,UNINCORPORATED,-121.80462646484375,38.724712371826172
9167792,2020,2021-01-09,5704,2020-10-07,1722,06015,,3,5,4,5704,0,0,0,,0,003,"JEFFERSON BL","LINDEN RD",275.00,N,N,A,-,N,,,,,,,,,,N,4,0,1,2,A,-,03,22350,,N,C,C,A,A,H,-,A,A,0,,,,,Y,,A,07,0,0,1,0,0,0,0,0,0,"- ","- ",38.550178527832031,-121.53964996337891,YOLO,"WEST SACRAMENTO",-121.54912567138672,38.540035247802734
9167848,2020,2020-11-13,5701,2020-09-20,1243,124,5,7,5,5,5701,0,0,0,,0,002,"5TH ST","J ST",0.00,,Y,A,-,N,,,,,,,,,,Y,3,0,1,2,A,-,12,22450,A,N,D,C,A,A,H,-,A,D,0,,,,,Y,,A,01,0,1,0,0,0,0,0,0,0,"- ","- ",38.548080444335938,-121.73663330078125,YOLO,DAVIS,-121.73663330078125,38.548080444335938
9167896,2020,2020-11-16,5704,2020-09-25,2237,06212,,5,5,4,5704,0,0,0,,0,002,"WEST CAPITOL AV","WALNUT AV",26.00,S,N,A,-,N,,,,,,,,,,Y,4,0,1,2,A,-,09,21801,A,N,D,C,A,A,H,-,C,D,0,,,,,Y,,A,01,0,0,1,0,0,0,0,0,0,"- ","- ",38.579799652099609,-121.54065704345703,YOLO,"WEST SACRAMENTO",-121.54080200195312,38.579765319824219
91680798,2022,2022-01-19,9280,2022-01-07,1712,018157,,5,2,5,5701,0,1,1,,2,010,"I-80 E/B","RICHARDS BLVD",100.00,W,N,A,-,Y,YOL,,80,,,0.112,H,,R,N,3,0,1,3,A,-,03,22350,,N,C,C,A,A,H,-,C,D,0,,,,,Y,,A,01,0,1,0,0,0,0,0,0,0,"- ","- ",38.538749694824219,-121.73695373535156,YOLO,DAVIS,-121.73699188232422,38.538780212402344
91681860,2022,2022-01-20,9280,2022-01-11,1132,017964,,2,1,9,5700,0,1,1,,2,010,"I-80 E/B","MACE BLVD",6864.00,E,N,A,-,Y,YOL,,80,,,3.975,H,,R,N,3,0,2,2,A,-,03,22350,,N,C,C,A,A,H,-,A,A,0,,,,,Y,,A,01,0,1,1,0,0,0,0,0,0,"- ","- ",38.558010101318359,-121.6715087890625,YOLO,UNINCORPORATED,-121.67152404785156,38.558048248291016
91682524,2022,2022-01-21,9280,2022-01-08,0358,021276,,6,3,4,5703,0,1,1,,2,020,"I-5 N/B","BEAMER ST",40.00,S,N,E,-,Y,YOL,,5,,R,7.091,H,,R,Y,4,0,1,1,A,-,03,22350,,N,H,A,A,A,H,-,D,D,0,,,,,Y,Y,A,01,0,0,1,0,0,0,0,0,0,"- ","- ",38.684398651123047,-121.75093841552734,YOLO,WOODLAND,-121.75079345703125,38.684463500976562
91683855,2022,2022-01-24,9280,2022-01-15,1050,017983,,6,1,5,5701,0,1,1,,2,010,"I-80 E/B","MACE BLVD.",430.00,E,N,B,-,Y,YOL,,80,,,2.770,H,,R,N,4,0,2,2,A,-,03,22350,,N,C,C,A,A,H,-,A,D,0,,,,,Y,,D,22,0,0,2,0,0,0,0,0,0,"- ","- ",38.552799224853516,-121.69271850585938,YOLO,DAVIS,-121.69276428222656,38.552890777587891
91684821,2022,2022-01-25,9280,2022-01-19,1440,016144,,3,2,9,5700,0,2,4,,2,025,"COUNTY ROAD 98","COUNTY ROAD 25A",0.00,,Y,A,-,N,,,,,,,,,,Y,3,0,2,2,A,-,09,21802,A,N,D,C,A,A,H,-,A,A,0,,,,,Y,,D,22,0,2,0,0,0,0,0,0,0,"- ","- ",38.641441345214844,-121.80267333984375,YOLO,UNINCORPORATED,-121.80270385742188,38.641410827636719
91685675,2022,2022-01-26,9280,2022-01-18,0742,015534,,2,1,4,5704,0,1,1,,2,010,"I-80 W/B","REED AVE",2376.00,E,N,A,-,Y,YOL,,80,,R,11.675,H,,L,Y,3,0,2,3,A,-,03,22350,,N,C,C,A,A,D,E,A,D,0,,,,Y,Y,,F,26,0,1,1,0,0,0,0,0,0,"- ","- ",38.59783935546875,-121.54852294921875,YOLO,"WEST SACRAMENTO",-121.54845428466797,38.597812652587891
91685977,2021,2022-01-26,9280,2021-10-31,0200,013927,,7,3,9,5700,0,3,5,,2,003,"COUNTY ROAD 23","COUNTY ROAD 89",35.00,E,N,A,-,N,,,,,,,,,,Y,3,0,1,1,A,-,03,22350,,F,E,I,A,A,H,-,D,A,0,,,,,Y,Y,D,22,0,1,0,0,0,0,0,0,0,"- ","- ",38.66400146484375,-121.970703125,YOLO,UNINCORPORATED,-121.97084808349609,38.663871765136719
91688633,2022,2022-01-28,9280,2022-01-23,1500,018205,,7,2,9,5700,0,1,3,,2,034,"STATE ROUTE 16","COUNTY ROAD 43",1340.00,W,N,A,-,Y,YOL,,16,,,9.410,H,,R,Y,3,0,1,1,A,-,08,22107,,N,E,I,A,A,H,-,A,D,0,,,,,Y,,D,22,0,1,0,0,0,0,0,0,0,"- ","- ",38.859500885009766,-122.21784210205078,YOLO,UNINCORPORATED,-122.21790313720703,38.859447479248047
91689657,2022,2022-01-31,9280,2022-01-21,1715,018352,,5,2,9,5700,0,1,1,,2,020,"I-5 S/B","COUNTY ROAD 17",425.00,S,N,A,-,Y,,,,,,,,,,Y,2,0,1,1,A,-,08,22107,,N,E,I,A,A,H,-,B,D,0,,,,,Y,,A,08,1,0,0,0,0,0,0,0,0,"- ","- ",38.734218597412109,-121.8184814453125,YOLO,UNINCORPORATED,-121.81801605224609,38.734638214111328
91690473,2022,2022-02-01,9280,2022-01-20,1855,018316,,4,2,9,5700,0,1,3,,2,034,"SR-16 (YOLO AVE.)","SOUTH GRAFTON ST.",35.00,E,N,A,-,Y,YOL,,16,,,28.012,H,,R,Y,3,0,2,1,A,-,08,22107,,N,E,I,A,A,H,-,C,D,0,,,,,Y,,A,01,0,2,0,0,0,0,0,0,0,"- ","- ",38.692699432373047,-122.01666259765625,YOLO,UNINCORPORATED,-122.01674652099609,38.692710876464844
91691967,2022,2022-02-02,9280,2022-01-25,0001,021277,,2,3,9,5700,0,1,3,,2,013,"STATE ROUTE 84 (JEFFERSON BLVD)","CLARKSBURG RD",1056.00,S,N,E,-,Y,YOL,,84,,,9.292,H,,R,Y,3,0,1,1,A,-,08,22107,,M,F,A,A,B,H,-,D,D,0,,,,,Y,,A,01,0,1,0,0,0,0,0,0,0,"- ","- ",38.411018371582031,-121.58296203613281,YOLO,UNINCORPORATED,-121.58282470703125,38.411022186279297
91692897,2022,2022-02-03,9280,2022-01-26,0150,015353,,3,3,9,5700,0,1,3,,2,034,SR-16,"COUNTY ROAD 87",35.00,W,N,A,-,Y,YOL,,16,,,27.806,H,,R,Y,4,0,7,3,A,-,03,22350,,N,C,C,A,A,H,-,D,A,0,,,,,Y,,A,01,0,0,7,0,0,0,0,0,0,"- ","- ",38.695499420166016,-122.01637268066406,YOLO,UNINCORPORATED,-122.01636505126953,38.695514678955078
91693853,2022,2022-02-04,9280,2022-01-31,1655,016520,,1,2,5,5701,0,1,1,,2,010,"I-80 EASTBOUND","RICHARDS BOULEVARD",2112.00,E,N,A,-,Y,YOL,,80,,,1.158,H,,R,Y,3,0,2,4,A,-,03,22350,,F,C,C,A,A,H,-,A,D,0,,,,,Y,,A,01,0,1,1,0,0,0,0,0,0,"- ","- ",38.546699523925781,-121.72141265869141,YOLO,DAVIS,-121.72142028808594,38.546726226806641
91695725,2022,2022-02-08,9280,2022-02-01,1500,018157,,2,2,5,5701,0,1,1,,2,010,"I-80 E/B","MACE BOULEVARD",1056.00,W,N,A,-,Y,YOL,,80,,,1.986,H,,R,Y,4,0,1,2,A,-,03,22350,,N,C,C,A,A,H,-,A,D,0,,,,,Y,,D,22,0,0,1,0,0,0,0,0,0,"- ","- ",38.550060272216797,-121.70675659179688,YOLO,DAVIS,-121.70676422119141,38.550067901611328
91696136,2022,2022-02-08,9280,2022-01-29,1808,018157,,6,2,9,5700,0,1,1,,2,020,"I-5 S/B","COUNTY ROAD 103",676.00,S,N,A,-,Y,YOL,,5,,,4.363,H,,L,Y,2,0,1,1,A,-,01,23152,A,N,E,I,A,A,H,-,D,D,0,,,,,Y,Y,D,22,1,0,0,0,0,0,0,0,0,"- ","- ",38.673629760742188,-121.70697784423828,YOLO,UNINCORPORATED,-121.70697784423828,38.673564910888672
9169754,2020,2020-11-20,5704,2020-10-05,2245,06698,,1,5,4,5704,0,0,0,,0,002,"HARBOR BL","EVERGREEN AV",0.00,,Y,A,-,N,,,,,,,,,,Y,4,0,1,2,A,-,12,21453,A,N,D,C,A,A,H,-,C,A,0,,,,,Y,,A,01,0,0,1,0,0,0,0,0,0,"- ","- ",38.576950073242188,-121.54872894287109,YOLO,"WEST SACRAMENTO",-121.54871368408203,38.576919555664062
91697758,2022,2022-02-10,9280,2022-02-03,2340,019564,,4,3,9,5700,0,1,1,,2,010,"I-80 E/B","MACE BLVD",5280.00,E,N,A,-,Y,YOL,,80,,,3.583,H,,R,Y,3,0,2,2,A,-,01,23152,A,N,C,2,A,A,H,-,C,D,0,,,,,Y,Y,A,01,0,1,1,0,0,0,0,0,0,"- ","- ",38.556468963623047,-121.67848205566406,YOLO,UNINCORPORATED,-121.67848205566406,38.556480407714844
91697967,2022,2022-02-10,9280,2022-02-05,1043,017983,,6,1,5,5701,0,1,1,,2,010,"I-80 W/B","DAVE PELZ MEMORIAL BICYCLE BRDIGE",1056.00,E,N,A,-,Y,YOL,,80,,,2.132,H,,L,N,3,0,1,2,A,-,01,23152,A,N,E,I,A,A,H,-,A,D,0,,,,Y,Y,,A,01,0,1,0,0,0,0,0,0,0,"- ","- ",38.550861358642578,-121.70413208007812,YOLO,DAVIS,-121.70414733886719,38.550907135009766
91700374,2022,2022-02-14,9280,2022-02-05,0200,019986,,6,3,9,5700,0,3,5,,2,001,"OLD RIVER ROAD",CR-126,214.00,N,N,A,-,N,,,,,,,,,,Y,2,0,1,1,A,-,01,23152,A,N,E,I,A,A,H,-,D,D,0,,,,,Y,Y,A,01,1,0,0,0,0,0,0,0,0,"- ","- ",38.609539031982422,-121.56053924560547,YOLO,UNINCORPORATED,-121.56027221679688,38.607860565185547
91700618,2022,2022-02-14,9280,2022-02-06,1358,018941,,7,1,9,5700,0,1,1,,2,010,"I-80 W/B","REED AVENUE",5925.00,W,N,A,-,Y,YOL,,80,,R,10.181,H,,L,N,3,0,2,2,A,-,03,22350,,N,C,C,A,A,H,-,A,D,0,,,,,Y,,A,01,0,1,1,0,0,0,0,0,0,"- ","- ",38.578601837158203,-121.56137847900391,YOLO,UNINCORPORATED,-121.56142425537109,38.578617095947266
91704324,2022,2022-02-18,9280,2022-02-11,0015,019377,,5,3,9,5700,0,3,5,,2,003,SR-128,"YOLO/SOLANO COUNTY LINE",5280.00,E,N,A,-,Y,YOL,,128,,,1.027,H,,R,Y,3,0,1,1,A,-,03,22350,,N,F,A,A,A,H,-,D,D,0,,,,,Y,,A,07,0,1,0,0,0,0,0,0,0,"- ","- ",38.514961242675781,-122.07908630371094,YOLO,UNINCORPORATED,-122.07908630371094,38.514968872070312
91705073,2022,2022-04-14,9280,2022-02-12,1126,017964,,6,1,9,5700,0,3,5,,2,003,"COUNTY ROAD 85","COUNTY ROAD 14",1700.00,N,N,A,-,N,,,,,,,,,,Y,1,1,0,1,A,-,01,23152,G,N,E,I,A,A,H,-,A,A,0,,,,,Y,Y,A,07,0,0,0,0,0,0,0,0,0,"- ","- ",38.784931182861328,-122.04376983642578,YOLO,UNINCORPORATED,-122.04379272460938,38.785747528076172
91706911,2022,2022-02-23,9280,2022-02-14,1047,013927,,1,1,9,5700,0,3,5,,2,003,"WOODLAND AVENUE","WINTERS STREET",275.00,W,N,A,-,N,,,,,,,,,,Y,4,0,1,2,A,-,08,22107,,N,B,E,A,A,H,-,A,D,0,,,,,Y,,A,01,0,0,1,0,0,0,0,0,0,"- ","- ",38.695098876953125,-122.01380157470703,YOLO,UNINCORPORATED,-122.01377868652344,38.695125579833984
91711542,2022,2022-02-28,9280,2022-02-17,2025,019478,,4,2,9,5700,0,1,1,,2,010,"I-80 E/B","WEBSTER UNDERCROSSING",7920.00,E,N,A,-,Y,YOL,,80,,,6.454,H,,R,Y,3,0,1,2,A,-,03,22350,,F,B,C,A,A,H,-,D,A,0,,,,,Y,,A,01,0,1,0,0,0,0,0,0,0,"- ","- ",38.565521240234375,-121.62667846679688,YOLO,UNINCORPORATED,-121.62667083740234,38.565486907958984
91711896,2022,2022-03-01,9280,2022-02-18,1624,018874,,5,2,9,5700,0,1,1,,2,010,"I-80 W/B","WEBSTER U/C",6336.00,E,N,A,-,Y,YOL,,80,,,7.009,H,,L,N,3,0,1,4,A,-,08,22107,,N,C,C,A,A,H,-,A,A,0,,,,,Y,,A,01,0,1,0,0,0,0,0,0,0,"- ","- ",38.567478179931641,-121.61675262451172,YOLO,UNINCORPORATED,-121.61673736572266,38.567436218261719
91715229,2022,2022-03-04,9280,2022-02-22,1745,018316,,2,2,9,5700,0,1,1,,2,031,"I-505 S/B FROM SR-16",SR-16,40.00,S,N,A,-,Y,,,,,,,,,,Y,3,0,1,1,A,-,01,23152,F,N,E,8,A,A,H,-,B,D,0,,,,,Y,,A,01,0,1,0,0,0,0,0,0,0,"- ","- ",38.679508209228516,-121.95442962646484,YOLO,UNINCORPORATED,-121.95442962646484,38.679508209228516
91716381,2022,2022-03-07,9280,2022-02-25,1735,018352,,5,2,4,5704,0,1,2,,2,011,"US-50 W/B","HARBOR BLVD",1378.00,W,N,A,-,Y,YOL,,50,,,0.938,H,,L,Y,4,0,3,3,A,-,03,22350,,N,C,C,A,A,H,-,A,D,0,,,,,Y,,A,01,0,0,3,0,0,0,0,0,0,"- ","- ",38.575088500976562,-121.55361938476562,YOLO,"WEST SACRAMENTO",-121.55361938476562,38.57513427734375
91716858,2022,2022-03-07,9280,2022-02-23,0758,015128,,3,1,9,5700,0,1,3,,1,024,SR-16,CR-95,0.00,,Y,A,-,Y,YOL,,16,,,37.527,H,,R,Y,2,0,1,2,A,-,09,21801,A,N,D,C,A,A,H,-,A,D,0,,,,,Y,,A,01,1,0,0,0,0,0,0,0,0,"- ","- ",38.676101684570312,-121.85803985595703,YOLO,UNINCORPORATED,-121.85803985595703,38.676101684570312
9171848,2020,2020-12-14,5703,2020-10-23,1333,2070,12,5,5,4,5703,0,0,0,,0,003,"3RD ST","MAIN ST",0.00,,Y,A,-,N,,,,,,,,,,N,4,0,1,2,A,-,12,21457,A,N,D,C,A,A,H,-,A,A,0,,,,,Y,,A,07,0,0,1,0,0,0,0,0,0,"- ","- ",38.67742919921875,-121.77619171142578,YOLO,WOODLAND,-121.77060699462891,38.67742919921875
91718760,2022,2022-03-09,9280,2022-02-27,1350,018874,,7,1,9,5700,0,1,1,,2,010,"I-80 W/B","REED AVE",792.00,E,N,A,-,Y,YOL,,80,,R,11.384,H,,L,Y,3,0,1,2,A,-,03,22350,,N,C,C,A,A,H,-,A,D,0,,,,,Y,,A,01,0,1,0,0,0,0,0,0,0,"- ","- ",38.594089508056641,-121.55104064941406,YOLO,UNINCORPORATED,-121.55098724365234,38.594066619873047
91719159,2022,2022-03-09,9280,2022-03-01,2005,018205,,2,2,9,5700,0,2,4,,1,021,"COUNTY ROAD 102","COUNTY ROAD 14",2025.00,N,N,A,-,N,,,,,,,,,,Y,4,0,1,2,A,-,09,21801,A,N,A,C,A,A,H,-,D,D,0,,,,,Y,,A,01,0,0,1,0,0,0,0,0,0,"- ","- ",38.783500671386719,-121.72846984863281,YOLO,UNINCORPORATED,-121.72848510742188,38.783432006835938
91719165,2022,2022-03-09,9280,2022-02-25,1205,017964,,5,1,9,5700,0,1,3,,1,024,"STATE ROUTE 16","I-5 S/B FROM STATE ROUTE 16",15.00,E,N,A,-,Y,YOL,,16,,R,43.320,H,,R,Y,4,0,1,2,A,-,03,22350,,N,C,C,A,A,H,-,A,A,0,,,,,Y,,D,22,0,0,1,0,0,0,0,0,0,"- ","- ",38.717521667480469,-121.80158233642578,YOLO,UNINCORPORATED,-121.80157470703125,38.717517852783203
9171951,2020,2020-12-14,5704,2020-10-21,1623,06072,,3,5,4,5704,0,0,0,,0,003,"SOUTHPORT PKWY","OAKLAND BAY DR",0.00,,Y,A,-,N,,,,,,,,,,N,4,0,1,2,A,-,09,21800,A,N,B,C,A,A,H,-,A,A,0,,,,,Y,,A,07,0,0,1,0,0,0,0,0,0,"- ","- ",38.538898468017578,-121.57613372802734,YOLO,"WEST SACRAMENTO",-121.57620239257812,38.53887939453125
9171954,2020,2020-12-14,5704,2020-10-16,0534,06664,,5,5,4,5704,0,0,0,,0,003,"CARLIN DR","RAMCO ST",0.00,,Y,A,-,N,,,,,,,,,,Y,4,0,1,2,A,-,09,21802,A,N,D,C,A,A,H,-,C,A,0,,,,,Y,,A,07,0,0,1,0,0,0,0,0,0,"- ","- ",38.551059722900391,-121.5628662109375,YOLO,"WEST SACRAMENTO",-121.56292724609375,38.551078796386719
9171955,2020,2020-12-14,5704,2020-10-21,1340,00165,,3,5,4,5704,0,0,0,,0,003,"JEFFERSON BL","VALLEY OAK LN",300.00,N,N,A,-,N,,,,,,,,,,Y,3,0,3,3,A,-,03,22350,,N,C,C,A,A,H,-,A,A,0,,,,,Y,,A,01,0,1,2,0,0,0,0,0,0,"- ","- ",38.557819366455078,-121.53160858154297,YOLO,"WEST SACRAMENTO",-121.53241729736328,38.556987762451172
9171957,2020,2020-12-14,5704,2020-10-27,1650,06089,,2,5,4,5704,0,0,0,,0,002,"PECAN ST","MICHIGAN BL",0.00,,Y,A,-,N,,,,,,,,,,N,3,0,1,2,A,-,05,21650,1,N,A,G,A,A,H,-,A,A,0,,Y,,,Y,,L,04,0,1,0,0,0,0,1,0,0,"- ","- ",38.58319091796875,-121.54190826416016,YOLO,"WEST SACRAMENTO",-121.54187774658203,38.583141326904297
91720534,2022,2022-03-11,9280,2022-03-02,1200,013927,,3,1,9,5700,0,1,3,,2,034,"SR-16 E/B","COUNTY ROAD 82B",2640.00,E,N,A,-,Y,YOL,,16,,,24.079,H,,R,N,2,0,2,1,C,-,18,,,N,F,A,A,A,H,-,A,D,0,,,Y,,Y,,-,"- ",1,1,0,0,0,0,0,0,2,"- ","- ",38.706699371337891,-122.07659912109375,YOLO,UNINCORPORATED,-122.07660675048828,38.706779479980469
91720768,2022,2022-03-11,9280,2022-03-03,2130,015353,,4,2,4,5704,0,1,2,,2,011,"US-50 W/B TO HARBOR BOULEVARD","HARBOR BOULEVARD",379.00,E,N,A,-,Y,,,,,,,,,,Y,3,0,1,1,A,-,01,23152,A,N,E,I,A,A,H,-,C,A,0,,,,,Y,Y,A,07,0,1,0,0,0,0,0,0,0,"- ","- ",38.57598876953125,-121.54723358154297,YOLO,"WEST SACRAMENTO",-121.54723358154297,38.57598876953125
91722260,2021,2022-03-14,9280,2021-12-24,1830,018352,,5,2,9,5700,0,3,5,,2,001,"S. RIVER ROAD","ROSE RD",5280.00,N,N,B,-,N,,,,,,,,,,N,1,1,0,2,A,-,11,21954,A,N,G,B,E,A,H,-,D,D,0,Y,,,,Y,Y,N,60,0,0,0,1,0,0,0,0,0,"- ","- ",38.437118530273438,-121.51007080078125,YOLO,UNINCORPORATED,-121.52745819091797,38.436119079589844
91722981,2022,2022-03-15,9280,2022-03-06,0320,021276,,7,3,9,5700,0,1,3,,2,034,SR-16,"COUNTY ROAD 71",3696.00,W,N,A,-,Y,YOL,,16,,,16.010,H,,R,Y,4,0,1,1,A,-,01,23152,A,N,F,A,A,A,H,-,D,D,0,,,,,Y,Y,D,22,0,0,1,0,0,0,0,0,0,"- ","- ",38.774650573730469,-122.17098999023438,YOLO,UNINCORPORATED,-122.17094421386719,38.774665832519531
91723094,2022,2022-03-15,9280,2022-03-08,1624,016144,,2,2,9,5700,0,1,3,,2,026,SR-45,"COUNTY ROAD 95B",60.00,N,N,A,-,Y,YOL,,45,,,9.974,H,,R,N,2,0,1,1,A,-,03,22350,,N,E,I,A,A,H,-,A,A,0,,,,,Y,,A,01,1,0,0,0,0,0,0,0,0,"- ","- ",38.882190704345703,-121.84374237060547,YOLO,UNINCORPORATED,-121.84364318847656,38.882274627685547
91724339,2022,2022-03-16,9280,2022-03-09,1930,015534,,3,2,9,5700,0,3,5,,2,001,CR-141,"SOUTH RIVER RD",4541.00,W,N,A,-,N,,,,,,,,,,N,4,0,1,1,A,-,08,22107,,N,E,I,A,A,H,-,D,D,0,,,,,Y,,A,01,0,0,1,0,0,0,0,0,0,"- ","- ",38.402069091796875,-121.53246307373047,YOLO,UNINCORPORATED,-121.53228759765625,38.402076721191406
91724408,2022,2022-03-16,9280,2022-03-05,1800,018316,,6,2,9,5700,0,2,4,,1,021,"COUNTY ROAD 102","COUNTY ROAD 16",1750.00,N,N,A,-,N,,,,,,,,,,Y,2,0,3,4,A,-,01,23152,A,N,A,C,A,A,H,-,B,D,0,,,,,Y,Y,A,01,1,1,1,0,0,0,0,0,0,"- ","- ",38.754138946533203,-121.72927093505859,YOLO,UNINCORPORATED,-121.729248046875,38.753604888916016
91725611,2022,2022-03-17,9280,2022-03-10,1440,016144,,4,2,9,5700,0,2,4,,2,025,"COUNTY ROAD 98","W. GIBSON ROAD (COUNTY ROAD 24)",0.00,,Y,A,-,N,,,,,,,,,,N,4,0,2,2,A,-,12,22450,A,N,D,C,A,A,H,-,A,A,0,,,,,Y,,A,07,0,0,2,0,0,0,0,0,0,"- ","- ",38.663219451904297,-121.80272674560547,YOLO,UNINCORPORATED,-121.80270385742188,38.663173675537109
9172638,2020,2020-12-19,5704,2020-10-07,1012,06700,,3,5,4,5704,0,0,0,,0,002,"WEST CAPITOL AV","POPLAR AV",0.00,,Y,A,-,N,,,,,,,,,,Y,3,0,3,2,A,-,12,21453,A,N,D,A,A,A,H,-,A,A,0,,,,,Y,,D,22,0,1,2,0,0,0,0,0,0,"- ","- ",38.580089569091797,-121.53389739990234,YOLO,"WEST SACRAMENTO",-121.53398132324219,38.580230712890625
91726832,2022,2022-03-18,9280,2022-03-14,1430,018941,,1,2,9,5700,0,1,1,,2,010,"US-50 W/B","HARBOR BLVD",1267.00,W,N,B,-,Y,YOL,,50,,,0.968,H,,L,N,4,0,1,2,A,-,07,21658,A,N,B,C,A,A,H,-,A,D,0,,,,,Y,,A,07,0,0,1,0,0,0,0,0,0,"- ","- ",38.575199127197266,-121.55306243896484,YOLO,UNINCORPORATED,-121.55306243896484,38.575126647949219
91729859,2022,2022-03-23,9280,2022-03-21,1610,018941,,1,2,9,5700,0,1,1,,2,010,"I-80 E/B","MACE BOULEVARD",3000.00,W,N,A,-,Y,YOL,,80,,,2.158,H,,R,N,4,0,1,2,A,-,03,22350,,M,C,C,A,A,H,-,A,D,0,,,,,Y,,A,01,0,0,1,0,0,0,0,0,0,"- ","- ",38.550621032714844,-121.70365905761719,YOLO,UNINCORPORATED,-121.70371246337891,38.550762176513672
91729961,2022,2022-03-23,9280,2022-02-16,1930,018941,,3,2,9,5700,0,1,1,,2,020,"I-5 N/B","EAST ST",2828.00,N,N,A,-,Y,YOL,,5,,R,8.810,H,,R,Y,3,0,2,2,A,-,01,23152,A,N,B,2,A,A,H,-,C,D,0,,,,,Y,Y,A,08,0,1,1,0,0,0,0,0,0,"- ","- ",38.698699951171875,-121.77484130859375,YOLO,UNINCORPORATED,-121.77484130859375,38.698692321777344
9173083,2020,2020-12-26,5701,2020-10-13,1150,112,4,2,5,5,5701,0,0,0,,0,002,"D ST","3RD ST",50.00,S,N,A,-,N,,,,,,,,,,N,2,0,1,2,A,-,08,22107,,F,B,G,A,A,H,-,A,A,0,,Y,,,Y,,A,01,1,0,0,0,0,0,1,0,0,"- ","- ",38.544338226318359,-121.74252319335938,YOLO,DAVIS,-121.74246215820312,38.544204711914062