CASE_ID,ACCIDENT_YEAR,PROC_DATE,JURIS,COLLISION_DATE,COLLISION_TIME,OFFICER_ID,REPORTING_DISTRICT,DAY_OF_WEEK,CHP_SHIFT,POPULATION,CNTY_CITY_LOC,SPECIAL_COND,BEAT_TYPE,CHP_BEAT_TYPE,CITY_DIVISION_LAPD,CHP_BEAT_CLASS,BEAT_NUMBER,PRIMARY_RD,SECONDARY_RD,DISTANCE,DIRECTION,INTERSECTION,WEATHER_1,WEATHER_2,STATE_HWY_IND,CALTRANS_COUNTY,CALTRANS_DISTRICT,STATE_ROUTE,ROUTE_SUFFIX,POSTMILE_PREFIX,POSTMILE,LOCATION_TYPE,RAMP_INTERSECTION,SIDE_OF_HWY,TOW_AWAY,COLLISION_SEVERITY,NUMBER_KILLED,NUMBER_INJURED,PARTY_COUNT,PRIMARY_COLL_FACTOR,PCF_CODE_OF_VIOL,PCF_VIOL_CATEGORY,PCF_VIOLATION,PCF_VIOL_SUBSECTION,HIT_AND_RUN,TYPE_OF_COLLISION,MVIW,PED_ACTION,ROAD_SURFACE,ROAD_COND_1,ROAD_COND_2,LIGHTING,CONTROL_DEVICE,CHP_ROAD_TYPE,PEDESTRIAN_ACCIDENT,BICYCLE_ACCIDENT,MOTORCYCLE_ACCIDENT,TRUCK_ACCIDENT,NOT_PRIVATE_PROPERTY,ALCOHOL_INVOLVED,STWD_VEHTYPE_AT_FAULT,CHP_VEHTYPE_AT_FAULT,COUNT_SEVERE_INJ,COUNT_VISIBLE_INJ,COUNT_COMPLAINT_PAIN,COUNT_PED_KILLED,COUNT_PED_INJURED,COUNT_BICYCLIST_KILLED,COUNT_BICYCLIST_INJURED,COUNT_MC_KILLED,COUNT_MC_INJURED,PRIMARY_RAMP,SECONDARY_RAMP,LATITUDE,LONGITUDE,COUNTY,CITY,POINT_X,POINT_Y
9222821,2021,2021-03-18,5701,2021-01-24,2046,237,3,7,5,5,5701,0,0,0,,0,001,"SOLITO ST","GRANDE AV",83.00,S,N,B,C,N,,,,,,,,,,N,2,0,1,2,A,-,12,22450,A,N,G,B,B,B,H,-,C,D,0,Y,,,,Y,,A,07,1,0,0,0,1,0,0,0,0,"- ","- ",38.569179534912109,-121.74801635742188,YOLO,DAVIS,-121.74794006347656,38.568958282470703
92229146,2023,2023-11-06,9280,2023-11-02,1940,016144,,4,2,9,5700,0,1,3,,2,023,SR-113,"COUNTY ROAD 18C",0.00,,Y,A,-,Y,YOL,,113," "," ",12.329,H,,R,Y,3,0,1,2,A,-,09,21801,A,N,A,C,A,A,H,-,D,D,0,,,,,Y,,A,01,0,1,0,0,0,0,0,0,0,"- ","- ",38.70941162109375,-121.76519775390625,YOLO,UNINCORPORATED,-121.76522827148438,38.70941162109375
92229340,2023,2023-11-06,9280,2023-10-29,1430,018352,,7,2,9,5700,0,3,5,,2,001,"S. RIVER RD","FREEPORT BRIDGE",1855.00,N,N,A,-,N,,,,,,,,,,Y,3,0,1,1,A,-,08,22107,,N,F,A,A,A,H,-,A,D,0,,,Y,,Y,,C,02,0,1,0,0,0,0,0,0,1,"- ","- ",38.460578918457031,-121.50457000732422,YOLO,UNINCORPORATED,-121.50460815429688,38.46044921875
92229355,2023,2023-11-06,9280,2023-11-01,1030,015353,,3,1,9,5700,0,1,1,,2,010,"INTERSTATE 80 W/B","ENTERPRISE BLVD",3960.00,W,N,A,-,Y,YOL,,80," "," ",8.402,H,,L,N,3,0,1,4,A,-,03,22350,,N,C,C,A,A,D,-,A,D,0,,,,,Y,,A,01,0,1,0,0,0,0,0,0,0,"- ","- ",38.571880340576172,-121.59162139892578,YOLO,UNINCORPORATED,-121.59163665771484,38.571929931640625
92229398,2023,2023-11-06,9280,2023-11-05,1138,017963,,7,1,5,5701,0,1,1,,2,010,"I-80 W/B","PELZ PEDESTRIAN O/C",364.00,W,N,B,-,Y,YOL,,80," "," ",1.872,H,,L,Y,4,0,1,1,A,-,08,22107,,N,E,I,A,A,H,-,A,D,0,,,,,Y,,A,01,0,0,1,0,0,0,0,0,0,"- ","- ",38.549900054931641,-121.70877838134766,YOLO,DAVIS,-121.70876312255859,38.549854278564453
92229425,2023,2023-11-06,9280,2023-11-06,"30  ",021248,,1,3,9,5700,0,3,5,,2,002,"COUNTY ROAD 25A","COUNTY ROAD 99",1200.00,W,N,A,-,N,,,,,,,,,,N,4,0,1,1,A,-,08,22107,,N,E,I,A,A,H,-,D,D,0,,,,,Y,,A,01,0,0,1,0,0,0,0,0,0,"- ","- ",38.641250610351562,-121.7899169921875,YOLO,UNINCORPORATED,-121.78879547119141,38.641227722167969
92234774,2023,2023-11-13,9280,2023-11-12,1731,018874,,7,2,9,5700,0,3,5,,2,003,"COUNTY ROAD 85","COUNTY ROAD 16A",1637.00,S,N,A,-,Y,,,,,,,,,,Y,3,0,1,1,A,-,08,22107,,N,E,I,A,A,H,-,D,D,0,,,,,Y,,A,01,0,1,0,0,0,0,0,0,0,"- ","- ",38.740001678466797,-122.04496765136719,YOLO,UNINCORPORATED,-122.04492950439453,38.740283966064453
9223522,2021,2021-03-18,5704,2021-01-12,1620,00165,,2,5,4,5704,0,0,0,,0,001,"SOLANO ST","LISBON AV",0.00,,Y,A,B,N,,,,,,,,,,Y,3,0,1,2,A,-,09,21801,A,N,D,C,A,A,H,-,-,A,0,,,,,Y,,D,22,0,1,0,0,0,0,0,0,0,"- ","- ",38.594989776611328,-121.54119873046875,YOLO,"WEST SACRAMENTO",-121.54121398925781,38.594970703125
9223526,2021,2021-03-23,5704,2021-02-02,1208,00166,,2,5,4,5704,0,0,0,,0,002,"WEST CAPITOL AV","NORTHPORT DR",0.00,,Y,B,-,N,,,,,,,,,,Y,4,0,1,3,A,-,09,21802,A,N,D,C,A,A,H,-,A,A,0,,,,,Y,,A,07,0,0,1,0,0,0,0,0,0,"- ","- ",38.578399658203125,-121.56266784667969,YOLO,"WEST SACRAMENTO",-121.56265258789062,38.578445434570312
9223633,2021,2021-03-25,5704,2021-01-28,1955,06664,,4,5,4,5704,0,0,0,,0,003,"LINDEN RD","STONEGATE DR",0.00,,Y,A,-,N,,,,,,,,,,N,4,0,1,2,A,-,09,21800,A,N,D,C,A,A,H,-,C,A,0,,,,,Y,,A,01,0,0,1,0,0,0,0,0,0,"- ","- ",38.547279357910156,-121.53388977050781,YOLO,"WEST SACRAMENTO",-121.53392028808594,38.547306060791016
9223635,2021,2021-03-25,5704,2021-01-17,1720,06653,,7,5,4,5704,0,0,0,,0,002,"MERKLEY AV","JEFFERSON BL",0.00,,Y,A,-,N,,,,,,,,,,N,4,0,1,2,A,-,12,21453,A,N,D,C,A,A,H,-,A,A,0,,,,,Y,,A,01,0,0,1,0,0,0,0,0,0,"- ","- ",38.579311370849609,-121.52596282958984,YOLO,"WEST SACRAMENTO",-121.52608489990234,38.579311370849609
9223687,2021,2021-03-23,5704,2021-01-26,1700,06214,,2,5,4,5704,0,0,0,,0,002,"WILLOW AV","WESTACRE RD",0.00,,Y,A,-,N,,,,,,,,,,Y,4,0,1,2,A,-,09,21802,A,N,D,C,A,A,H,-,A,A,0,,,,,Y,,A,08,0,0,1,0,0,0,0,0,0,"- ","- ",38.578361511230469,-121.53069305419922,YOLO,"WEST SACRAMENTO",-121.53060913085938,38.578346252441406
92236960,2023,2023-11-15,9280,2023-11-07,1010,013927,,2,1,9,5700,0,1,3,,2,034,SR-16,"JENSEN LANE",600.00,E,N,A,-,Y,YOL,,16," "," ",27.394,H,,R,N,4,0,1,2,A,-,05,21460,A,N,B,C,A,A,H,-,A,D,0,,,,,Y,,D,22,0,0,1,0,0,0,0,0,0,"- ","- ",38.698688507080078,-122.02069091796875,YOLO,UNINCORPORATED,-122.02071380615234,38.698680877685547
92243260,2023,2023-11-22,9280,2023-11-16,2230,019094,,4,3,9,5700,0,3,5,,2,002,"OLD RIVER RD","COUNTY RD 124",475.00,N,N,A,-,N,,,,,,,,,,Y,3,0,1,1,A,-,03,22350,,N,F,A,A,A,H,-,D,D,0,,,,,Y,,A,01,0,1,0,0,0,0,0,0,0,"- ","- ",38.661869049072266,-121.61518096923828,YOLO,UNINCORPORATED,-121.61507415771484,38.66180419921875
92243262,2023,2023-11-22,9280,2023-11-17,1745,017983,,5,2,9,5700,0,1,3,,2,034,SR-16,"COUNTY ROAD 85B",0.00,,Y,B,C,N,,,,,,,,,,N,3,0,1,2,A,-,09,21802,A,N,D,C,A,B,H,-,D,A,0,,,,,Y,,A,01,0,1,0,0,0,0,0,0,0,"- ","- ",38.704730987548828,-122.03600311279297,YOLO,UNINCORPORATED,-122.03600311279297,38.704769134521484
92243275,2023,2023-11-22,9280,2023-11-21,1800,016144,,2,2,9,5700,0,3,5,,2,001,"OLD RIVER ROAD","COUNTY ROAD 124",3696.00,S,N,A,-,N,,,,,,,,,,Y,4,0,1,1,A,-,08,22107,,N,E,I,A,A,H,-,D,D,0,,,,,Y,,A,01,0,0,1,0,0,0,0,0,0,"- ","- ",38.650768280029297,-121.60323333740234,YOLO,UNINCORPORATED,-121.60538482666016,38.653560638427734
92247064,2023,2023-11-28,9280,2023-11-16,1300,018316,,4,1,9,5700,0,1,3,,2,032,SR-128,"POSITAS RD.",245.00,W,N,B,-,Y,YOL,,128," "," ",4.149,H,,R,Y,3,0,1,1,A,-,08,22107,,N,F,A,A,A,H,-,A,D,0,,,Y,,Y,,C,02,0,1,0,0,0,0,0,0,1,"- ","- ",38.497890472412109,-122.03523254394531,YOLO,UNINCORPORATED,-122.03523254394531,38.497890472412109
92247126,2023,2023-11-28,9280,2023-11-19,2200,022667,,7,3,9,5700,0,1,1,,2,010,"I-80 E/B","THE WEBSTER U/C",7339.00,W,N,G,-,Y,YOL,,80," "," ",4.392,H,,R,Y,4,0,3,2,A,-,01,23152,A,N,C,C,A,A,D,-,D,D,0,,,,,Y,Y,A,01,0,0,3,0,0,0,0,0,0,"- ","- ",38.559219360351562,-121.66397094726562,YOLO,UNINCORPORATED,-121.66397857666016,38.559246063232422
92247129,2023,2023-11-28,9280,2023-11-20,1015,017963,,1,1,4,5704,0,1,1,,2,010,"I-80 W/B","REED AVE",2218.00,W,N,A,-,Y,YOL,,80," ",R,10.787,H,,L,Y,4,0,1,4,A,-,03,22350,,N,C,C,A,A,D,E,A,D,0,,,,,Y,,A,01,0,0,1,0,0,0,0,0,0,"- ","- ",38.586391448974609,-121.55610656738281,YOLO,"WEST SACRAMENTO",-121.55615234375,38.586406707763672
92247155,2023,2023-12-14,9280,2023-11-22,1725,016144,,3,2,9,5700,0,3,5,,2,002,"WEST ST","ASPEN ST",150.00,N,N,A,-,N,,,,,,,,,,Y,3,0,1,2,A,-,08,22107,,N,D,C,A,A,H,-,D,D,0,,,,,Y,,D,22,0,1,0,0,0,0,0,0,0,"- ","- ",38.693489074707031,-121.78388214111328,YOLO,UNINCORPORATED,,
92247162,2023,2023-11-28,9280,2023-11-22,1740,017874,,3,2,9,5700,0,1,3,,2,034,"STATE ROUTE 16","COUNTY ROAD 82B",4224.00,E,N,A,-,Y,YOL,,16," "," ",24.293,H,,R,Y,3,0,1,2,A,-,08,22107,,N,D,C,A,A,H,-,D,D,0,,,,,Y,,A,01,0,1,0,0,0,0,0,0,0,"- ","- ",38.706871032714844,-122.07266998291016,YOLO,UNINCORPORATED,-122.07266998291016,38.706901550292969
92247193,2023,2023-11-29,9280,2023-11-25,1035,017963,,6,1,4,5704,0,1,1,,2,010,"I-80 W/B","WEST CAPITOL AVE U/C",2.00,N,N,A,-,Y,YOL,,80," ",R,10.166,H,,L,Y,4,0,2,2,A,-,03,22350,,N,C,C,A,A,D,-,A,D,0,,,,,Y,,A,08,0,0,2,0,0,0,0,0,0,"- ","- ",38.578411102294922,-121.56150054931641,YOLO,"WEST SACRAMENTO",-121.56155395507812,38.578433990478516
92250290,2023,2023-12-04,9280,2023-11-21,"150 ",021248,,2,3,9,5700,0,1,3,,2,034,SR-16,"COUNTY ROAD 89",0.00,,Y,A,-,Y,YOL,,16," "," ",31.031,H,,R,N,3,0,1,1,A,-,08,22107,,N,E,I,A,A,H,-,C,A,0,,,,,Y,,A,08,0,1,0,0,0,0,0,0,0,"- ","- ",38.681720733642578,-121.96733856201172,YOLO,UNINCORPORATED,-121.96733093261719,38.681766510009766
92259134,2023,2023-12-11,9280,2023-12-01,"106 ",019094,,5,3,4,5704,0,1,1,,2,010,"I-80 W/B","REED AVE U/C",5280.00,W,N,A,-,Y,YOL,,80," ",R,10.223,H,,L,Y,3,0,1,1,A,-,08,22107,,N,E,8,A,A,H,-,C,D,0,,,,,Y,,A,07,0,1,0,0,0,0,0,0,0,"- ","- ",38.579170227050781,-121.56109619140625,YOLO,"WEST SACRAMENTO",-121.56106567382812,38.579154968261719
9226195,2021,2021-03-24,5704,2021-02-06,1042,06208,,6,5,4,5704,0,0,0,,0,003,"JEFFERSON BL","ARMFIELD AV",0.00,,Y,A,-,N,,,,,,,,,,Y,4,0,1,1,A,-,03,22350,,N,H,A,A,A,H,-,A,D,0,,,Y,,Y,,C,02,0,0,1,0,0,0,0,0,1,"- ","- ",38.507999420166016,-121.57879638671875,YOLO,"WEST SACRAMENTO",-121.57904052734375,38.507949829101562
92262593,2023,2023-12-15,9280,2023-12-08,1435,017983,,5,2,5,5701,0,1,1,,2,010,"I-80 E/B","MACE BLVD",1760.00,W,N,A,-,Y,YOL,,80," "," ",2.336,H,,R,N,4,0,2,2,A,-,03,22350,,N,C,C,A,A,H,-,A,D,0,,,,,Y,,A,07,0,0,2,0,0,0,0,0,0,"- ","- ",38.551498413085938,-121.7005615234375,YOLO,DAVIS,-121.70055389404297,38.551479339599609
92262594,2023,2023-12-15,9280,2023-12-08,1920,017964,,5,2,4,5704,0,1,2,,2,011,"US50 W/B TO JEFFERSON BLVD","SAC CO LINE",1240.00,W,N,G,-,Y,YOL,,50," "," ",2.917,H,,L,N,3,0,2,2,A,-,01,23152,A,N,C,C,A,A,H,-,C,A,0,,,,,Y,Y,A,07,0,1,1,0,0,0,0,0,0,"- ","- ",38.574108123779297,-121.51859283447266,YOLO,"WEST SACRAMENTO",-121.51872253417969,38.574016571044922
9226520,2021,2021-03-08,5704,2021-01-16,0652,06676,,6,5,4,5704,0,0,0,,0,002,"INDUSTRIAL BL","HARBOR BL",0.00,,Y,A,-,N,,,,,,,,,,N,4,0,1,2,A,-,09,21453,B,N,D,C,A,A,H,-,B,A,0,,,,,Y,,A,07,0,0,1,0,0,0,0,0,0,"- ","- ",38.569488525390625,-121.54950714111328,YOLO,"WEST SACRAMENTO",-121.54953765869141,38.569465637207031
92265881,2023,2023-12-19,9280,2023-12-09,"214 ",019094,,6,3,9,5700,0,1,1,,2,020,"INTERSTATE 5 N/B","COUNTY RD 103",370.00,S,N,A,-,Y,YOL,,5," "," ",4.404,H,,R,Y,3,0,1,1,A,-,01,23152,A,N,E,I,A,A,H,-,D,D,0,,,,,Y,Y,A,01,0,1,0,0,0,0,0,0,0,"- ","- ",38.673789978027344,-121.70774841308594,YOLO,UNINCORPORATED,-121.70774841308594,38.673820495605469
9226620,2021,2021-03-08,5704,2021-01-29,0811,06583,,5,5,4,5704,0,0,0,,0,001,"HOBSON AV","KEGLE DR",150.00,W,N,B,-,N,,,,,,,,,,Y,4,0,1,2,A,-,03,22350,,N,C,E,A,B,H,-,A,D,0,,,,,Y,,A,01,0,0,1,0,0,0,0,0,0,"- ","- ",38.592491149902344,-121.52622985839844,YOLO,"WEST SACRAMENTO",-121.52674865722656,38.592559814453125
92266365,2023,2023-12-19,9280,2023-12-16,"820 ",019377,,6,1,4,5704,0,1,2,,2,011,"US-50 WESTBOUND","JEFFERSON BLVD",1116.00,E,N,A,-,Y,YOL,,50," "," ",3.139,H,,L,Y,4,0,1,2,A,-,03,22350,,N,C,C,A,A,H,-,A,D,0,,,,,Y,,D,22,0,0,1,0,0,0,0,0,0,"- ","- ",38.571609497070312,-121.51590728759766,YOLO,"WEST SACRAMENTO",-121.51596069335938,38.571575164794922
92266442,2023,2023-12-19,9280,2023-12-17,2316,021510,,7,3,9,5700,0,3,5,,2,002,"COUNTY ROAD 96","COUNTY ROAD 21",320.00,N,N,B,-,N,,,,,,,,,,Y,4,0,1,2,A,-,08,22107,,N,E,8,A,B,H,-,D,D,0,,,,,Y,,A,01,0,0,1,0,0,0,0,0,0,"- ","- ",38.686061859130859,-121.83952331542969,YOLO,UNINCORPORATED,-121.83953857421875,38.686019897460938
92266459,2023,2023-12-19,9280,2023-12-18,"258 ",022667,,1,3,4,5704,0,1,2,,2,011,"US-50 W/B","SOUTH RIVER ROAD U/C",330.00,W,N,B,C,Y,YOL,,50," "," ",2.852,H,,L,Y,4,0,1,1,A,-,08,22107,,N,E,I,A,B,H,-,D,D,0,,,,,Y,,A,01,0,0,1,0,0,0,0,0,0,"- ","- ",38.574779510498047,-121.51949310302734,YOLO,"WEST SACRAMENTO",-121.51954650878906,38.574741363525391
92266510,2023,2023-12-19,9280,2023-12-18,1515,017874,,1,2,9,5700,0,1,1,,2,030,"INTERSTATE 5 N/B","COUNTY LINE ROAD",1584.00,S,N,C,-,Y,YOL,,5," ",R,28.618,H,,R,Y,3,0,1,2,A,-,03,22350,,N,B,C,A,B,H,-,A,D,0,,,,Y,Y,,G,26,0,1,0,0,0,0,0,0,0,"- ","- ",38.921649932861328,-121.99749755859375,YOLO,UNINCORPORATED,-121.99749755859375,38.921649932861328
92267546,2023,2023-12-20,9280,2023-12-12,2148,015123,,2,2,9,5700,0,1,1,,2,010,"I-80 W/B","ENTERPISE BLVD",5280.00,W,N,A,-,Y,YOL,,80," "," ",7.894,H,,L,Y,4,0,1,2,A,-,03,22350,,N,C,C,A,A,H,-,D,D,0,,,,,Y,,A,01,0,0,1,0,0,0,0,0,0,"- ","- ",38.570350646972656,-121.60080718994141,YOLO,UNINCORPORATED,-121.60079193115234,38.570289611816406
92268214,2023,2023-12-21,9280,2023-12-07,1845,018316,,4,2,9,5700,0,1,1,,2,020,"I-5 S/B","COUNTY ROAD 22",1954.00,N,N,B,-,Y,YOL,,5," "," ",0.534,H,,L,Y,4,0,1,2,A,-,03,22350,,N,C,C,A,B,H,-,C,D,0,,,,,Y,,A,01,0,0,1,0,0,0,0,0,0,"- ","- ",38.673210144042969,-121.63600921630859,YOLO,UNINCORPORATED,-121.63600921630859,38.673202514648438
9227018,2021,2021-03-23,5701,2021-02-24,1815,127,4,3,5,5,5701,0,0,0,,0,002,"B ST","RUSSELL BL",25.00,S,N,A,-,N,,,,,,,,,,N,4,0,1,2,A,-,03,22350,,N,C,C,A,A,H,-,C,A,0,,,,,Y,,A,01,0,0,1,0,0,0,0,0,0,"- ","- ",38.546421051025391,-121.74540710449219,YOLO,DAVIS,-121.74539947509766,38.546283721923828
92270832,2023,2023-12-26,9280,2023-12-18,1515,017983,,1,2,9,5700,0,1,1,,2,010,"I-80 W/B","CHILES RD",1000.00,E,N,C,-,Y,YOL,,80," "," ",5.986,H,,L,N,4,0,1,2,A,-,08,22107,,N,B,C,A,B,D,E,A,D,0,,,,Y,Y,,G,27,0,0,1,0,0,0,0,0,0,"- ","- ",38.564121246337891,-121.6351318359375,YOLO,UNINCORPORATED,-121.63513946533203,38.564144134521484
92270956,2023,2023-12-26,9280,2023-12-15,1755,018316,,5,2,4,5704,0,1,2,,2,011,"US-50 E/B","SAC-YOL COUNTY LINE",1005.00,W,N,A,-,Y,YOL,,50," "," ",2.957,H,,R,Y,4,0,1,2,A,-,03,22350,,N,C,C,A,A,H,-,C,D,0,,,,,Y,,A,01,0,0,1,0,0,0,0,0,0,"- ","- ",38.573348999023438,-121.51846313476562,YOLO,"WEST SACRAMENTO",-121.51845550537109,38.573356628417969
92271435,2023,2023-12-26,9280,2023-12-14,1420,017964,,4,2,9,5700,0,1,1,,2,020,"I-5 N/B","COUNTY ROAD 99",2550.00,N,N,A,-,Y,YOL,,5," ",R,9.906,H,,R,Y,3,0,1,1,A,-,08,22107,,F,E,8,A,A,H,-,A,A,0,,,,,Y,,A,01,0,1,0,0,0,0,0,0,0,"- ","- ",38.708778381347656,-121.78968811035156,YOLO,UNINCORPORATED,-121.78970336914062,38.708770751953125
9227149,2020,2021-03-15,5704,2020-12-11,2008,06213,,5,5,4,5704,0,0,0,,0,003,"JEFFERSON BL","LINDEN RD",155.00,S,N,C,-,N,,,,,,,,,,Y,4,0,2,2,A,-,08,22107,,N,D,C,A,B,H,-,C,A,0,,,,,Y,,A,01,0,0,2,0,0,0,0,0,0,"- ","- ",38.550178527832031,-121.53964996337891,YOLO,"WEST SACRAMENTO",-121.55001068115234,38.539081573486328
9227150,2020,2021-03-16,5704,2020-12-24,1223,06093,,4,5,4,5704,0,0,0,,0,002,"JEFFERSON BL","PARK BL",0.00,,Y,A,-,N,,,,,,,,,,Y,4,0,1,2,A,-,03,22350,,F,C,C,A,A,H,-,A,A,0,,,,,Y,,A,01,0,0,1,0,0,0,0,0,0,"- ","- ",38.576229095458984,-121.52481079101562,YOLO,"WEST SACRAMENTO",-121.52484130859375,38.576240539550781
9227350,2021,2021-03-24,5703,2021-01-25,1239,2137,35,1,5,4,5703,0,0,0,,0,004,"EAST GIBSON RD","MATMOR RD",0.00,,Y,A,-,N,,,,,,,,,,,4,0,1,2,A,-,04,21703,,N,C,C,A,A,H,-,A,D,0,,,,,Y,,D,22,0,0,1,0,0,0,0,0,0,"- ","- ",38.662799835205078,-121.7564697265625,YOLO,WOODLAND,-121.7564697265625,38.662776947021484
92273691,2023,2023-12-28,9280,2023-12-21,1550,018316,,4,2,9,5700,0,1,1,,2,010,"I-80 W/B","CHILES RD.",550.00,E,N,A,-,Y,YOL,,80," "," ",5.901,H,,L,Y,4,0,1,2,A,-,03,22350,,N,C,C,A,A,E,-,A,D,0,,,,,Y,,D,22,0,0,1,0,0,0,0,0,0,"- ","- ",38.563888549804688,-121.63668823242188,YOLO,UNINCORPORATED,-121.63668823242188,38.563873291015625
92273741,2023,2023-12-28,9280,2023-12-27,"620 ",017963,,3,1,4,5704,0,1,1,,2,010,"I-80 W/B","REED AVE",422.00,E,N,B,-,Y,YOL,,80," ",R,11.314,H,,L,Y,3,0,1,1,A,-,08,22107,,N,E,I,A,A,D,-,D,D,0,,,,,Y,,A,07,0,1,0,0,0,0,0,0,0,"- ","- ",38.5931396484375,-121.55152893066406,YOLO,"WEST SACRAMENTO",-121.55159759521484,38.593166351318359
92276843,2023,2024-01-02,9280,2023-12-15,1955,017983,,5,2,4,5703,0,1,1,,2,020,"I-5 S/B","COUNTY ROAD 102",1963.00,S,N,A,-,Y,YOL,,5," "," ",5.152,H,,L,Y,3,0,2,6,A,-,03,22350,,N,C,C,A,A,H,-,C,D,0,,,,Y,Y,,G,27,0,2,0,0,0,0,0,0,0,"- ","- ",38.673610687255859,-121.72154235839844,YOLO,WOODLAND,-121.72154235839844,38.673637390136719
92277066,2023,2024-01-02,9280,2023-12-27,1710,018316,,3,2,4,5704,0,1,2,,2,011,"US-50 W/B","JEFFERSON BLVD.",1095.00,E,N,C,-,Y,YOL,,50," "," ",2.713,H,,L,Y,4,0,2,1,A,-,08,22107,,N,E,I,A,B,H,-,C,D,0,,,,,Y,,D,22,0,0,2,0,0,0,0,0,0,"- ","- ",38.576148986816406,-121.52140808105469,YOLO,"WEST SACRAMENTO",-121.52137756347656,38.576179504394531
92277739,2023,2024-01-03,9280,2023-12-29,2020,017983,,5,2,9,5700,0,1,3,,2,034,SR-16,"COUNTY ROAD 82B",4488.00,E,N,B,C,Y,YOL,,16," "," ",24.404,H,,R,Y,3,0,5,2,A,-,05,21650,,N,A,C,A,B,H,-,D,D,0,,,,,Y,,A,01,0,5,0,0,0,0,0,0,0,"- ","- ",38.706890106201172,-122.07061004638672,YOLO,UNINCORPORATED,-122.07061004638672,38.706882476806641
92277746,2023,2024-01-03,9280,2023-12-29,2305,022326,,5,3,4,5704,0,1,2,,2,011,"US-50 W/B","SOUTH RIVER RD",70.00,W,N,C,-,Y,YOL,,50," "," ",2.901,H,,L,Y,3,0,1,1,A,-,03,22350,,N,E,8,A,B,F,-,C,D,0,,,,,Y,,A,07,0,1,0,0,0,0,0,0,0,"- ","- ",38.574150085449219,-121.51898956298828,YOLO,"WEST SACRAMENTO",-121.51892852783203,38.574195861816406
92281722,2023,2024-01-08,9280,2023-11-09,1743,019377,,4,2,5,5701,0,1,1,,2,010,"I-80 W/B","MACE BLVD",2152.00,W,N,B,-,Y,YOL,,80," "," ",2.227,H,,L,N,1,1,0,3,A,-,11,21954,A,N,G,B,E,A,H,-,D,B,0,Y,,,,Y,,N,60,0,0,0,1,0,0,0,0,0,"- ","- ",38.551250457763672,-121.70246124267578,YOLO,DAVIS,-121.70247650146484,38.551288604736328
92282653,2024,2024-09-09,9280,2024-01-03,2130,018316,,3,2,4,5704,0,1,2,,2,011,"US-50 W/B","JEFFERSON BLVD.",1060.00,E,N,C,-,Y,YOL,,50," "," ",2.706,H,,L,Y,4,0,1,1,A,-,08,22107,,N,E,8,A,B,H,-,C,D,0,,,,,Y,,A,07,0,0,1,0,0,0,0,0,0,"- ","- ",38.576290130615234,-121.52146148681641,YOLO,"WEST SACRAMENTO",-121.52149200439453,38.576248168945312
92285029,2024,2024-01-11,9280,2024-01-05,1745,019377,,5,2,4,5703,0,1,1,,2,020,"I-5 S/B",CR-102,768.00,S,N,B,-,Y,YOL,,5," "," ",5.378,H,,L,Y,4,0,2,2,A,-,08,22107,,N,D,C,A,B,H,-,C,D,0,,,,,Y,,A,08,0,0,2,0,0,0,0,0,0,"- ","- ",38.673648834228516,-121.72572326660156,YOLO,WOODLAND,-121.72572326660156,38.673656463623047
92285951,2024,2024-01-12,9280,2024-01-08,1225,021248,,1,1,4,5704,0,1,1,,2,010,"I-80 W/B","ENTERPRISE BLVD",1056.00,E,N,A,-,Y,YOL,,80," "," ",9.396,H,,L,Y,3,0,1,2,A,-,03,22350,,N,C,C,A,A,H,-,A,D,0,,,,Y,Y,,A,01,0,1,0,0,0,0,0,0,0,"- ","- ",38.574951171875,-121.57392883300781,YOLO,"WEST SACRAMENTO",-121.57392883300781,38.574932098388672
92289265,2024,2024-01-17,9280,2024-01-08,2200,022326,,1,3,4,5704,0,1,2,,2,011,"US-50 E/B","HARBOR BLVD",1550.00,E,N,B,-,Y,YOL,,50," "," ",1.512,H,,R,Y,4,0,2,3,A,-,08,22107,,N,C,C,A,B,F,-,C,A,0,,,,,Y,,A,01,0,0,2,0,0,0,0,0,0,"- ","- ",38.574920654296875,-121.54297637939453,YOLO,"WEST SACRAMENTO",-121.54297637939453,38.574932098388672
92291559,2024,2024-01-19,9280,2024-01-16,"545 ",016042,,2,3,9,5700,0,1,1,,2,010,"I-80 W/B","CHILES RD",5280.00,E,N,B,-,Y,YOL,,80," "," ",6.836,H,,L,Y,4,0,1,4,A,-,03,22350,,M,C,C,A,B,D,-,D,D,0,,,,,Y,,D,22,0,0,1,0,0,0,0,0,0,"- ","- ",38.566879272460938,-121.61984252929688,YOLO,UNINCORPORATED,-121.61984252929688,38.566883087158203