CASE_ID,ACCIDENT_YEAR,PROC_DATE,JURIS,COLLISION_DATE,COLLISION_TIME,OFFICER_ID,REPORTING_DISTRICT,DAY_OF_WEEK,CHP_SHIFT,POPULATION,CNTY_CITY_LOC,SPECIAL_COND,BEAT_TYPE,CHP_BEAT_TYPE,CITY_DIVISION_LAPD,CHP_BEAT_CLASS,BEAT_NUMBER,PRIMARY_RD,SECONDARY_RD,DISTANCE,DIRECTION,INTERSECTION,WEATHER_1,WEATHER_2,STATE_HWY_IND,CALTRANS_COUNTY,CALTRANS_DISTRICT,STATE_ROUTE,ROUTE_SUFFIX,POSTMILE_PREFIX,POSTMILE,LOCATION_TYPE,RAMP_INTERSECTION,SIDE_OF_HWY,TOW_AWAY,COLLISION_SEVERITY,NUMBER_KILLED,NUMBER_INJURED,PARTY_COUNT,PRIMARY_COLL_FACTOR,PCF_CODE_OF_VIOL,PCF_VIOL_CATEGORY,PCF_VIOLATION,PCF_VIOL_SUBSECTION,HIT_AND_RUN,TYPE_OF_COLLISION,MVIW,PED_ACTION,ROAD_SURFACE,ROAD_COND_1,ROAD_COND_2,LIGHTING,CONTROL_DEVICE,CHP_ROAD_TYPE,PEDESTRIAN_ACCIDENT,BICYCLE_ACCIDENT,MOTORCYCLE_ACCIDENT,TRUCK_ACCIDENT,NOT_PRIVATE_PROPERTY,ALCOHOL_INVOLVED,STWD_VEHTYPE_AT_FAULT,CHP_VEHTYPE_AT_FAULT,COUNT_SEVERE_INJ,COUNT_VISIBLE_INJ,COUNT_COMPLAINT_PAIN,COUNT_PED_KILLED,COUNT_PED_INJURED,COUNT_BICYCLIST_KILLED,COUNT_BICYCLIST_INJURED,COUNT_MC_KILLED,COUNT_MC_INJURED,PRIMARY_RAMP,SECONDARY_RAMP,LATITUDE,LONGITUDE,COUNTY,CITY,POINT_X,POINT_Y
9346499,2021,2021-11-06,5701,2021-09-19,0135,120,5,7,5,5,5701,0,0,0,,0,002,"EAST COVELL BL","POLE LINE RD",580.00,W,N,A,-,N,,,,,,,,,,Y,4,0,1,1,A,-,01,23152,A,N,E,I,A,A,H,-,C,D,0,,,,,Y,,A,01,0,0,1,0,0,0,0,0,0,"- ","- ",38.561111450195312,-121.73532867431641,YOLO,DAVIS,-121.73298645019531,38.561958312988281
9350877,2021,2021-11-10,5701,2021-10-20,1341,40,6,3,5,5,5701,0,0,0,,0,003,"POLE LINE RD","EAST 8TH ST",0.00,,Y,B,-,N,,,,,,,,,,Y,3,0,1,3,A,-,12,21453,A,N,D,C,A,A,H,-,A,A,0,,,,,Y,,D,82,0,1,0,0,0,0,0,0,0,"- ","- ",38.553371429443359,-121.72737121582031,YOLO,DAVIS,-121.72732543945312,38.553371429443359
9351628,2021,2021-11-13,5701,2021-09-28,1823,238,6,2,5,5,5701,0,0,0,,0,003,"EAST COVELL BL","BIRCH LN",20.00,E,N,A,-,N,,,,,,,,,,N,3,0,1,2,A,-,12,21453,A,N,H,G,A,A,H,-,B,A,0,,Y,,,Y,,A,01,0,1,0,0,0,0,1,0,0,"- ","- ",38.562641143798828,-121.72801208496094,YOLO,DAVIS,-121.72797393798828,38.562652587890625
9351632,2021,2021-11-13,5701,2021-09-23,1809,234,2,4,5,5,5701,0,0,0,,0,001,"SYCAMORE LN","HAWTHORN LN",100.00,S,N,A,-,N,,,,,,,,,,N,3,0,1,2,A,-,08,22107,,N,H,A,A,A,H,-,A,D,0,,Y,Y,,Y,,L,04,0,1,0,0,0,0,0,0,1,"- ","- ",38.546279907226562,-121.76181030273438,YOLO,DAVIS,-121.76212310791016,38.548187255859375
9355602,2021,2021-10-29,5704,2021-10-07,1209,06017,,4,5,4,5704,0,0,0,,0,002,"WEST CAPITOL AV","JEFFERSON BL",164.00,W,N,A,-,N,,,,,,,,,,Y,2,0,1,1,A,-,08,22107,,N,E,I,A,A,H,-,A,D,0,,,,,Y,,A,07,1,0,0,0,0,0,0,0,0,"- ","- ",38.580661773681641,-121.52651977539062,YOLO,"WEST SACRAMENTO",-121.52721405029297,38.580654144287109
9356329,2021,2021-11-06,5704,2021-10-09,1601,06062,,6,5,4,5704,0,0,0,,0,003,"JEFFERSON BL","STONE BL",807.00,S,N,A,-,N,,,,,,,,,,N,4,0,1,2,A,-,01,23152,B,N,C,C,A,A,H,-,A,A,0,,,,,Y,Y,A,01,0,0,1,0,0,0,0,0,0,"- ","- ",38.5631103515625,-121.52770233154297,YOLO,"WEST SACRAMENTO",-121.52893829345703,38.561031341552734
9356330,2021,2021-11-06,5704,2021-10-17,1350,06011,,7,5,4,5704,0,0,0,,0,001,"REED AV","STILLWATER RD",544.00,E,N,A,-,N,,,,,,,,,,N,4,0,1,2,A,-,03,22350,,N,C,C,A,A,H,-,A,A,0,,,,,Y,,A,01,0,0,1,0,0,0,0,0,0,"- ","- ",38.592128753662109,-121.55536651611328,YOLO,"WEST SACRAMENTO",-121.55356597900391,38.592006683349609
9356417,2021,2021-11-10,5704,2021-10-16,1729,06062,,6,5,4,5704,0,0,0,,0,003,"CARDINAL CT","AUDUBON DR",168.00,S,N,A,-,N,,,,,,,,,,N,3,0,1,1,A,-,03,22350,,N,E,J,A,A,H,-,A,D,0,,,Y,,Y,,C,02,0,1,0,0,0,0,0,0,1,"- ","- ",38.542789459228516,-121.57465362548828,YOLO,"WEST SACRAMENTO",-121.57456970214844,38.542339324951172
9356475,2021,2021-11-02,5704,2021-09-28,1937,06208,,2,5,4,5704,0,0,0,,0,001,"5TH ST","F ST",0.00,,Y,A,-,N,,,,,,,,,,Y,4,0,4,2,A,-,09,21802,A,N,D,C,A,A,H,-,C,D,0,,,,,Y,,A,01,0,0,4,0,0,0,0,0,0,"- ","- ",38.584918975830078,-121.51351928710938,YOLO,"WEST SACRAMENTO",-121.5135498046875,38.584880828857422
93577678,2024,2024-08-05,9280,2024-07-29,1700,015128,,1,2,9,5700,0,1,1,,2,030,"I-5 S/B",CR-2,46.00,N,N,A,-,Y,YOL,,5," ",R,27.787,H,,L,Y,3,0,2,2,C,-,18,,,N,E,J,A,A,H,-,A,D,0,,,,Y,Y,,-,"- ",0,2,0,0,0,0,0,0,0,"- ","- ",38.910900115966797,-121.99079132080078,YOLO,UNINCORPORATED,-121.99078369140625,38.910900115966797
93589294,2024,2024-08-05,9280,2024-08-01,2006,022215,,4,2,9,5700,0,3,5,,2,003,"COUNTY ROAD 31","COUNTY ROAD 95",6072.00,W,N,A,-,Y,,,,,,,,,,Y,4,0,1,1,A,-,08,22107,,N,E,I,A,A,H,-,B,D,0,,,,,Y,,A,01,0,0,1,0,0,0,0,0,0,"- ","- ",38.561641693115234,-121.88005828857422,YOLO,UNINCORPORATED,-121.88008117675781,38.561614990234375
9360256,2021,2021-11-19,5701,2021-10-10,1525,229,6,7,5,5,5701,0,0,0,,0,003,"E 8TH ST","POLE LINE RD",12.00,W,N,A,-,N,,,,,,,,,,N,4,0,2,2,A,-,03,22350,,N,D,C,A,A,B,D,A,A,0,,,,,Y,,A,01,0,0,2,0,0,0,0,0,0,"- ","- ",38.553371429443359,-121.72737121582031,YOLO,DAVIS,-121.72736358642578,38.553367614746094
9360531,2021,2021-12-09,5701,2021-10-11,0942,112,4,1,5,5,5701,0,0,0,,0,002,"E 8TH ST","B ST",0.00,,Y,A,G,N,,,,,,,,,,N,3,0,1,2,A,-,12,21453,A,N,D,C,A,A,H,-,A,A,0,,,,,Y,,-,,0,1,0,0,0,0,0,0,0,"- ","- ",38.550678253173828,-121.74635314941406,YOLO,DAVIS,-121.74636077880859,38.550670623779297
9360532,2021,2021-12-09,5701,2021-10-22,1525,229,8,5,5,5,5701,0,0,0,,0,004,"DREW CIR","COWELL BL",18.00,S,N,A,-,N,,,,,,,,,,N,3,0,1,2,A,-,08,22107,,N,D,C,A,A,H,-,A,A,0,,,,,Y,,-,,0,1,0,0,0,0,0,0,0,"- ","- ",38.539890289306641,-121.72711181640625,YOLO,DAVIS,-121.72714233398438,38.539840698242188
9361404,2021,2021-12-09,5704,2021-10-29,1629,06062,,5,5,4,5704,0,0,0,,0,002,"HARBOR BL","WEST CAPITOL AV",331.00,N,N,A,-,N,,,,,,,,,,Y,3,0,1,2,A,-,03,22350,,N,C,C,A,A,H,-,A,D,0,,,,,Y,,A,01,0,1,0,0,0,0,0,0,0,"- ","- ",38.579269409179688,-121.54869842529297,YOLO,"WEST SACRAMENTO",-121.54874420166016,38.580127716064453
9361416,2021,2021-12-03,5704,2021-10-22,1423,06698,,5,5,4,5704,0,0,0,,0,001,"SACRAMENTO AV","BRYTE AV",0.00,,Y,A,-,N,,,,,,,,,,N,4,0,1,3,A,-,03,22350,,N,C,C,A,A,H,-,A,A,0,,,,Y,Y,,G,25,0,0,1,0,0,0,0,0,0,"- ","- ",38.590599060058594,-121.53661346435547,YOLO,"WEST SACRAMENTO",-121.53666687011719,38.590560913085938
9361824,2021,2021-12-14,5704,2021-10-22,2002,06675,,5,5,4,5704,0,0,0,,0,003,"V ILLAGE PKWY","STONEGATE DR",0.00,,Y,A,-,N,,,,,,,,,,Y,3,0,1,1,A,-,03,22350,,N,E,I,A,A,H,-,C,D,0,,,Y,,Y,,C,02,0,1,0,0,0,0,0,0,1,"- ","- ",38.564449310302734,-121.52162170410156,YOLO,"WEST SACRAMENTO",-121.52181243896484,38.554527282714844
9361825,2021,2021-12-14,5704,2021-10-30,1843,06672,,6,5,4,5704,0,0,0,,0,003,"VILLAGE PKWY","CHICORY LOOP W",1584.00,S,N,A,-,N,,,,,,,,,,N,3,0,1,1,A,-,05,21650,,N,H,A,A,A,H,-,D,D,0,,,Y,,Y,,C,02,0,1,0,0,0,0,0,0,1,"- ","- ",38.545459747314453,-121.52928161621094,YOLO,"WEST SACRAMENTO",-121.53294372558594,38.532146453857422
9361972,2021,2021-11-24,5703,2021-11-07,0711,2012,91,7,5,4,5703,0,0,0,,0,004,"EAST MAIN ST","COUNTY ROAD 102",0.00,,Y,A,-,N,,,,,,,,,,Y,4,0,1,2,A,-,09,21453,B,N,B,C,A,A,H,-,A,A,0,,,,,Y,,D,72,0,0,1,0,0,0,0,0,0,"- ","- ",38.677181243896484,-121.72853851318359,YOLO,WOODLAND,-121.72850036621094,38.677078247070312
9362071,2021,2021-12-29,5704,2021-11-01,1258,06675,,1,5,4,5704,0,0,0,,0,002,"DEL MONTE ST","SHORE ST",457.00,E,N,C,-,N,,,,,,,,,,Y,3,0,1,2,A,-,09,21804,A,N,D,C,A,B,H,-,A,D,0,,,,,Y,,A,01,0,1,0,0,0,0,0,0,0,"- ","- ",38.569000244140625,-121.54599761962891,YOLO,"WEST SACRAMENTO",-121.54463195800781,38.569820404052734
9362072,2021,2021-12-29,5704,2021-11-07,1313,06675,,7,5,4,5704,0,0,0,,0,002,"JEFFERSON BL","PARK BL",0.00,,Y,A,-,N,,,,,,,,,,Y,3,0,4,2,A,-,01,23152,B,N,D,C,A,A,H,-,A,A,0,,,,,Y,Y,A,01,0,2,2,0,0,0,0,0,0,"- ","- ",38.576229095458984,-121.52481079101562,YOLO,"WEST SACRAMENTO",-121.52484130859375,38.576240539550781
9362348,2021,2021-11-30,5701,2021-10-28,1200,239,4,4,5,5,5701,0,0,0,,0,002,"F ST","3RD ST",177.00,S,N,A,-,N,,,,,,,,,,N,3,0,1,2,A,-,10,21950,A,F,G,B,C,A,H,-,A,D,0,Y,,,,Y,,A,01,0,1,0,0,1,0,0,0,0,"- ","- ",38.543941497802734,-121.73977661132812,YOLO,DAVIS,-121.74018859863281,38.544265747070312
9362462,2021,2021-12-16,5701,2021-11-02,1713,235,3,2,5,5,5701,0,0,0,,0,001,"RUSSELL BL","CALIFORNIA AV",5.00,W,N,A,-,N,,,,,,,,,,N,3,0,1,2,A,-,10,21950,A,N,G,B,C,A,H,-,A,A,0,Y,,,,Y,,D,22,0,1,0,0,1,0,0,0,0,"- ","- ",38.546298980712891,-121.7540283203125,YOLO,DAVIS,-121.75405120849609,38.546188354492188
9362694,2021,2021-12-23,5701,2021-11-01,1217,225,4,1,5,5,5701,0,0,0,,0,002,"F ST","E 8TH ST",137.00,N,N,B,C,N,,,,,,,,,,Y,3,0,1,2,A,-,09,21804,A,N,D,C,A,B,H,-,A,D,0,,,,,Y,,D,22,0,1,0,0,0,0,0,0,0,"- ","- ",38.551399230957031,-121.74201202392578,YOLO,DAVIS,-121.74214935302734,38.551753997802734
9365030,2021,2021-12-29,5704,2021-11-29,1236,06675,,1,5,4,5704,0,0,0,,0,002,"JEFFERSON BL","PARK BL",0.00,,Y,A,-,N,,,,,,,,,,Y,4,0,2,2,A,-,12,21453,A,N,D,C,A,A,H,-,A,A,0,,,,,Y,,A,01,0,0,2,0,0,0,0,0,0,"- ","- ",38.576229095458984,-121.52481079101562,YOLO,"WEST SACRAMENTO",-121.52484130859375,38.576240539550781
9366447,2021,2021-11-19,5701,2021-10-26,1919,234,1,2,5,5,5701,0,0,0,,0,001,"RT 113","RUSSELL BL",32.00,S,N,A,-,N,,,113,,,,,,,N,2,0,1,2,A,-,08,22107,,N,H,G,A,A,H,-,C,A,0,,Y,,,Y,,A,01,1,0,0,0,0,0,1,0,0,SO,"- ",38.546218872070312,-121.76799774169922,YOLO,DAVIS,-121.7679443359375,38.546215057373047
9367067,2021,2021-11-17,5704,2021-10-14,1813,06153,,4,5,4,5704,0,0,0,,0,002,"W CAPTIOL AV","POPLAR AV",10.00,E,N,A,-,N,,,,,,,,,,Y,3,0,2,3,A,-,01,23152,A,N,C,C,A,A,H,-,B,A,0,,,,,Y,,A,01,0,2,0,0,0,0,0,0,0,"- ","- ",38.580089569091797,-121.53389739990234,YOLO,"WEST SACRAMENTO",-121.53394317626953,38.580070495605469
9367911,2021,2021-12-08,5701,2021-10-10,1720,231,3,7,5,5,5701,0,0,0,,0,001,"WEST COVELL BL","OAK AV",170.00,E,N,A,-,N,,,,,,,,,,Y,3,0,1,1,A,-,03,22350,,N,H,A,A,A,A,B,B,D,0,,,Y,,Y,,C,02,0,1,0,0,0,0,0,0,1,"- ","- ",38.560840606689453,-121.75042724609375,YOLO,DAVIS,-121.75164794921875,38.560745239257812
9368420,2021,2021-12-30,5703,2021-11-20,1057,2070,59,6,5,4,5703,0,0,0,,0,004,"SIMPSON ST","BANKS DR",175.00,N,N,A,-,N,,,,,,,,,,Y,4,0,2,2,A,-,21,22106,,N,D,C,A,A,H,-,A,D,0,,,,,Y,,A,07,0,0,2,0,0,0,0,0,0,"- ","- ",38.643119812011719,-121.74263000488281,YOLO,WOODLAND,-121.74276733398438,38.643459320068359
9372548,2021,2021-12-20,5701,2021-11-13,1400,231,4,6,5,5,5701,0,0,0,,0,002,"H ST","3RD ST",49.00,S,N,A,-,N,,,,,,,,,,N,3,0,1,2,A,-,11,21954,A,N,G,B,D,A,H,-,A,D,0,Y,,,,Y,,N,60,0,1,0,0,1,0,0,0,0,"- ","- ",38.545070648193359,-121.73828887939453,YOLO,DAVIS,-121.73827362060547,38.544960021972656
9372549,2021,2021-12-20,5701,2021-11-22,1120,229,2,1,5,5,5701,0,0,0,,0,001,"DRAKE DR","SYCAMORE LN",13.00,E,N,A,-,N,,,,,,,,,,N,3,0,2,3,A,-,10,21950,A,N,G,B,B,A,H,-,A,D,0,Y,,,,Y,,A,01,0,1,1,0,2,0,0,0,0,"- ","- ",38.559181213378906,-121.76409912109375,YOLO,DAVIS,-121.76409149169922,38.559200286865234
9373181,2021,2021-12-13,5703,2021-11-04,1525,2891,15,4,5,4,5703,0,0,0,,0,004,"EAST GIBSON RD","MATMOR RD",0.00,,Y,A,-,N,,,,,,,,,,N,4,0,1,2,A,-,11,21950,B,M,G,B,B,A,H,-,A,B,0,Y,,,,Y,,N,60,0,0,1,0,1,0,0,0,0,"- ","- ",38.662799835205078,-121.7564697265625,YOLO,WOODLAND,-121.7564697265625,38.662776947021484
9374423,2021,2022-01-11,5703,2021-12-03,1804,2073,85,5,5,4,5703,0,0,0,,0,001,"COUNTY ROAD 102","EAST KENTUCKY AV",0.00,,Y,A,-,N,,,,,,,,,,Y,4,0,1,2,A,-,03,22350,,N,C,C,A,A,H,-,C,D,0,,,,,Y,,A,07,0,0,1,0,0,0,0,0,0,"- ","- ",38.691768646240234,-121.72837829589844,YOLO,WOODLAND,-121.72830200195312,38.691703796386719
9374586,2021,2021-12-16,5701,2021-11-14,1705,231,4,7,5,5,5701,0,0,0,,0,002,"W 8TH ST","EUREKA AV",0.00,,Y,A,-,N,,,,,,,,,,N,3,0,1,2,A,-,09,21801,A,N,H,G,A,A,H,-,D,A,0,,Y,,,Y,,L,04,0,1,0,0,0,0,1,0,0,"- ","- ",38.550689697265625,-121.7501220703125,YOLO,DAVIS,-121.75022888183594,38.550708770751953
9376388,2021,2022-01-06,5701,2021-12-01,0859,238,4,3,5,5,5701,0,0,0,,0,002,"L ST","3RD ST",0.00,,Y,E,-,N,,,,,,,,,,N,2,0,1,2,A,-,09,21801,A,N,H,G,A,B,H,-,A,A,0,,Y,,,Y,,A,01,1,0,0,0,0,0,1,0,0,"- ","- ",38.545890808105469,-121.73371887207031,YOLO,DAVIS,-121.73374176025391,38.545902252197266
93768081,2024,2024-08-07,9280,2024-07-27,"156 ",021248,,6,3,9,5700,0,1,1,,2,010,"I-80 W/B","COUNTY ROAD 32A",7920.00,E,N,A,-,Y,YOL,,80," "," ",7.369,H,,L,Y,3,0,2,2,A,-,01,23152,A,N,C,C,A,A,H,-,D,D,0,,,,,Y,Y,A,01,0,2,0,0,0,0,0,0,0,"- ","- ",38.568599700927734,-121.61028289794922,YOLO,UNINCORPORATED,-121.61027526855469,38.568592071533203
9376895,2021,2021-12-14,5701,2021-10-29,1415,1084,UCD,5,5,5,5701,0,0,0,,0,,"HUTCHISON DR","HUTCHISON PL",0.00,,Y,A,-,N,,,,,,,,,,N,4,0,1,2,A,-,09,21803,A,M,D,G,A,A,H,-,A,A,0,,Y,,,Y,,-,99,0,0,1,0,0,0,1,0,0,"- ","- ",,,YOLO,DAVIS,-121.77144622802734,38.539199829101562
9378317,2021,2022-01-19,5704,2021-12-29,1544,06698,,3,5,4,5704,0,0,0,,0,002,"ENTERPRISE BL","LAKE RD",0.00,,Y,C,-,N,,,,,,,,,,Y,4,0,1,2,A,-,12,21453,A,N,D,C,A,B,H,-,A,A,0,,,,,Y,,A,01,0,0,1,0,0,0,0,0,0,"- ","- ",38.572158813476562,-121.57830047607422,YOLO,"WEST SACRAMENTO",-121.57833862304688,38.572189331054688
9380287,2021,2022-01-26,5703,2021-12-23,0946,2891,72,4,5,4,5703,0,0,0,,0,003,"COUNTY RD 98","W CROSS ST",458.00,N,N,B,C,N,,,,,,,,,,Y,3,0,1,1,C,-,18,,,N,E,I,A,B,H,-,A,D,0,,,,,Y,,-,"- ",0,1,0,0,0,0,0,0,0,"- ","- ",,,YOLO,WOODLAND,-121.80258941650391,38.673587799072266
9380932,2021,2022-01-28,5703,2021-12-21,1716,2631,42,2,5,4,5703,0,0,0,,0,002,"COLLEGE ST","COURT ST",0.00,,Y,C,-,N,,,,,,,,,,N,2,0,1,2,A,-,12,21453,A,N,D,G,A,B,H,-,C,A,0,,Y,,Y,Y,,L,04,1,0,0,0,0,0,1,0,0,"- ","- ",38.678779602050781,-121.77469635009766,YOLO,WOODLAND,-121.77469635009766,38.678760528564453
9381810,2022,2022-01-24,5701,2022-01-08,1457,1047,UCD,6,5,5,5701,0,0,0,,0,5797,"TILIA ST","CELADON ST",153.00,W,N,A,-,N,,,,,,,,,,N,3,0,1,2,A,-,17,21461,A,N,D,G,A,A,H,-,A,A,0,,Y,,,Y,,L,04,0,1,0,0,0,0,1,0,0,"- ","- ",,,YOLO,DAVIS,-121.77399444580078,38.542106628417969
9381815,2022,2022-01-24,5703,2022-01-07,2016,2144,11,5,5,4,5703,0,0,0,,0,001,"MATMOR RD","EAST OAK AV",25.00,S,N,A,-,N,,,,,,,,,,,4,0,1,2,A,-,01,23152,A,N,C,C,A,A,H,-,C,D,0,,,,,Y,Y,A,08,0,0,1,0,0,0,0,0,0,"- ","- ",38.673728942871094,-121.75617218017578,YOLO,WOODLAND,-121.75628662109375,38.673629760742188
9384355,2021,2022-01-11,5704,2021-12-02,2056,06672,,4,5,4,5704,0,0,0,,0,003,"RAMCO ST","SOUTHPORT PKWY",200.00,S,N,-,-,N,,,,,,,,,,Y,4,0,1,1,A,-,05,21650,,N,E,J,A,A,H,-,C,D,0,,,,,Y,,A,01,0,0,1,0,0,0,0,0,0,"- ","- ",38.555309295654297,-121.56334686279297,YOLO,"WEST SACRAMENTO",-121.56314849853516,38.554946899414062
9384623,2021,2022-01-24,5703,2021-12-16,1338,2891,,4,5,4,5703,0,0,0,,0,002,"N WALNUT ST","KENTUCKY AV",271.00,S,N,A,-,N,,,,,,,,,,Y,4,0,1,2,A,-,08,22107,,N,D,C,A,A,H,-,A,D,0,,,,,Y,,A,01,0,0,1,0,0,0,0,0,0,"- ","- ",,,YOLO,WOODLAND,-121.77784729003906,38.691226959228516
9384777,2021,2021-12-30,5704,2021-11-30,0635,06675,,2,5,4,5704,0,0,0,,0,002,"HARBOR BL","DULUTH ST",545.00,S,N,C,-,N,,,,,,,,,,N,4,0,2,2,A,-,09,21801,A,N,A,C,A,B,H,-,B,D,0,,,,,Y,,D,22,0,0,2,0,0,0,0,0,0,"- ","- ",38.585018157958984,-121.54714965820312,YOLO,"WEST SACRAMENTO",-121.54762268066406,38.583538055419922
9385747,2021,2022-01-18,5703,2021-12-14,1843,2816,62,2,5,4,5703,0,0,0,,0,002,"CALIFORNIA ST","W COURT ST",0.00,,Y,A,-,N,,,,,,,,,,N,4,0,1,2,A,-,10,21950,A,N,G,B,B,A,H,-,C,A,0,Y,,,,Y,,D,22,0,0,1,0,1,0,0,0,0,"- ","- ",38.678909301757812,-121.78867340087891,YOLO,WOODLAND,-121.78861236572266,38.678886413574219
9386707,2021,2022-01-12,5704,2021-12-28,1155,00165,,2,5,4,5704,0,0,0,,0,002,EVERGREEN,"HARBOR BL",200.00,E,N,B,-,N,,,,,,,,,,N,4,0,2,2,A,-,09,21804,A,N,D,C,A,A,H,-,A,D,0,,,,,Y,,A,01,0,0,2,0,0,0,0,0,0,"- ","- ",38.576961517333984,-121.54866027832031,YOLO,"WEST SACRAMENTO",-121.54801177978516,38.576942443847656
9386709,2021,2022-01-12,5704,2021-12-02,2230,06012,,4,5,4,5704,0,0,0,,0,002,"HARBOR BL","BEACON BL",0.00,,Y,A,-,N,,,,,,,,,,N,3,0,1,1,A,-,08,22107,,N,E,I,A,A,H,-,C,D,0,,,,,Y,,A,01,0,1,0,0,0,0,0,0,0,"- ","- ",38.571918487548828,-121.54855346679688,YOLO,"WEST SACRAMENTO",-121.54863739013672,38.571922302246094
9388609,2021,2022-01-20,5701,2021-12-18,1445,226,3,6,5,5,5701,0,0,0,,0,001,"WEST COVELL BL","OAK AV",5.00,W,N,A,-,N,,,,,,,,,,N,4,0,1,2,A,-,03,22350,,N,C,C,A,A,H,-,A,A,0,,,,,Y,,D,22,0,0,1,0,0,0,0,0,0,"- ","- ",38.560848236083984,-121.75222015380859,YOLO,DAVIS,-121.75225830078125,38.560749053955078
9389788,2021,2022-01-14,5703,2021-12-09,1536,2339,53,4,5,4,5703,0,0,0,,0,004,"PIONEER AV","BRENNAN DR",9.00,E,N,A,-,N,,,,,,,,,,N,4,0,1,2,D,-,00,,,N,G,B,B,A,H,-,A,A,0,Y,,,,Y,,-,"- ",0,0,1,0,1,0,0,0,0,"- ","- ",38.664649963378906,-121.74224853515625,YOLO,WOODLAND,-121.7421875,38.664688110351562
9390089,2021,2022-01-21,5703,2021-12-25,1933,2145,26,6,5,4,5703,0,0,0,,0,002,"KENTUCKY AV","N COLLEGE ST",10.00,W,N,F,-,N,,,,,,,,,,N,4,0,1,2,A,-,12,21453,A,N,C,C,A,B,H,-,C,A,0,,,,,Y,Y,A,01,0,0,1,0,0,0,0,0,0,"- ","- ",38.691879272460938,-121.77458190917969,YOLO,WOODLAND,-121.77458190917969,38.691928863525391
9391153,2021,2022-01-19,5701,2021-12-18,2113,237,4,6,5,5,5701,0,0,0,,0,002,"2ND ST","G ST",0.00,,Y,A,-,N,,,,,,,,,,N,4,0,1,2,A,-,01,23152,A,N,C,E,A,A,H,-,C,D,0,,,,,Y,Y,A,01,0,0,1,0,0,0,0,0,0,"- ","- ",38.543628692626953,-121.73889923095703,YOLO,DAVIS,-121.7388916015625,38.543643951416016
9406369,2022,2022-02-23,5701,2022-02-06,1405,237,2,7,5,5,5701,0,0,0,,0,001,"RUSSELL BL","ORCHARD PARK DR",64.00,W,N,A,-,N,,,,,,,,,,N,3,0,2,3,A,-,03,22350,,N,C,C,A,A,H,-,A,D,0,,,,,Y,,A,07,0,1,1,0,0,0,0,0,0,"- ","- ",38.546428680419922,-121.76405334472656,YOLO,DAVIS,-121.76426696777344,38.546329498291016
9406796,2022,2022-03-24,5701,2022-02-19,1921,123,9,6,5,5,5701,0,0,0,,0,004,"MACE BL","RT 80",81.00,N,N,A,-,Y,YOL,3,80,-,-,2.475,R,4,W,N,4,0,1,2,A,-,03,22350,,N,C,C,A,A,H,-,C,A,0,,,,,Y,,A,01,0,0,1,0,0,0,0,0,0,"- ",WO,38.550331115722656,-121.69389343261719,YOLO,DAVIS,-121.69802093505859,38.552154541015625
9407107,2022,2022-04-18,5701,2022-03-01,1054,1064,DAVIS,2,5,5,5701,0,0,0,,0,UCD,"HUTCHINSON DR","RT 113",0.00,,Y,A,-,Y,YOL,3,113,-,R,0.224,R,4,N,N,3,0,1,2,A,-,21,22106,,N,D,G,A,A,H,-,A,D,0,,Y,,,Y,,D,22,0,1,0,0,0,0,1,0,0,"- ",NF,,,YOLO,DAVIS,-121.76837158203125,38.534076690673828
9408101,2022,2022-02-28,5703,2022-02-13,1936,2124,53,7,5,4,5703,0,0,0,,0,004,"PIONEER AV","BRANIGAN AV",72.00,S,N,A,-,N,,,,,,,,,,Y,4,0,1,2,A,-,01,23152,A,N,D,C,A,A,H,-,C,A,0,,,,,Y,Y,A,01,0,0,1,0,0,0,0,0,0,"- ","- ",38.664791107177734,-121.7421875,YOLO,WOODLAND,-121.74219512939453,38.664493560791016
9408563,2022,2022-03-01,5703,2022-01-30,0958,2070,21,7,5,4,5703,0,0,0,,0,001,"LEMEN AV","DONNELLY CIR",445.00,E,N,A,-,N,,,,,,,,,,Y,2,0,1,1,A,-,01,23152,A,N,F,A,A,A,H,-,A,D,0,,,,,Y,Y,A,07,1,0,0,0,0,0,0,0,0,"- ","- ",38.680370330810547,-121.75829315185547,YOLO,WOODLAND,-121.75946044921875,38.680377960205078
9408822,2022,2022-03-10,5704,2022-02-05,1848,06054,,6,5,4,5704,0,0,0,,0,,"MICHIGAN BL","CHAPARRAL WY",0.00,,Y,A,-,N,,,,,,,,,,,4,0,1,2,A,-,12,22450,A,N,D,C,A,A,H,-,C,A,0,,,,,Y,,A,01,0,0,1,0,0,0,0,0,0,"- ","- ",38.583671569824219,-121.53265380859375,YOLO,"WEST SACRAMENTO",-121.53272247314453,38.583683013916016
9408858,2022,2022-03-03,5704,2022-01-23,1258,06216,,7,5,4,5704,0,0,0,,0,002,HARBOR,"RT 50",0.00,,Y,A,-,N,,,,,,,,,,N,4,0,1,2,A,-,04,21703,,N,C,C,A,A,H,-,A,A,0,,,,,Y,,A,01,0,0,1,0,0,0,0,0,0,"- ",EO,38.572288513183594,-121.54859161376953,YOLO,"WEST SACRAMENTO",,
9409046,2022,2022-03-01,5704,2022-02-03,1110,06657,,4,5,4,5704,0,0,0,,0,003,"INDUSTRIAL BL","BEACON BL",15.00,S,N,A,-,N,,,,,,,,,,N,3,0,1,2,A,-,08,22107,,N,D,G,A,A,H,-,A,D,0,,Y,,,Y,,L,04,0,1,0,0,0,0,1,0,0,"- ","- ",38.572681427001953,-121.55445861816406,YOLO,"WEST SACRAMENTO",-121.55449676513672,38.572685241699219