CASE_ID,ACCIDENT_YEAR,PROC_DATE,JURIS,COLLISION_DATE,COLLISION_TIME,OFFICER_ID,REPORTING_DISTRICT,DAY_OF_WEEK,CHP_SHIFT,POPULATION,CNTY_CITY_LOC,SPECIAL_COND,BEAT_TYPE,CHP_BEAT_TYPE,CITY_DIVISION_LAPD,CHP_BEAT_CLASS,BEAT_NUMBER,PRIMARY_RD,SECONDARY_RD,DISTANCE,DIRECTION,INTERSECTION,WEATHER_1,WEATHER_2,STATE_HWY_IND,CALTRANS_COUNTY,CALTRANS_DISTRICT,STATE_ROUTE,ROUTE_SUFFIX,POSTMILE_PREFIX,POSTMILE,LOCATION_TYPE,RAMP_INTERSECTION,SIDE_OF_HWY,TOW_AWAY,COLLISION_SEVERITY,NUMBER_KILLED,NUMBER_INJURED,PARTY_COUNT,PRIMARY_COLL_FACTOR,PCF_CODE_OF_VIOL,PCF_VIOL_CATEGORY,PCF_VIOLATION,PCF_VIOL_SUBSECTION,HIT_AND_RUN,TYPE_OF_COLLISION,MVIW,PED_ACTION,ROAD_SURFACE,ROAD_COND_1,ROAD_COND_2,LIGHTING,CONTROL_DEVICE,CHP_ROAD_TYPE,PEDESTRIAN_ACCIDENT,BICYCLE_ACCIDENT,MOTORCYCLE_ACCIDENT,TRUCK_ACCIDENT,NOT_PRIVATE_PROPERTY,ALCOHOL_INVOLVED,STWD_VEHTYPE_AT_FAULT,CHP_VEHTYPE_AT_FAULT,COUNT_SEVERE_INJ,COUNT_VISIBLE_INJ,COUNT_COMPLAINT_PAIN,COUNT_PED_KILLED,COUNT_PED_INJURED,COUNT_BICYCLIST_KILLED,COUNT_BICYCLIST_INJURED,COUNT_MC_KILLED,COUNT_MC_INJURED,PRIMARY_RAMP,SECONDARY_RAMP,LATITUDE,LONGITUDE,COUNTY,CITY,POINT_X,POINT_Y
9438715,2022,2022-05-17,5703,2022-05-03,1022,2070,41,2,5,4,5703,0,0,0,,0,001,"EAST MAIN ST","RT 113",383.00,W,N,A,-,Y,YOL,3,113,-,R,10.079,R,4,N,,4,0,2,2,A,-,03,22350,,N,C,C,A,A,H,-,A,D,0,,,,,Y,,A,01,0,0,2,0,0,0,0,0,0,"- ",NO,36.677268981933594,-121.74952697753906,YOLO,WOODLAND,-121.75094604492188,38.674991607666016
9438978,2022,2022-05-18,5701,2022-04-27,1555,127,9,3,5,5,5701,0,0,0,,0,004,"MACE BL","N EL MACERO DR",31.00,S,N,A,-,N,,,,,,,,,,Y,2,0,1,2,A,-,03,22350,,F,C,C,A,A,H,-,A,A,0,,,,,Y,,D,22,1,0,0,0,0,0,0,0,0,"- ","- ",38.546749114990234,-121.69450378417969,YOLO,DAVIS,-121.69443511962891,38.546634674072266
9439025,2022,2022-05-26,5703,2022-05-07,1031,2832,22,6,5,4,5703,0,0,0,,0,001,"NORTH ST","1ST ST",0.00,,Y,A,-,N,,,,,,,,,,N,4,0,1,2,A,-,09,21802,A,N,D,C,A,A,H,-,A,A,0,,,,,Y,,D,22,0,0,1,0,0,0,0,0,0,"- ","- ",38.679931640625,-121.77313232421875,YOLO,WOODLAND,-121.77309417724609,38.679912567138672
94391938,2024,2024-09-12,9280,2024-09-06,"905 ",017963,,5,1,9,5700,0,1,3,,2,026,SR-45,"COUNTY ROAD 109A",2376.00,W,N,A,-,Y,YOL,,45," "," ",4.153,H,,R,Y,4,0,1,2,A,-,06,21750,A,N,B,C,A,A,H,-,A,D,0,,,,Y,Y,,D,22,0,0,1,0,0,0,0,0,0,"- ","- ",38.846111297607422,-121.76045989990234,YOLO,UNINCORPORATED,-121.76045989990234,38.846107482910156
94391952,2024,2024-09-12,9280,2024-09-08,2030,022326,,7,2,4,5704,0,1,2,,2,011,"US-50 W/B","HARBOR BOULEVARD",485.00,E,N,A,-,Y,YOL,,50," "," ",1.299,H,,L,Y,4,0,2,3,A,-,03,22350,,N,C,C,A,A,D,-,C,D,0,,,,,Y,,A,01,0,0,2,0,0,0,0,0,0,"- ","- ",38.575119018554688,-121.54691314697266,YOLO,"WEST SACRAMENTO",-121.54691314697266,38.575153350830078
9439235,2022,2022-05-31,5703,2022-05-05,0727,2070,33,4,5,4,5703,0,0,0,,0,004,"STETSON ST","BRIDLE LN",190.00,S,N,A,-,N,,,,,,,,,,N,4,0,1,2,A,-,05,21650,,N,A,C,A,A,H,-,A,D,0,,,,,Y,,A,01,0,0,1,0,0,0,0,0,0,"- ","- ",38.666828155517578,-121.75508117675781,YOLO,WOODLAND,-121.75508880615234,38.666297912597656
94392993,2024,2024-09-13,9280,2024-09-12,1720,023616,,4,2,5,5701,0,1,1,,2,010,"I-80 E/B","POLE LINE RD",210.00,W,N,A,-,Y,YOL,,80," "," ",0.843,H,,R,N,4,0,1,2,A,-,03,22350,,N,C,C,A,A,H,-,A,D,0,,,,,Y,,A,01,0,0,1,0,0,0,0,0,0,"- ","- ",38.545368194580078,-121.72689056396484,YOLO,DAVIS,-121.72690582275391,38.545406341552734
94393834,2024,2024-09-13,9280,2024-09-13,"820 ",018352,,5,1,9,5700,0,3,5,,2,002,"OLD RIVER RD","COUNTY ROAD 117",0.00,,Y,A,-,N,,,,,,,,,,Y,3,0,3,2,A,-,05,21460,A,N,B,C,A,A,H,-,A,D,0,,,,Y,Y,,A,01,0,1,2,0,0,0,0,0,0,"- ","- ",38.674419403076172,-121.63118743896484,YOLO,UNINCORPORATED,-121.63124847412109,38.67437744140625
94395798,2024,2024-09-16,9280,2024-09-08,2053,019775,,7,2,9,5700,0,1,1,,2,020,"INTERSTATE-5 N/B","COUNTY ROAD 102",5966.00,S,N,A,-,Y,YOL,,5," "," ",4.389,H,,R,N,4,0,1,3,A,-,03,22350,,N,C,C,A,A,H,-,D,D,0,,,,,Y,,A,01,0,0,1,0,0,0,0,0,0,"- ","- ",38.673809051513672,-121.70747375488281,YOLO,UNINCORPORATED,-121.70746612548828,38.673820495605469
94395838,2024,2024-09-16,9280,2024-09-09,2030,019775,,1,2,9,5700,0,2,4,,1,021,"COUNTY ROAD 102","COUNTY ROAD-27",670.00,N,N,A,-,N,,,,,,,,,,N,4,0,1,2,A,-,03,22350,,N,C,C,A,A,H,-,D,D,0,,,,,Y,,A,01,0,0,1,0,0,0,0,0,0,"- ","- ",38.621231079101562,-121.72972106933594,YOLO,UNINCORPORATED,-121.72966003417969,38.620700836181641
94395978,2024,2024-09-16,9280,2024-09-14,2140,022667,,6,2,9,5700,0,1,1,,2,010,"I-80 E/B","WEBSTER U/C",8976.00,E,N,A,-,Y,YOL,,80," "," ",7.496,H,,R,Y,4,0,2,2,A,-,03,22350,,N,C,C,A,A,D,E,D,D,0,,,,,Y,,A,07,0,0,2,0,0,0,0,0,0,"- ","- ",38.568958282470703,-121.60797882080078,YOLO,UNINCORPORATED,-121.60794830322266,38.568855285644531
9440105,2022,2022-06-17,5704,2022-04-04,1651,06225,,1,5,4,5704,0,0,0,,0,002,"HARBOR BL","INDUSTRIAL BL",50.00,N,N,A,-,N,,,,,,,,,,N,4,0,1,2,A,-,07,21658,A,N,B,C,A,A,H,-,A,A,0,,,,,Y,,A,01,0,0,1,0,0,0,0,0,0,"- ","- ",38.569488525390625,-121.54950714111328,YOLO,"WEST SACRAMENTO",-121.54944610595703,38.569576263427734
9440164,2022,2022-04-27,5704,2022-03-31,1908,06012,,4,5,4,5704,0,0,0,,0,001,"HOBSON AV","ARTHUR DR",186.00,E,N,-,-,N,,,,,,,,,,N,3,0,1,2,A,-,11,21954,A,N,G,B,D,A,H,-,A,D,0,Y,,,,Y,,N,60,0,1,0,0,1,0,0,0,0,"- ","- ",38.592708587646484,-121.52877807617188,YOLO,"WEST SACRAMENTO",-121.52818298339844,38.592708587646484
9440165,2022,2022-04-27,5704,2022-03-25,1750,06682,,5,5,4,5704,0,0,0,,0,002,"HARBOR BL","DULUTH ST",300.00,S,N,A,-,N,,,,,,,,,,N,3,0,1,2,A,-,08,22107,,F,D,G,A,A,H,-,A,D,0,,Y,,,Y,,L,04,0,1,0,0,0,0,1,0,0,"- ","- ",38.585018157958984,-121.54714965820312,YOLO,"WEST SACRAMENTO",-121.54740142822266,38.584186553955078
9440167,2022,2022-04-27,5704,2022-03-25,2232,06675,,5,5,4,5704,0,0,0,,0,002,"HARBOR BL","WEST CAPITOL AV",132.00,N,N,A,-,N,,,,,,,,,,N,4,0,1,1,A,-,08,22107,,N,E,I,A,A,H,-,C,D,0,,,,,Y,,A,01,0,0,1,0,0,0,0,0,0,"- ","- ",38.579261779785156,-121.54868316650391,YOLO,"WEST SACRAMENTO",-121.54894256591797,38.579605102539062
94404596,2024,2024-09-23,9280,2024-09-17,1235,016042,,2,1,9,5700,0,3,5,,2,002,"COUNTY ROAD 31","COUNTY ROAD 96",2640.00,E,N,A,-,N,,,,,,,,,,Y,3,0,1,1,A,-,08,22107,,N,E,I,A,A,H,-,A,D,0,,,,,Y,,A,07,0,1,0,0,0,0,0,0,0,"- ","- ",38.561531066894531,-121.84967041015625,YOLO,UNINCORPORATED,-121.83111572265625,38.561557769775391
94404605,2024,2024-09-23,9280,2024-09-19,1500,017963,,4,2,9,5700,0,1,1,,2,302,"S/B DUNNIGAN REST AREA","I-5 S/B",80.00,W,N,A,-,Y,YOL,,5," ",R,26.296,H,,L,N,4,0,1,2,B,-,22,,,N,C,C,A,A,H,-,A,D,0,,,,,Y,,D,22,0,0,1,0,0,0,0,0,0,"- ","- ",38.891498565673828,-121.97869110107422,YOLO,UNINCORPORATED,-121.97837066650391,38.891593933105469
9440487,2022,2022-05-05,5701,2022-04-11,1836,242,7,1,5,5,5701,0,0,0,,0,003,"MACE BL","ALHAMBRA DR",48.00,N,N,A,-,N,,,,,,,,,,Y,4,0,1,2,A,-,03,22350,,N,B,C,A,A,H,-,A,D,0,,,,,Y,,A,01,0,0,1,0,0,0,0,0,0,"- ","- ",38.558841705322266,-121.69406127929688,YOLO,DAVIS,-121.69419860839844,38.5589599609375
9440488,2022,2022-05-05,5701,2022-04-12,0743,240,4,2,5,5,5701,0,0,0,,0,002,"B ST","E 8TH ST",0.00,,Y,A,-,N,,,,,,,,,,Y,3,0,1,2,A,-,12,21453,A,N,D,C,A,A,H,-,A,A,0,,,,,Y,,A,07,0,1,0,0,0,0,0,0,0,"- ","- ",38.550678253173828,-121.74635314941406,YOLO,DAVIS,-121.74636077880859,38.550670623779297
94406707,2024,2024-09-27,9280,2024-09-23,1410,016144,,1,2,4,5704,0,1,1,,2,010,"I-80 E/B","ENTERPRISE BLVD",200.00,W,N,A,-,Y,YOL,,80," "," ",9.065,H,,R,N,4,0,2,3,A,-,03,22350,,M,C,C,A,A,H,-,A,D,0,,,,,Y,,-,99,0,0,2,0,0,0,0,0,0,"- ","- ",38.573768615722656,-121.57974243164062,YOLO,"WEST SACRAMENTO",-121.57975769042969,38.573837280273438
94409665,2024,2024-09-26,9280,2024-09-14,1148,017963,,6,1,9,5700,0,3,5,,2,003,"COUNTY ROAD 99W","COUNTY ROAD 12A",0.00,,Y,A,-,N,,,,,,,,,,Y,3,0,2,2,A,-,12,22450,A,N,D,C,A,A,H,-,A,A,0,,,,,Y,,A,01,0,1,1,0,0,0,0,0,0,"- ","- ",38.808879852294922,-121.89263916015625,YOLO,UNINCORPORATED,-121.89258575439453,38.808837890625
94409725,2024,2024-09-26,9280,2024-09-17,"205 ",019775,,2,3,4,5704,0,1,2,,2,011,"US-50 WB TO S. RIVER ROAD","S. RIVER ROAD",684.00,W,N,A,-,Y,,,,,,,,,,N,4,0,1,1,A,-,01,23152,A,N,E,I,A,A,H,-,D,D,0,,,,,Y,Y,A,01,0,0,1,0,0,0,0,0,0,"- ","- ",38.575969696044922,-121.5201416015625,YOLO,"WEST SACRAMENTO",-121.52028656005859,38.575412750244141
94413221,2024,2024-09-30,9280,2024-09-18,2124,022445,,3,2,9,5700,0,1,1,,2,031,"I-505 S/B","COUNTY ROAD 12A",792.00,N,N,A,-,N,,,,,,,,,,N,4,0,1,1,A,-,03,22350,,N,E,H,A,A,H,-,C,D,0,,,,,Y,,A,07,0,0,1,0,0,0,0,0,0,"- ","- ",38.819561004638672,-121.93894958496094,YOLO,UNINCORPORATED,-121.93920135498047,38.814937591552734
94413297,2024,2024-09-30,9280,2024-09-22,1800,019775,,7,2,9,5700,0,3,5,,2,002,"RT 16","COUNTY ROAD 20",210.00,S,N,A,-,Y,YOL,,16," ",R,41.427,H,,R,Y,4,0,1,1,A,-,08,22107,,N,E,I,A,A,H,-,A,D,0,,,,,Y,Y,A,07,0,0,1,0,0,0,0,0,0,"- ","- ",38.690299987792969,-121.80259704589844,YOLO,UNINCORPORATED,-121.802490234375,38.690299987792969
94414838,2024,2024-10-01,9280,2024-09-28,1217,017963,,6,1,9,5700,0,2,4,,2,025,"COUNTY ROAD 27","COUNTY ROAD 98",0.00,,Y,A,-,N,,,,,,,,,,Y,4,0,1,2,A,-,12,22450,A,N,D,C,A,A,H,-,A,A,0,,,,,Y,,D,22,0,0,1,0,0,0,0,0,0,"- ","- ",38.619590759277344,-121.80293273925781,YOLO,UNINCORPORATED,-121.80288696289062,38.619621276855469
94416448,2024,2024-10-02,9280,2024-09-26,"830 ",018874,,4,1,4,5704,0,1,2,,2,011,"US-50 W/B","HARBOR BLVD",750.00,E,N,A,-,Y,YOL,,50," "," ",1.360,H,,L,Y,3,0,1,3,A,-,03,22350,,N,C,C,A,A,D,-,A,D,0,,,,,Y,,A,01,0,1,0,0,0,0,0,0,0,"- ","- ",38.575080871582031,-121.5457763671875,YOLO,"WEST SACRAMENTO",-121.5457763671875,38.575145721435547
9441729,2022,2022-05-18,5703,2022-04-29,0949,2891,51,5,5,4,5703,0,0,0,,0,001,"EAST MAIN ST","YOLO POLO PLZ",374.00,E,N,A,-,N,,,,,,,,,,N,4,0,2,2,A,-,09,21804,A,N,D,C,A,A,H,-,A,D,0,,,,,Y,,B,07,0,0,2,0,0,0,0,0,0,"- ","- ",38.677169799804688,-121.73951721191406,YOLO,WOODLAND,,
94419511,2024,2024-10-04,9280,2024-09-27,"245 ",021510,,5,3,5,5701,0,1,1,,2,010,"I-80 W/B","POLE LINE ROAD",3696.00,E,N,A,-,Y,YOL,,80," "," ",1.442,H,,L,Y,3,0,2,2,A,-,08,22107,,N,C,2,A,B,H,-,D,D,0,,,,Y,Y,,A,01,0,1,1,0,0,0,0,0,0,"- ","- ",38.548141479492188,-121.71642303466797,YOLO,DAVIS,-121.71640777587891,38.548114776611328
94419527,2024,2024-10-04,9280,2024-10-02,"600 ",017874,,3,1,9,5700,0,3,5,,2,002,"COUNTY ROAD 25A","EAST ST",2000.00,W,N,A,-,N,,,,,,,,,,Y,3,0,1,2,D,-,00,,,N,C,C,A,A,H,-,D,D,0,,,,,Y,,-,"- ",0,1,0,0,0,0,0,0,0,"- ","- ",38.641159057617188,-121.77400207519531,YOLO,UNINCORPORATED,-121.77313995361328,38.641132354736328
94419672,2024,2024-10-04,9280,2024-10-03,1318,018352,,4,1,9,5700,0,1,1,,2,010,"I-80 W/B","WEBSTER ST",10560.00,E,N,A,-,Y,YOL,,80," "," ",7.756,H,,L,N,4,0,1,2,A,-,03,22350,,N,C,C,A,A,D,-,A,D,0,,,,,Y,,A,07,0,0,1,0,0,0,0,0,0,"- ","- ",38.569808959960938,-121.60328674316406,YOLO,UNINCORPORATED,-121.60330200195312,38.569843292236328
9441990,2022,2022-06-02,5703,2022-04-30,1207,2891,53,6,5,4,5703,0,0,0,,0,004,"POWERS CIR","AMMONS ST",138.00,S,N,A,-,N,,,,,,,,,,,3,0,1,1,A,-,21,22106,,N,H,A,A,A,H,-,A,D,0,,,,,Y,,A,01,0,1,0,0,0,0,0,0,0,"- ","- ",38.664241790771484,-121.74620819091797,YOLO,WOODLAND,-121.74630737304688,38.663753509521484
9442120,2022,2022-05-17,5703,2022-04-23,1314,2891,12,6,5,4,5703,0,0,0,,0,003,"5TH ST","PENDEGAST ST",0.00,,Y,A,-,N,,,,,,,,,,N,3,0,1,1,A,-,08,22107,,N,F,A,A,A,H,-,A,A,0,,,Y,,Y,,C,02,0,1,0,0,0,0,0,0,1,"- ","- ",,,YOLO,WOODLAND,-121.76839447021484,38.670139312744141
9442143,2022,2022-05-25,5704,2022-04-12,1335,00165,,2,5,4,5704,0,0,0,,0,002,"RT 50","HARBOR BL",0.00,,Y,A,-,Y,YOL,3,50,-,-,1.202,R,1,W,N,4,0,1,2,A,-,04,21703,,N,C,C,A,A,H,-,A,A,0,,,Y,,Y,,A,07,0,0,1,0,0,0,0,0,1,WF,"- ",38.576290130615234,-121.54871368408203,YOLO,"WEST SACRAMENTO",-121.5487060546875,38.575160980224609
94421995,2024,2024-10-07,9280,2024-09-27,2234,022445,,5,3,9,5700,0,1,1,,2,020,"I-5 S/B","COUNTY ROAD 22 OFFRAMP",50.00,S,N,A,-,N,,,,,,,,,,N,4,0,1,3,A,-,03,22350,,N,C,C,A,A,H,-,C,D,0,,,,Y,Y,,F,26,0,0,1,0,0,0,0,0,0,"- ","- ",38.673191070556641,-121.64025115966797,YOLO,UNINCORPORATED,,
94424404,2024,2024-10-09,9280,2024-10-08,1447,016144,,2,2,9,5700,0,1,3,,2,034,SR-16,"WILDWING DR",600.00,W,N,A,-,Y,YOL,,16," "," ",35.781,H,,R,Y,4,0,1,1,A,-,08,22107,,N,E,I,A,A,H,-,A,D,0,,,,,Y,,A,01,0,0,1,0,0,0,0,0,0,"- ","- ",38.670429229736328,-121.88742828369141,YOLO,UNINCORPORATED,-121.88743591308594,38.670402526855469
94426280,2024,2024-10-10,9280,2024-10-08,"242 ",021248,,2,3,9,5700,0,3,5,,2,001,"SOUTH RIVER RD","COURTLAND RD",15.00,S,N,A,-,N,,,,,,,,,,Y,3,0,1,1,A,-,08,22107,,N,E,I,A,A,H,-,A,A,0,,,,Y,Y,,G,26,0,1,0,0,0,0,0,0,0,"- ","- ",38.334560394287109,-121.56999969482422,YOLO,UNINCORPORATED,-121.56995391845703,38.334651947021484
94426441,2024,2024-10-10,9280,2024-10-04,"734 ",024073,,5,1,9,5700,0,1,3,,2,034,"STATE ROUTE 16","INTERSTATE 505",5280.00,E,N,A,-,Y,YOL,,16," "," ",34.103,H,,R,N,3,0,3,3,A,-,03,22350,,N,C,C,A,A,H,-,A,D,0,,,,,Y,,A,01,0,1,2,0,0,0,0,0,0,"- ","- ",38.674701690673828,-121.91799926757812,YOLO,UNINCORPORATED,-121.91799163818359,38.674720764160156
94429764,2024,2024-10-14,9280,2024-09-29,"241 ",022215,,7,3,4,5704,0,1,1,,2,010,"INTERSTATE 80 EASTBOUND","REED AVENUE",5597.00,W,N,A,-,Y,YOL,,80," ",R,10.163,H,,R,Y,2,0,1,1,A,-,08,22107,,N,E,8,A,A,D,-,D,D,0,,,Y,,Y,,C,02,1,0,0,0,0,0,0,0,1,"- ","- ",38.57830810546875,-121.56127166748047,YOLO,"WEST SACRAMENTO",-121.56124114990234,38.578300476074219
94435215,2024,2024-10-17,9280,2024-10-04,1205,024073,,5,1,4,5704,0,1,2,,2,011,"US-50 W/B","JEFFERSON BLVD",2640.00,W,N,A,-,Y,YOL,,50," "," ",2.135,H,,L,Y,3,0,1,4,A,-,07,21658,A,N,C,C,A,A,D,-,A,D,0,,,,Y,Y,,G,25,0,1,0,0,0,0,0,0,0,"- ","- ",38.575901031494141,-121.53160095214844,YOLO,"WEST SACRAMENTO",-121.5316162109375,38.575939178466797
94435222,2024,2024-10-17,9280,2024-10-07,1850,019775,,1,2,4,5703,0,1,3,,2,022,"SR-113 S/B TO E MAIN STREET","MAIN STREET",739.00,S,N,A,-,Y,YOL,,113," ",R,10.080,H,,L,Y,2,0,1,1,A,-,01,23152,A,N,F,A,A,A,H,-,A,D,0,,,,,Y,Y,A,07,1,0,0,0,0,0,0,0,0,"- ","- ",38.675010681152344,-121.75151062011719,YOLO,WOODLAND,-121.75121307373047,38.675006866455078
94436355,2024,2024-10-18,9280,2024-09-29,"240 ",023278,,7,3,4,5704,0,1,2,,2,011,"US-50 WB","HARBOR BLVD",46.69,E,N,A,-,Y,YOL,,50," "," ",1.231,H,,L,N,4,0,1,2,A,-,03,22350,,N,C,C,A,A,H,-,C,D,0,,,Y,,Y,Y,C,02,0,0,1,0,0,0,0,0,1,"- ","- ",38.575191497802734,-121.54815673828125,YOLO,"WEST SACRAMENTO",-121.54815673828125,38.575160980224609
94440959,2024,2024-10-22,9280,2024-10-18,1535,017963,,5,2,9,5700,0,3,5,,2,003,"COUNTY ROAD 89","COUNTY ROAD 23",0.00,,Y,A,-,N,,,,,,,,,,Y,4,0,3,2,A,-,09,21801,A,N,A,C,A,A,H,-,A,D,0,,,,,Y,,A,01,0,0,3,0,0,0,0,0,0,"- ","- ",38.663860321044922,-121.97090148925781,YOLO,UNINCORPORATED,-121.97084808349609,38.663875579833984
94441864,2024,2024-10-23,9280,2024-10-21,1950,019094,,1,2,9,5700,0,1,1,,2,020,"I-5 NB","OLD RIVER RD U/C",8026.00,N,N,A,-,Y,YOL,,5," "," ",1.689,H,,R,Y,3,0,2,3,A,-,03,22350,,N,C,C,A,A,H,-,D,D,0,,,,,Y,,A,01,0,2,0,0,0,0,0,0,0,"- ","- ",38.673618316650391,-121.65756988525391,YOLO,UNINCORPORATED,-121.65756988525391,38.673568725585938
94443956,2024,2024-10-24,9280,2024-10-20,1730,016114,,7,2,4,5704,0,1,2,,2,011,"US-50 W/B","HARBOR BLVD",2640.00,W,N,A,-,Y,YOL,,50," "," ",0.674,H,,L,Y,4,0,8,2,A,-,03,22350,,N,C,C,A,A,H,-,A,D,0,,,,,Y,,A,01,0,0,8,0,0,0,0,0,0,"- ","- ",38.575351715087891,-121.55850982666016,YOLO,"WEST SACRAMENTO",-121.55850982666016,38.575313568115234
94447310,2024,2024-10-28,9280,2024-10-22,"555 ",016144,,2,3,9,5700,0,1,1,,2,010,"I-80 W/B","COUTY ROAD 32A",200.00,W,N,A,-,Y,YOL,,80," "," ",5.623,H,,L,Y,4,0,1,6,A,-,03,22350,,N,C,C,A,A,D,-,D,D,0,,,,,Y,,A,01,0,0,1,0,0,0,0,0,0,"- ","- ",38.562961578369141,-121.64169311523438,YOLO,UNINCORPORATED,-121.64170074462891,38.562999725341797
9444751,2022,2022-05-23,5701,2022-05-04,1617,241,3,3,5,5,5701,0,0,0,,0,001,"RUSSELL BL","OAK AV",11.00,W,N,A,-,N,,,,,,,,,,N,3,0,1,2,A,-,03,22350,,N,C,C,A,A,H,-,A,A,0,,,Y,,Y,,C,02,0,1,0,0,0,0,0,0,1,"- ","- ",38.546180725097656,-121.75279998779297,YOLO,DAVIS,-121.75283813476562,38.546188354492188
94449496,2024,2024-10-29,9280,2024-10-27,1610,016144,,7,2,9,5700,0,1,1,,2,010,"I-80 W/B","MACE BLVD",2640.00,E,N,A,-,Y,YOL,,80," "," ",3.136,H,,L,Y,4,0,1,2,A,-,08,22107,,N,E,8,A,A,H,-,A,D,0,,,,,Y,,A,07,0,0,1,0,0,0,0,0,0,"- ","- ",38.55474853515625,-121.68631744384766,YOLO,UNINCORPORATED,-121.68637847900391,38.554908752441406
94449826,2024,2024-10-29,9280,2024-09-29,"250 ",022445,,7,3,4,5704,0,1,1,,2,010,"US-50 WESTBOUND","HARBOR BLVD O/C",13.00,E,N,A,-,N,,,,,,,,,,N,1,1,0,3,C,-,18,,,N,G,1,E,A,C,-,C,D,0,Y,,,,Y,,-,"- ",0,0,0,1,0,0,0,0,0,"- ","- ",38.575328826904297,-121.54837799072266,YOLO,"WEST SACRAMENTO",-121.54914093017578,38.575149536132812
94452250,2024,2024-10-31,9280,2024-09-16,"240 ",016042,,1,3,4,5703,0,1,1,,2,020,"I-5 N/B","EAST ST",3168.00,S,N,A,-,Y,YOL,,5," ",R,7.718,H,,R,Y,3,0,1,1,A,-,08,22107,,M,E,I,A,A,H,-,C,D,0,,,,,Y,,A,01,0,1,0,0,0,0,0,0,0,"- ","- ",38.692131042480469,-121.75656890869141,YOLO,WOODLAND,-121.75664520263672,38.692081451416016
9445511,2022,2022-06-13,5703,2022-05-06,0712,2865,25,5,5,4,5703,0,0,0,,0,001,"N EAST ST","RT 5",0.00,,Y,A,-,Y,YOL,3,113,-,-,11.526,I,5,N,Y,2,0,1,1,A,-,08,22101,D,N,E,I,A,A,H,-,A,A,0,,,,,Y,Y,A,07,1,0,0,0,0,0,0,0,0,"- ",NF,38.697978973388672,-121.76526641845703,YOLO,WOODLAND,-121.76522064208984,38.697834014892578
94457366,2024,2024-11-04,9280,2024-09-27,2205,022215,,5,3,9,5700,0,1,1,,2,020,"I-5 S/B","SACRAMENTO COUNTY LINE",929.00,N,N,A,-,Y,YOL,,5," "," ",0.167,H,,L,Y,3,0,1,2,A,-,03,22350,,F,C,C,A,A,H,-,D,D,0,,,,,Y,,-,99,0,1,0,0,0,0,0,0,0,"- ","- ",38.673168182373047,-121.62906646728516,YOLO,UNINCORPORATED,-121.62906646728516,38.67315673828125
94457624,2024,2024-11-04,9280,2024-10-31,1415,017983,,4,2,4,5704,0,1,1,,2,010,"I-80 W/B","ENTERPRISE BLVD",144.00,W,N,A,-,Y,YOL,,80," "," ",9.164,H,,L,N,4,0,1,2,A,-,03,22350,,N,C,C,A,A,D,-,A,D,0,,,,,Y,,A,01,0,0,1,0,0,0,0,0,0,"- ","- ",38.5743408203125,-121.57794189453125,YOLO,"WEST SACRAMENTO",-121.57793426513672,38.574321746826172
94460138,2024,2024-11-06,9280,2024-10-23,1036,015128,,3,1,4,5703,0,1,1,,2,020,"I-5 N/B","EAST ST",412.00,N,N,A,-,Y,YOL,,5," ",R,8.357,H,,R,Y,2,0,2,2,A,-,03,22350,,N,C,C,A,A,D,-,A,A,0,,,,Y,Y,,A,07,1,1,0,0,0,0,0,0,0,"- ","- ",38.697029113769531,-121.7667236328125,YOLO,WOODLAND,-121.76671600341797,38.697036743164062
94460527,2024,2024-11-06,9280,2024-10-28,2040,021248,,1,2,9,5700,0,3,5,,2,001,"COUNTY ROAD 32A","I-80 W/B OFF-RAMP TO CR 32A",73.00,E,N,A,-,N,,,,,,,,,,N,3,0,1,2,A,-,09,21802,A,N,C,C,A,A,H,-,C,A,0,,,,,Y,Y,A,01,0,1,0,0,0,0,0,0,0,"- ","- ",38.564689636230469,-121.64227294921875,YOLO,UNINCORPORATED,-121.63861083984375,38.563510894775391
94465797,2024,2024-11-12,9280,2024-10-25,"20  ",023616,,5,3,9,5700,0,1,1,,2,010,"I-80 W/B","ENTERPRISE BLVD",4224.00,W,N,A,-,Y,YOL,,80," "," ",8.378,H,,L,Y,2,0,1,2,A,-,01,23152,A,N,C,C,A,A,D,-,D,D,0,,,,Y,Y,Y,A,01,1,0,0,0,0,0,0,0,0,"- ","- ",38.571849822998047,-121.59205627441406,YOLO,UNINCORPORATED,-121.59206390380859,38.571853637695312
94466275,2024,2024-11-12,9280,2024-10-21,1120,016042,,1,1,9,5700,0,1,1,,2,030,"I- 5 S/B","COUNTY ROAD 13",2640.00,S,N,A,-,Y,YOL,,5," ",R,17.028,H,,L,Y,3,0,2,1,A,-,01,23152,F,N,F,0,A,A,H,-,A,D,0,,,,,Y,,A,07,0,2,0,0,0,0,0,0,0,"- ","- ",38.788169860839844,-121.87185668945312,YOLO,UNINCORPORATED,-121.87187957763672,38.788154602050781